ID,prompt,response,order,rating,openness,visual_arts,music,dance,architecture,writing,humor,inventions,Scientific discovery,theater_film,culinary_arts,CAQTotal
1,Tin cans,إعادة تدوير,1,1,40,3,0,0,0,0,3,0,0,0,1,7
1,Tin cans,ديكور,2,3,40,3,0,0,0,0,3,0,0,0,1,7
1,Tin cans,خلفية,3,4,40,3,0,0,0,0,3,0,0,0,1,7
1,Tin cans,مجسمات,4,4,40,3,0,0,0,0,3,0,0,0,1,7
1,Tin cans,لعب للأطفال,5,4,40,3,0,0,0,0,3,0,0,0,1,7
1,Tin cans,وضع الشمع داخلها,6,4,40,3,0,0,0,0,3,0,0,0,1,7
1,Tin cans,الزراعة,7,1,40,3,0,0,0,0,3,0,0,0,1,7
2,Tin cans,إعادة تدوير,1,1,43,3,0,5,0,0,1,3,1,0,1,14
2,Tin cans,إطارات السيارات,2,4,43,3,0,5,0,0,1,3,1,0,1,14
2,Tin cans,الأقنعة المعدنية,3,5,43,3,0,5,0,0,1,3,1,0,1,14
2,Tin cans,اللوحات الفنية,4,4,43,3,0,5,0,0,1,3,1,0,1,14
3,Tin cans,حصالة أموال,1,1,34,1,0,0,0,0,1,0,0,0,1,3
3,Tin cans,يضع بها أوراق وأشياء,2,2,34,1,0,0,0,0,1,0,0,0,1,3
3,Tin cans,عائق,3,4,34,1,0,0,0,0,1,0,0,0,1,3
3,Tin cans,الزراعة,4,1,34,1,0,0,0,0,1,0,0,0,1,3
3,Tin cans,سلة قمامة,5,3,34,1,0,0,0,0,1,0,0,0,1,3
3,Tin cans,علبة مناديل,6,3,34,1,0,0,0,0,1,0,0,0,1,3
3,Tin cans,يضع بها الأحذية,7,4,34,1,0,0,0,0,1,0,0,0,1,3
4,Tin cans,تخزين الطعام,1,2,39,2,1,0,0,0,0,0,0,0,1,4
4,Tin cans,صنع لوحة تشكيلية,2,5,39,2,1,0,0,0,0,0,0,0,1,4
4,Tin cans,أشكال هندسية,3,4,39,2,1,0,0,0,0,0,0,0,1,4
4,Tin cans,علبة لحفظ الأقلام,4,2,39,2,1,0,0,0,0,0,0,0,1,4
4,Tin cans,إكسسوارات,5,4,39,2,1,0,0,0,0,0,0,0,1,4
4,Tin cans,الزينة,6,3,39,2,1,0,0,0,0,0,0,0,1,4
5,Tin cans,مزهرية,1,2,41,10,0,0,0,0,6,1,1,5,1,24
5,Tin cans,صندوق,2,3,41,10,0,0,0,0,6,1,1,5,1,24
5,Tin cans,دلو لتخزين المياة,3,2,41,10,0,0,0,0,6,1,1,5,1,24
5,Tin cans,حصالة,4,1,41,10,0,0,0,0,6,1,1,5,1,24
5,Tin cans,مقلمة أقلام,5,2,41,10,0,0,0,0,6,1,1,5,1,24
6,Tin cans,أشكال (دوائر ومربعات),1,4,38,0,1,0,0,0,0,0,0,0,1,2
6,Tin cans,تلوين العلب و زخرفتها,2,2,38,0,1,0,0,0,0,0,0,0,1,2
6,Tin cans,الموسيقي,3,4,38,0,1,0,0,0,0,0,0,0,1,2
6,Tin cans,إعادة تدوير,4,1,38,0,1,0,0,0,0,0,0,0,1,2
6,Tin cans,تكوين ورد,5,4,38,0,1,0,0,0,0,0,0,0,1,2
6,Tin cans,فازة,6,3,38,0,1,0,0,0,0,0,0,0,1,2
7,Tin cans,إناء للزراعة,1,1,40,1,1,0,0,0,0,0,0,0,1,3
7,Tin cans,مقلمة,2,2,40,1,1,0,0,0,0,0,0,0,1,3
7,Tin cans,صورة بالعلب,3,4,40,1,1,0,0,0,0,0,0,0,1,3
7,Tin cans,فازة,4,3,40,1,1,0,0,0,0,0,0,0,1,3
7,Tin cans,عمل كرسي,5,3,40,1,1,0,0,0,0,0,0,0,1,3
7,Tin cans,إعادة تدوير,6,1,40,1,1,0,0,0,0,0,0,0,1,3
7,Tin cans,أشكال هندسية,7,4,40,1,1,0,0,0,0,0,0,0,1,3
7,Tin cans,الزينة,8,3,40,1,1,0,0,0,0,0,0,0,1,3
7,Tin cans,بيت للحيوانات الأليفة,9,4,40,1,1,0,0,0,0,0,0,0,1,3
7,Tin cans,شنطة,10,4,40,1,1,0,0,0,0,0,0,0,1,3
8,Tin cans,صنع أقلام,1,4,32,0,0,0,7,0,4,1,7,0,0,19
8,Tin cans,زجاجة مياه,2,2,32,0,0,0,7,0,4,1,7,0,0,19
8,Tin cans,أطباق للأكل وحلة,3,3,32,0,0,0,7,0,4,1,7,0,0,19
8,Tin cans,أدوات كالمقلمة,4,3,32,0,0,0,7,0,4,1,7,0,0,19
8,Tin cans,سلك مواعين,5,4,32,0,0,0,7,0,4,1,7,0,0,19
8,Tin cans,أسلاك كهرباء,6,5,32,0,0,0,7,0,4,1,7,0,0,19
8,Tin cans,حنفيات مياه,7,5,32,0,0,0,7,0,4,1,7,0,0,19
8,Tin cans,أجهزة كهربائية,8,3,32,0,0,0,7,0,4,1,7,0,0,19
8,Tin cans,تصليح حاجات,9,2,32,0,0,0,7,0,4,1,7,0,0,19
9,Tin cans,إعادة تدوير,1,1,41,0,1,0,0,0,1,0,0,0,1,3
9,Tin cans,اللعب,2,3,41,0,1,0,0,0,1,0,0,0,1,3
9,Tin cans,نضع فيها أشياء,3,2,41,0,1,0,0,0,1,0,0,0,1,3
9,Tin cans,حافظة أقلام,4,2,41,0,1,0,0,0,1,0,0,0,1,3
9,Tin cans,الزراعة,5,1,41,0,1,0,0,0,1,0,0,0,1,3
10,Tin cans,علبة علي شكل مرجيحة,1,5,44,0,0,0,0,0,0,0,0,1,1,2
10,Tin cans,تخزين الفاكهة,2,2,44,0,0,0,0,0,0,0,0,1,1,2
10,Tin cans,عمل كرسي,3,3,44,0,0,0,0,0,0,0,0,1,1,2
10,Tin cans,حصالة,4,1,44,0,0,0,0,0,0,0,0,1,1,2
11,Tin cans,إعادة تدوير,1,1,39,NA,NA,NA,NA,NA,NA,NA,NA,NA,NA,NA
11,Tin cans,صنع أدوات كالمسامير,2,3,39,NA,NA,NA,NA,NA,NA,NA,NA,NA,NA,NA
11,Tin cans,حصالة,3,2,39,NA,NA,NA,NA,NA,NA,NA,NA,NA,NA,NA
11,Tin cans,علبة شاحن,4,3,39,NA,NA,NA,NA,NA,NA,NA,NA,NA,NA,NA
11,Tin cans,شاحن,5,5,39,NA,NA,NA,NA,NA,NA,NA,NA,NA,NA,NA
12,Tin cans,حافظة للمال,1,1,42,3,1,0,0,0,0,0,0,0,0,4
12,Tin cans,علبة لمحتويات الدراسة,2,2,42,3,1,0,0,0,0,0,0,0,0,4
12,Tin cans,الزينة,3,3,42,3,1,0,0,0,0,0,0,0,0,4
12,Tin cans,سكين للبيتزا,4,4,42,3,1,0,0,0,0,0,0,0,0,4
12,Tin cans,صنع خواتم,5,4,42,3,1,0,0,0,0,0,0,0,0,4
12,Tin cans,براية أقلام,6,5,42,3,1,0,0,0,0,0,0,0,0,4
12,Tin cans,صفيحة أسفل حلة الطعام,7,4,42,3,1,0,0,0,0,0,0,0,0,4
13,Tin cans,إعادة تدوير,1,1,38,0,4,0,0,0,0,0,0,0,0,4
13,Tin cans,صنع مشاريع,2,4,38,0,4,0,0,0,0,0,0,0,0,4
13,Tin cans,تخزين الطعام,3,2,38,0,4,0,0,0,0,0,0,0,0,4
13,Tin cans,بيوت للحيوانات,4,4,38,0,4,0,0,0,0,0,0,0,0,4
13,Tin cans,إبتكار أشكال,5,3,38,0,4,0,0,0,0,0,0,0,0,4
13,Tin cans,لعب للأطفال,6,4,38,0,4,0,0,0,0,0,0,0,0,4
13,Tin cans,وسيلة توصيل,7,4,38,0,4,0,0,0,0,0,0,0,0,4
14,Tin cans,صناعة أشكال,1,3,NA,2,0,0,0,1,0,1,0,0,1,5
14,Tin cans,سلاح للدفاع عن النفس,2,4,NA,2,0,0,0,1,0,1,0,0,1,5
14,Tin cans,ألعاب,3,4,NA,2,0,0,0,1,0,1,0,0,1,5
14,Tin cans,التخزين,4,2,NA,2,0,0,0,1,0,1,0,0,1,5
14,Tin cans,حصالة,5,1,NA,2,0,0,0,1,0,1,0,0,1,5
14,Tin cans,تقطيع الأشياء,6,4,NA,2,0,0,0,1,0,1,0,0,1,5
14,Tin cans,بدلة للحروب في القتال,7,5,NA,2,0,0,0,1,0,1,0,0,1,5
15,Tin cans,أشكال هندسية,1,5,38,0,0,0,0,0,10,0,7,0,1,18
15,Tin cans,عمل أطباق,2,3,38,0,0,0,0,0,10,0,7,0,1,18
15,Tin cans,يقدم فيها المأكولات,3,3,38,0,0,0,0,0,10,0,7,0,1,18
15,Tin cans,عمل تمثال,4,4,38,0,0,0,0,0,10,0,7,0,1,18
15,Tin cans,مشاريع توعية الأطفال,5,3,38,0,0,0,0,0,10,0,7,0,1,18
15,Tin cans,بيوت للحيوانات,6,3,38,0,0,0,0,0,10,0,7,0,1,18
15,Tin cans,عدم رميها في المخلفات,7,3,38,0,0,0,0,0,10,0,7,0,1,18
15,Tin cans,عمل إنسان آلي,8,3,38,0,0,0,0,0,10,0,7,0,1,18
15,Tin cans,إعادة تدوير السيارات,9,4,38,0,0,0,0,0,10,0,7,0,1,18
15,Tin cans,العملات المعدنية,10,3,38,0,0,0,0,0,10,0,7,0,1,18
16,Tin cans,مقلمة أقلام,1,3,41,NA,NA,NA,NA,NA,NA,NA,NA,NA,NA,NA
16,Tin cans,زهرية للورود,2,3,41,NA,NA,NA,NA,NA,NA,NA,NA,NA,NA,NA
16,Tin cans,التزين,3,3,41,NA,NA,NA,NA,NA,NA,NA,NA,NA,NA,NA
16,Tin cans,مجسم,4,3,41,NA,NA,NA,NA,NA,NA,NA,NA,NA,NA,NA
16,Tin cans,إعادة تدوير,5,4,41,NA,NA,NA,NA,NA,NA,NA,NA,NA,NA,NA
16,Tin cans,جذامة للأحذية,6,3,41,NA,NA,NA,NA,NA,NA,NA,NA,NA,NA,NA
17,Tin cans,عمل يدوي,1,3,42,0,0,0,0,0,6,0,1,0,0,7
17,Tin cans,عمل الحاجات المعلقة,2,3,42,0,0,0,0,0,6,0,1,0,0,7
17,Tin cans,عمل بيوت للطيور,3,3,42,0,0,0,0,0,6,0,1,0,0,7
17,Tin cans,إعادة تدوير,4,1,42,0,0,0,0,0,6,0,1,0,0,7
17,Tin cans,عمل الأثاث في المنزل كنجفة,5,3,42,0,0,0,0,0,6,0,1,0,0,7
17,Tin cans,مصادرتها للأسواق مره أحري,6,1,42,0,0,0,0,0,6,0,1,0,0,7
17,Tin cans,الوصول لمادة كيميائية  للحفاظ عليها,7,4,42,0,0,0,0,0,6,0,1,0,0,7
17,Tin cans,الوصلات الكهربائية,8,4,42,0,0,0,0,0,6,0,1,0,0,7
17,Tin cans,تخزين الطعام,9,2,42,0,0,0,0,0,6,0,1,0,0,7
17,Tin cans,عمل مواسير للبيوت,10,3,42,0,0,0,0,0,6,0,1,0,0,7
17,Tin cans,لوحة أثرية,11,4,42,0,0,0,0,0,6,0,1,0,0,7
17,Tin cans,تساعد الأمهات في المطبخ,12,3,42,0,0,0,0,0,6,0,1,0,0,7
18,Tin cans,تخزين المواد الغذائية,1,2,39,NA,NA,NA,NA,NA,NA,NA,NA,NA,NA,NA
18,Tin cans,حفظ المواد المعدنية,2,2,39,NA,NA,NA,NA,NA,NA,NA,NA,NA,NA,NA
18,Tin cans,إعادة تدوير,3,1,39,NA,NA,NA,NA,NA,NA,NA,NA,NA,NA,NA
18,Tin cans,التقطيع,4,4,39,NA,NA,NA,NA,NA,NA,NA,NA,NA,NA,NA
18,Tin cans,تخزين الأشياء,5,2,39,NA,NA,NA,NA,NA,NA,NA,NA,NA,NA,NA
18,Tin cans,حفظ الإكسسوارات,6,3,39,NA,NA,NA,NA,NA,NA,NA,NA,NA,NA,NA
18,Tin cans,تخزين الأموال,7,3,39,NA,NA,NA,NA,NA,NA,NA,NA,NA,NA,NA
18,Tin cans,صناعة العديد من الأشياء,8,1,39,NA,NA,NA,NA,NA,NA,NA,NA,NA,NA,NA
18,Tin cans,يضع بها الماء,9,3,39,NA,NA,NA,NA,NA,NA,NA,NA,NA,NA,NA
18,Tin cans,في أشياء المطبخ,10,2,39,NA,NA,NA,NA,NA,NA,NA,NA,NA,NA,NA
20,Tin cans,في جمع القمامات,1,3,42,NA,NA,NA,NA,NA,NA,NA,NA,NA,NA,NA
20,Tin cans,إعادة تدوير,2,1,42,NA,NA,NA,NA,NA,NA,NA,NA,NA,NA,NA
20,Tin cans,في جمع لعب الأطفال,3,4,42,NA,NA,NA,NA,NA,NA,NA,NA,NA,NA,NA
20,Tin cans,تخزين الطعام,4,3,42,NA,NA,NA,NA,NA,NA,NA,NA,NA,NA,NA
20,Tin cans,زرع أشجار فيها,5,3,42,NA,NA,NA,NA,NA,NA,NA,NA,NA,NA,NA
20,Tin cans,ديكور,6,3,42,NA,NA,NA,NA,NA,NA,NA,NA,NA,NA,NA
20,Tin cans,مقلمة,7,3,42,NA,NA,NA,NA,NA,NA,NA,NA,NA,NA,NA
20,Tin cans,حصالة,8,3,42,NA,NA,NA,NA,NA,NA,NA,NA,NA,NA,NA
20,Tin cans,تعبئة الجبنة,9,2,42,NA,NA,NA,NA,NA,NA,NA,NA,NA,NA,NA
20,Tin cans,وضع العسل فيها,10,2,42,NA,NA,NA,NA,NA,NA,NA,NA,NA,NA,NA
20,Tin cans,تعبئة المياة الغازية,11,2,42,NA,NA,NA,NA,NA,NA,NA,NA,NA,NA,NA
21,Tin cans,إعادة تدوير,1,1,39,3,0,0,0,0,0,1,1,0,1,6
21,Tin cans,سلة قمامة,2,3,39,3,0,0,0,0,0,1,1,0,1,6
21,Tin cans,إناء للزرع,3,3,39,3,0,0,0,0,0,1,1,0,1,6
21,Tin cans,صندوق,4,3,39,3,0,0,0,0,0,1,1,0,1,6
21,Tin cans,صناعة صفائح أخري,5,1,39,3,0,0,0,0,0,1,1,0,1,6
21,Tin cans,أسوار مؤقتة,6,4,39,3,0,0,0,0,0,1,1,0,1,6
21,Tin cans,طرق إبتكارية للكهرباء,7,4,39,3,0,0,0,0,0,1,1,0,1,6
21,Tin cans,وضع المواد الغازية,8,2,39,3,0,0,0,0,0,1,1,0,1,6
21,Tin cans,تخزين الماء,9,2,39,3,0,0,0,0,0,1,1,0,1,6
21,Tin cans,تخزين الحبوب,10,2,39,3,0,0,0,0,0,1,1,0,1,6
23,Tin cans,إستخدمها في المطبخ,1,3,31,0,0,0,0,0,4,0,0,0,1,5
23,Tin cans,الزينة,2,3,31,0,0,0,0,0,4,0,0,0,1,5
23,Tin cans,مقلمة,3,3,31,0,0,0,0,0,4,0,0,0,1,5
23,Tin cans,عمل باب صفيح,4,4,31,0,0,0,0,0,4,0,0,0,1,5
23,Tin cans,نجزأها ونضعه علي التلفاز,5,3,31,0,0,0,0,0,4,0,0,0,1,5
23,Tin cans,التصليح,6,1,31,0,0,0,0,0,4,0,0,0,1,5
23,Tin cans,أشكال أخري معدنية,7,4,31,0,0,0,0,0,4,0,0,0,1,5
23,Tin cans,نضع بها بواقي الأشياء,8,2,31,0,0,0,0,0,4,0,0,0,1,5
23,Tin cans,نضع بها أشياء ونوزعها علي الفقراء,9,3,31,0,0,0,0,0,4,0,0,0,1,5
23,Tin cans,إناء لأكل الحيوانات والطيور,10,3,31,0,0,0,0,0,4,0,0,0,1,5
23,Tin cans,تصليح الأشياء التالفة,11,4,31,0,0,0,0,0,4,0,0,0,1,5
23,Tin cans,لعب للأطفال,12,4,31,0,0,0,0,0,4,0,0,0,1,5
23,Tin cans,إستخدمها في منتجات العناية,13,3,31,0,0,0,0,0,4,0,0,0,1,5
24,Tin cans,إعادة تدوير,1,1,40,0,0,0,0,0,0,0,0,0,0,0
24,Tin cans,إناء للزراعة,2,3,40,0,0,0,0,0,0,0,0,0,0,0
24,Tin cans,الزينة,3,3,40,0,0,0,0,0,0,0,0,0,0,0
24,Tin cans,وضع أدوات الخياطة بها,4,3,40,0,0,0,0,0,0,0,0,0,0,0
24,Tin cans,حافظة أقلام,5,3,40,0,0,0,0,0,0,0,0,0,0,0
24,Tin cans,أشكال كمفاتيح أو زهور,6,2,40,0,0,0,0,0,0,0,0,0,0,0
24,Tin cans,ساند للهاتف,7,4,40,0,0,0,0,0,0,0,0,0,0,0
25,Tin cans,إعادة تدوير,1,1,NA,0,0,0,0,0,0,0,0,0,0,0
25,Tin cans,الزينة,2,3,NA,0,0,0,0,0,0,0,0,0,0,0
25,Tin cans,إناء للزراعة,3,3,NA,0,0,0,0,0,0,0,0,0,0,0
25,Tin cans,وضع الزهور فيها,4,3,NA,0,0,0,0,0,0,0,0,0,0,0
25,Tin cans,وضع الطعام فيها,5,2,NA,0,0,0,0,0,0,0,0,0,0,0
25,Tin cans,مقلمة,6,3,NA,0,0,0,0,0,0,0,0,0,0,0
25,Tin cans,ديكور,7,3,NA,0,0,0,0,0,0,0,0,0,0,0
25,Tin cans,يضع فيها الهاتف المحمول,8,3,NA,0,0,0,0,0,0,0,0,0,0,0
26,Tin cans,تخزين البقوليات,1,1,36,0,0,0,0,0,0,0,0,0,0,0
26,Tin cans,حافظة للإكسسوارات,2,3,36,0,0,0,0,0,0,0,0,0,0,0
26,Tin cans,وضع الشمع فيها,3,3,36,0,0,0,0,0,0,0,0,0,0,0
26,Tin cans,مقلمة,4,3,36,0,0,0,0,0,0,0,0,0,0,0
26,Tin cans,تحويلها لمصباح,5,4,36,0,0,0,0,0,0,0,0,0,0,0
26,Tin cans,أناء للزراعة,6,3,36,0,0,0,0,0,0,0,0,0,0,0
26,Tin cans,حامل للمعالق,7,3,36,0,0,0,0,0,0,0,0,0,0,0
26,Tin cans,ألعاب للأطفال,8,3,36,0,0,0,0,0,0,0,0,0,0,0
26,Tin cans,الزينة,9,3,36,0,0,0,0,0,0,0,0,0,0,0
26,Tin cans,ديكور,10,2,36,0,0,0,0,0,0,0,0,0,0,0
26,Tin cans,منظم لأدوات الحمام,11,3,36,0,0,0,0,0,0,0,0,0,0,0
26,Tin cans,سلة مهملات,12,3,36,0,0,0,0,0,0,0,0,0,0,0
27,Tin cans,إعادة تدوير,1,1,41,0,0,0,0,0,4,0,1,0,1,6
27,Tin cans,صناعة علب هدايا,2,3,41,0,0,0,0,0,4,0,1,0,1,6
27,Tin cans,مجسمات للأطفال,3,4,41,0,0,0,0,0,4,0,1,0,1,6
27,Tin cans,صناديق القمامة,4,3,41,0,0,0,0,0,4,0,1,0,1,6
27,Tin cans,ديكور المنزل,5,3,41,0,0,0,0,0,4,0,1,0,1,6
27,Tin cans,حصالة,6,3,41,0,0,0,0,0,4,0,1,0,1,6
27,Tin cans,أشكال منها شكل حروف لتعليم الاطفال,7,4,41,0,0,0,0,0,4,0,1,0,1,6
27,Tin cans,إكسسوارات,8,2,41,0,0,0,0,0,4,0,1,0,1,6
27,Tin cans,مقاعد,9,4,41,0,0,0,0,0,4,0,1,0,1,6
27,Tin cans,تخزين الطعام,10,2,41,0,0,0,0,0,4,0,1,0,1,6
29,Tin cans,الزينة,1,3,40,0,0,0,0,4,1,2,1,0,4,12
29,Tin cans,إناء للزراعة,2,3,40,0,0,0,0,4,1,2,1,0,4,12
29,Tin cans,إعادة تدوير,3,1,40,0,0,0,0,4,1,2,1,0,4,12
29,Tin cans,منظم للأقلام,4,2,40,0,0,0,0,4,1,2,1,0,4,12
29,Tin cans,تحويلها إلي مصباح,5,3,40,0,0,0,0,4,1,2,1,0,4,12
29,Tin cans,إناء للزراعة,6,3,40,0,0,0,0,4,1,2,1,0,4,12
29,Tin cans,سلة للقمامة,7,3,40,0,0,0,0,4,1,2,1,0,4,12
29,Tin cans,صناعة منضدة,8,4,40,0,0,0,0,4,1,2,1,0,4,12
29,Tin cans,إستخدمها لطهي الطعام,9,3,40,0,0,0,0,4,1,2,1,0,4,12
29,Tin cans,مطفئة للحريق,10,4,40,0,0,0,0,4,1,2,1,0,4,12
31,Tin cans,دولاب,1,3,NA,3,0,0,0,0,0,0,0,3,1,7
31,Tin cans,حصالة,2,3,NA,3,0,0,0,0,0,0,0,3,1,7
31,Tin cans,تخزين الطعام,3,2,NA,3,0,0,0,0,0,0,0,3,1,7
31,Tin cans,أسطوانات وأشكال,4,4,NA,3,0,0,0,0,0,0,0,3,1,7
31,Tin cans,صناعة الشمع,5,3,NA,3,0,0,0,0,0,0,0,3,1,7
31,Tin cans,قالب,6,3,NA,3,0,0,0,0,0,0,0,3,1,7
31,Tin cans,ديكور,7,3,NA,3,0,0,0,0,0,0,0,3,1,7
31,Tin cans,كرسي أو منضدة,8,4,NA,3,0,0,0,0,0,0,0,3,1,7
31,Tin cans,يعرض عليها الخرائط,9,1,NA,3,0,0,0,0,0,0,0,3,1,7
31,Tin cans,إستخدامها كسبورة,10,1,NA,3,0,0,0,0,0,0,0,3,1,7
31,Tin cans,ساعة حائط,11,3,NA,3,0,0,0,0,0,0,0,3,1,7
31,Tin cans,شباك,12,3,NA,3,0,0,0,0,0,0,0,3,1,7
31,Tin cans,مرايا,13,3,NA,3,0,0,0,0,0,0,0,3,1,7
31,Tin cans,أداة حادة أو سكينة,14,4,NA,3,0,0,0,0,0,0,0,3,1,7
31,Tin cans,مروحة,15,3,NA,3,0,0,0,0,0,0,0,3,1,7
31,Tin cans,الزينة,16,3,NA,3,0,0,0,0,0,0,0,3,1,7
31,Tin cans,أدوات في المطبخ,17,3,NA,3,0,0,0,0,0,0,0,3,1,7
31,Tin cans,حامل للأدوات,18,4,NA,3,0,0,0,0,0,0,0,3,1,7
31,Tin cans,رف للكتب,19,4,NA,3,0,0,0,0,0,0,0,3,1,7
31,Tin cans,أباجورة,20,3,NA,3,0,0,0,0,0,0,0,3,1,7
32,Tin cans,تخزين الطعام,1,2,31,0,0,0,0,0,6,0,0,0,0,6
32,Tin cans,إعادة تدوير,2,3,31,0,0,0,0,0,6,0,0,0,0,6
32,Tin cans,الزينة,3,3,31,0,0,0,0,0,6,0,0,0,0,6
32,Tin cans,إناء للزراعة,4,3,31,0,0,0,0,0,6,0,0,0,0,6
32,Tin cans,لعب الأطفال,5,4,31,0,0,0,0,0,6,0,0,0,0,6
32,Tin cans,تدخل في صناعة السيارات,6,4,31,0,0,0,0,0,6,0,0,0,0,6
32,Tin cans,ديكور,7,3,31,0,0,0,0,0,6,0,0,0,0,6
32,Tin cans,حوض للأسماك,8,3,31,0,0,0,0,0,6,0,0,0,0,6
33,Tin cans,عمل منها شموع,1,3,39,NA,NA,NA,NA,NA,NA,NA,NA,NA,NA,NA
33,Tin cans,مقلمة,2,3,39,NA,NA,NA,NA,NA,NA,NA,NA,NA,NA,NA
33,Tin cans,منظم لأدوات  المطبخ,3,3,39,NA,NA,NA,NA,NA,NA,NA,NA,NA,NA,NA
33,Tin cans,مسجل أغاني مثل الكاسيت,4,4,39,NA,NA,NA,NA,NA,NA,NA,NA,NA,NA,NA
33,Tin cans,ديكور,5,3,39,NA,NA,NA,NA,NA,NA,NA,NA,NA,NA,NA
33,Tin cans,حافظة,6,2,39,NA,NA,NA,NA,NA,NA,NA,NA,NA,NA,NA
33,Tin cans,لعب للأطفال,7,3,39,NA,NA,NA,NA,NA,NA,NA,NA,NA,NA,NA
33,Tin cans,تشكيلها لحروف,8,4,39,NA,NA,NA,NA,NA,NA,NA,NA,NA,NA,NA
33,Tin cans,إناء للزراعة,9,3,39,NA,NA,NA,NA,NA,NA,NA,NA,NA,NA,NA
34,Tin cans,مقلمة,1,3,36,2,0,0,0,1,8,0,0,0,1,12
34,Tin cans,علبة للأقلام,2,3,36,2,0,0,0,1,8,0,0,0,1,12
34,Tin cans,إناء للحيوانات والطيور,3,3,36,2,0,0,0,1,8,0,0,0,1,12
34,Tin cans,إعادة تدوير,4,1,36,2,0,0,0,1,8,0,0,0,1,12
34,Tin cans,علبة هدايا,5,3,36,2,0,0,0,1,8,0,0,0,1,12
34,Tin cans,تستخدم في المطبخ,6,2,36,2,0,0,0,1,8,0,0,0,1,12
34,Tin cans,ألعاب,7,2,36,2,0,0,0,1,8,0,0,0,1,12
34,Tin cans,توصيل الكهرباء,8,4,36,2,0,0,0,1,8,0,0,0,1,12
34,Tin cans,إناء للزراعة,9,3,36,2,0,0,0,1,8,0,0,0,1,12
35,Tin cans,إعادة تدوير,1,2,30,NA,NA,NA,NA,NA,NA,NA,NA,NA,NA,NA
35,Tin cans,عمل أدوات دراسية,2,3,30,NA,NA,NA,NA,NA,NA,NA,NA,NA,NA,NA
35,Tin cans,ديكور,3,3,30,NA,NA,NA,NA,NA,NA,NA,NA,NA,NA,NA
35,Tin cans,حصالة,4,3,30,NA,NA,NA,NA,NA,NA,NA,NA,NA,NA,NA
35,Tin cans,أشكال مختلفة,5,1,30,NA,NA,NA,NA,NA,NA,NA,NA,NA,NA,NA
35,Tin cans,تعبئة بعض المنتجات الغذائية,6,2,30,NA,NA,NA,NA,NA,NA,NA,NA,NA,NA,NA
35,Tin cans,كأحد مواد صناعة الحديد,7,3,30,NA,NA,NA,NA,NA,NA,NA,NA,NA,NA,NA
35,Tin cans,أدوات المنزل,8,3,30,NA,NA,NA,NA,NA,NA,NA,NA,NA,NA,NA
35,Tin cans,ألعاب للأطفال,9,3,30,NA,NA,NA,NA,NA,NA,NA,NA,NA,NA,NA
35,Tin cans,للتصدير للخارج,10,1,30,NA,NA,NA,NA,NA,NA,NA,NA,NA,NA,NA
35,Tin cans,إناء للزراعة,11,3,30,NA,NA,NA,NA,NA,NA,NA,NA,NA,NA,NA
38,Tin cans,إعادة تدوير,1,1,NA,0,3,8,0,0,4,0,1,0,0,16
38,Tin cans,حفظ المواد المختلفة,2,2,NA,0,3,8,0,0,4,0,1,0,0,16
38,Tin cans,الزينة,3,3,NA,0,3,8,0,0,4,0,1,0,0,16
38,Tin cans,وضع الشمعة فيها للإنارة,4,4,NA,0,3,8,0,0,4,0,1,0,0,16
38,Tin cans,مقلمة أقلام,5,3,NA,0,3,8,0,0,4,0,1,0,0,16
38,Tin cans,لعب الأطفال,6,3,NA,0,3,8,0,0,4,0,1,0,0,16
38,Tin cans,حفظ الطعام,7,2,NA,0,3,8,0,0,4,0,1,0,0,16
40,Tin cans,وضع بها نوع من الكريمات,1,3,43,0,0,0,0,1,3,1,7,0,1,13
40,Tin cans,عمل الطعام,2,3,43,0,0,0,0,1,3,1,7,0,1,13
40,Tin cans,استخدامها للجلوس,3,4,43,0,0,0,0,1,3,1,7,0,1,13
40,Tin cans,في التنظيف,4,4,43,0,0,0,0,1,3,1,7,0,1,13
40,Tin cans,إناء للزراعة,5,3,43,0,0,0,0,1,3,1,7,0,1,13
40,Tin cans,الزينة,6,3,43,0,0,0,0,1,3,1,7,0,1,13
40,Tin cans,تخزين القمح,7,2,43,0,0,0,0,1,3,1,7,0,1,13
40,Tin cans,تزين الحائط,8,3,43,0,0,0,0,1,3,1,7,0,1,13
40,Tin cans,حمل الأشياء,9,3,43,0,0,0,0,1,3,1,7,0,1,13
40,Tin cans,أشكال تفرح الاطفال,10,4,43,0,0,0,0,1,3,1,7,0,1,13
40,Tin cans,عمل كرة سلة,11,4,43,0,0,0,0,1,3,1,7,0,1,13
40,Tin cans,أداة لعمل الطعام,12,2,43,0,0,0,0,1,3,1,7,0,1,13
40,Tin cans,حافظة للأشياء,13,2,43,0,0,0,0,1,3,1,7,0,1,13
40,Tin cans,غرفة ملاهي للأطفال,14,3,43,0,0,0,0,1,3,1,7,0,1,13
40,Tin cans,تخزين الاشياء,15,4,43,0,0,0,0,1,3,1,7,0,1,13
41,Tin cans,إعادة تدوير,1,2,NA,0,3,0,0,3,4,1,1,0,1,13
41,Tin cans,صندوق تبرعات,2,3,NA,0,3,0,0,3,4,1,1,0,1,13
41,Tin cans,الزينة,3,3,NA,0,3,0,0,3,4,1,1,0,1,13
41,Tin cans,أداة لمصباح,4,3,NA,0,3,0,0,3,4,1,1,0,1,13
41,Tin cans,شمعة بداخلها للإضاءة,5,4,NA,0,3,0,0,3,4,1,1,0,1,13
41,Tin cans,حافظة سكاكين أو ملاعق,6,4,NA,0,3,0,0,3,4,1,1,0,1,13
41,Tin cans,مقلاة أو شواية,7,3,NA,0,3,0,0,3,4,1,1,0,1,13
41,Tin cans,لعب للأطفال,8,3,NA,0,3,0,0,3,4,1,1,0,1,13
41,Tin cans,أداة تقطيع,9,4,NA,0,3,0,0,3,4,1,1,0,1,13
41,Tin cans,حافظة أدوات,10,2,NA,0,3,0,0,3,4,1,1,0,1,13
42,Tin cans,صندوق هدايا,1,3,NA,0,5,5,0,1,2,8,6,12,13,52
42,Tin cans,إعادة تدوير,2,1,NA,0,5,5,0,1,2,8,6,12,13,52
42,Tin cans,طرق للتعليم الاطفال بعض الاشياء,3,3,NA,0,5,5,0,1,2,8,6,12,13,52
42,Tin cans,تكوين مربعات وأشياء,4,4,NA,0,5,5,0,1,2,8,6,12,13,52
42,Tin cans,الاستخدامات المنزلية,5,3,NA,0,5,5,0,1,2,8,6,12,13,52
42,Tin cans,استخدامها في بعض المصانع,6,1,NA,0,5,5,0,1,2,8,6,12,13,52
42,Tin cans,حافظة  للأشياء,7,2,NA,0,5,5,0,1,2,8,6,12,13,52
42,Tin cans,عمل الأطعمة,8,2,NA,0,5,5,0,1,2,8,6,12,13,52
42,Tin cans,مقلمة,9,3,NA,0,5,5,0,1,2,8,6,12,13,52
42,Tin cans,في الشارع,10,3,NA,0,5,5,0,1,2,8,6,12,13,52
42,Tin cans,الزينة,11,3,NA,0,5,5,0,1,2,8,6,12,13,52
42,Tin cans,مكعبات للأطفال,12,4,NA,0,5,5,0,1,2,8,6,12,13,52
42,Tin cans,عمل شنطة,13,2,NA,0,5,5,0,1,2,8,6,12,13,52
43,Tin cans,أشياء جميلة,1,2,44,9,10,21,15,3,6,5,12,12,15,108
43,Tin cans,لعب للأطفال,2,3,44,9,10,21,15,3,6,5,12,12,15,108
43,Tin cans,سلة قمامة,3,3,44,9,10,21,15,3,6,5,12,12,15,108
43,Tin cans,مقلمة,4,3,44,9,10,21,15,3,6,5,12,12,15,108
43,Tin cans,إناء لطعام الحيوانات,5,3,44,9,10,21,15,3,6,5,12,12,15,108
43,Tin cans,في الشوارع لإلقاء المخلفات,6,3,44,9,10,21,15,3,6,5,12,12,15,108
43,Tin cans,نضع بها الكتب,7,3,44,9,10,21,15,3,6,5,12,12,15,108
43,Tin cans,الزينة,8,3,44,9,10,21,15,3,6,5,12,12,15,108
43,Tin cans,ألعاب للأطفال,9,3,44,9,10,21,15,3,6,5,12,12,15,108
43,Tin cans,إناء للزراعة,10,3,44,9,10,21,15,3,6,5,12,12,15,108
43,Tin cans,نضع فيها مياة,11,2,44,9,10,21,15,3,6,5,12,12,15,108
44,Tin cans,بيوت صغيرة للأطفال,1,3,38,0,43,2,0,4,13,15,0,6,0,83
44,Tin cans,حمع المواد,2,1,38,0,43,2,0,4,13,15,0,6,0,83
44,Tin cans,صناعة آلات حادة,3,5,38,0,43,2,0,4,13,15,0,6,0,83
44,Tin cans,أشكال,4,3,38,0,43,2,0,4,13,15,0,6,0,83
44,Tin cans,ألعاب,5,4,38,0,43,2,0,4,13,15,0,6,0,83
44,Tin cans,حافظة أشياء,6,2,38,0,43,2,0,4,13,15,0,6,0,83
44,Tin cans,حصالة,7,3,38,0,43,2,0,4,13,15,0,6,0,83
44,Tin cans,الزينة,8,3,38,0,43,2,0,4,13,15,0,6,0,83
45,Tin cans,إعادة تدوير,1,2,37,3,4,0,0,3,10,9,1,1,1,32
45,Tin cans,إعادة بيعها,2,1,37,3,4,0,0,3,10,9,1,1,1,32
45,Tin cans,أشكال,3,2,37,3,4,0,0,3,10,9,1,1,1,32
45,Tin cans,سبائك الفضة,4,3,37,3,4,0,0,3,10,9,1,1,1,32
45,Tin cans,لعب الأطفال,5,3,37,3,4,0,0,3,10,9,1,1,1,32
45,Tin cans,صناعة الإكسسوارات,6,3,37,3,4,0,0,3,10,9,1,1,1,32
45,Tin cans,ضوضاء,7,3,37,3,4,0,0,3,10,9,1,1,1,32
45,Tin cans,في صناعة السيارات,8,4,37,3,4,0,0,3,10,9,1,1,1,32
45,Tin cans,صناعة أرفف,9,4,37,3,4,0,0,3,10,9,1,1,1,32
45,Tin cans,صناعة الصفائح الكبيرة,10,2,37,3,4,0,0,3,10,9,1,1,1,32
45,Tin cans,صناعة المفاتيح,11,3,37,3,4,0,0,3,10,9,1,1,1,32
45,Tin cans,صناعة الميداليات,12,3,37,3,4,0,0,3,10,9,1,1,1,32
45,Tin cans,حماية الأشياء,13,3,37,3,4,0,0,3,10,9,1,1,1,32
45,Tin cans,أيدي صفيح للأشياء,14,3,37,3,4,0,0,3,10,9,1,1,1,32
45,Tin cans,عقارب الساعات,15,3,37,3,4,0,0,3,10,9,1,1,1,32
45,Tin cans,كقابض,16,3,37,3,4,0,0,3,10,9,1,1,1,32
45,Tin cans,بديلة لأدوات التنبية,17,4,37,3,4,0,0,3,10,9,1,1,1,32
45,Tin cans,في صناعة مطفئة الحريق,18,4,37,3,4,0,0,3,10,9,1,1,1,32
45,Tin cans,صناعة الموسير,19,1,37,3,4,0,0,3,10,9,1,1,1,32
45,Tin cans,أدراج صفيح,20,3,37,3,4,0,0,3,10,9,1,1,1,32
45,Tin cans,الزينة,21,3,37,3,4,0,0,3,10,9,1,1,1,32
45,Tin cans,تستخدم كقالب,22,1,37,3,4,0,0,3,10,9,1,1,1,32
45,Tin cans,بقايا أشياء,23,1,37,3,4,0,0,3,10,9,1,1,1,32
50,Tin cans,تخزين البقوليات,1,2,44,0,0,0,0,1,0,1,1,0,1,4
50,Tin cans,في مكونات المطبخ,2,2,44,0,0,0,0,1,0,1,1,0,1,4
50,Tin cans,حفظ أدوات الخياطة,3,3,44,0,0,0,0,1,0,1,1,0,1,4
50,Tin cans,حامل معالق في المطبخ,4,3,44,0,0,0,0,1,0,1,1,0,1,4
50,Tin cans,حافظة إكسسوارات,5,3,44,0,0,0,0,1,0,1,1,0,1,4
50,Tin cans,تجميع مكعباب الاطفال,6,4,44,0,0,0,0,1,0,1,1,0,1,4
50,Tin cans,حصالة,7,3,44,0,0,0,0,1,0,1,1,0,1,4
50,Tin cans,الزينة,8,3,44,0,0,0,0,1,0,1,1,0,1,4
50,Tin cans,وضع فيها الشموع,9,3,44,0,0,0,0,1,0,1,1,0,1,4
50,Tin cans,الزراعة,10,3,44,0,0,0,0,1,0,1,1,0,1,4
50,Tin cans,مصباح إضاءة,11,4,44,0,0,0,0,1,0,1,1,0,1,4
50,Tin cans,مقلمة,12,3,44,0,0,0,0,1,0,1,1,0,1,4
50,Tin cans,ادوات المطبخ,13,3,44,0,0,0,0,1,0,1,1,0,1,4
50,Tin cans,حصالة نقود,14,3,44,0,0,0,0,1,0,1,1,0,1,4
50,Tin cans,أدوات المدرسة,15,3,44,0,0,0,0,1,0,1,1,0,1,4
51,Tin cans,حصالة,1,3,45,NA,NA,NA,NA,NA,NA,NA,NA,NA,NA,NA
51,Tin cans,إعادة تدوير,2,1,45,NA,NA,NA,NA,NA,NA,NA,NA,NA,NA,NA
51,Tin cans,تخزين السمن أو الزيت,3,2,45,NA,NA,NA,NA,NA,NA,NA,NA,NA,NA,NA
51,Tin cans,مقلمة,4,3,45,NA,NA,NA,NA,NA,NA,NA,NA,NA,NA,NA
51,Tin cans,أدوات المطبخ,5,3,45,NA,NA,NA,NA,NA,NA,NA,NA,NA,NA,NA
51,Tin cans,أدوات المهام,6,3,45,NA,NA,NA,NA,NA,NA,NA,NA,NA,NA,NA
51,Tin cans,الزينة,7,4,45,NA,NA,NA,NA,NA,NA,NA,NA,NA,NA,NA
51,Tin cans,إكسسوارات,8,3,45,NA,NA,NA,NA,NA,NA,NA,NA,NA,NA,NA
51,Tin cans,تجميع مكعبات الأطفال,9,4,45,NA,NA,NA,NA,NA,NA,NA,NA,NA,NA,NA
51,Tin cans,تخزين الفول والبقوليات,10,2,45,NA,NA,NA,NA,NA,NA,NA,NA,NA,NA,NA
51,Tin cans,حامل للمعالق في المطبخ,11,3,45,NA,NA,NA,NA,NA,NA,NA,NA,NA,NA,NA
51,Tin cans,وضع بها الشموع,12,3,45,NA,NA,NA,NA,NA,NA,NA,NA,NA,NA,NA
51,Tin cans,إناء للزراعة,13,3,45,NA,NA,NA,NA,NA,NA,NA,NA,NA,NA,NA
52,Tin cans,ألواح لتغطية الأسطح,1,3,35,NA,NA,NA,NA,NA,NA,NA,NA,NA,NA,NA
52,Tin cans,حفظ الأطعمة,2,2,35,NA,NA,NA,NA,NA,NA,NA,NA,NA,NA,NA
52,Tin cans,صناعة قطع السيارات,3,5,35,NA,NA,NA,NA,NA,NA,NA,NA,NA,NA,NA
52,Tin cans,أشكال إبداعية,4,4,35,NA,NA,NA,NA,NA,NA,NA,NA,NA,NA,NA
52,Tin cans,أثاث مثل كرسي أو منضدة,5,4,35,NA,NA,NA,NA,NA,NA,NA,NA,NA,NA,NA
52,Tin cans,حفظ المعلبات مثل الألبان,6,2,35,NA,NA,NA,NA,NA,NA,NA,NA,NA,NA,NA
52,Tin cans,ديكور,7,3,35,NA,NA,NA,NA,NA,NA,NA,NA,NA,NA,NA
52,Tin cans,في المطبخ,8,2,35,NA,NA,NA,NA,NA,NA,NA,NA,NA,NA,NA
52,Tin cans,في المشروبات بدلا من الأكواب,9,3,35,NA,NA,NA,NA,NA,NA,NA,NA,NA,NA,NA
52,Tin cans,تحف فنية,10,3,35,NA,NA,NA,NA,NA,NA,NA,NA,NA,NA,NA
52,Tin cans,شكل حذاء بدل من الجلد,11,3,35,NA,NA,NA,NA,NA,NA,NA,NA,NA,NA,NA
52,Tin cans,أطباق  المطبخ,12,3,35,NA,NA,NA,NA,NA,NA,NA,NA,NA,NA,NA
52,Tin cans,ديكور الحمام,13,3,35,NA,NA,NA,NA,NA,NA,NA,NA,NA,NA,NA
54,Tin cans,طبق طائر,1,3,37,NA,NA,NA,NA,NA,NA,NA,NA,NA,NA,NA
54,Tin cans,حصالة,2,3,37,NA,NA,NA,NA,NA,NA,NA,NA,NA,NA,NA
54,Tin cans,صناعة سلم,3,4,37,NA,NA,NA,NA,NA,NA,NA,NA,NA,NA,NA
54,Tin cans,سلة مهملات,4,4,37,NA,NA,NA,NA,NA,NA,NA,NA,NA,NA,NA
54,Tin cans,ألعاب الأطفال,5,4,37,NA,NA,NA,NA,NA,NA,NA,NA,NA,NA,NA
54,Tin cans,الزينة,6,3,37,NA,NA,NA,NA,NA,NA,NA,NA,NA,NA,NA
54,Tin cans,أرجوحة,7,3,37,NA,NA,NA,NA,NA,NA,NA,NA,NA,NA,NA
54,Tin cans,أباجورة,8,4,37,NA,NA,NA,NA,NA,NA,NA,NA,NA,NA,NA
54,Tin cans,حقيبة,9,1,37,NA,NA,NA,NA,NA,NA,NA,NA,NA,NA,NA
56,Tin cans,مقلمة,1,3,37,NA,NA,NA,NA,NA,NA,NA,NA,NA,NA,NA
56,Tin cans,تخزين الأشياء,2,2,37,NA,NA,NA,NA,NA,NA,NA,NA,NA,NA,NA
56,Tin cans,وضع الإسعافات الأولية بها,3,4,37,NA,NA,NA,NA,NA,NA,NA,NA,NA,NA,NA
56,Tin cans,إناء للزراعة,4,3,37,NA,NA,NA,NA,NA,NA,NA,NA,NA,NA,NA
56,Tin cans,حصالة,5,3,37,NA,NA,NA,NA,NA,NA,NA,NA,NA,NA,NA
56,Tin cans,الزينة,6,3,37,NA,NA,NA,NA,NA,NA,NA,NA,NA,NA,NA
56,Tin cans,أداة تقطيع,7,4,37,NA,NA,NA,NA,NA,NA,NA,NA,NA,NA,NA
56,Tin cans,بيت للحيوانات,8,3,37,NA,NA,NA,NA,NA,NA,NA,NA,NA,NA,NA
56,Tin cans,مزهرية,9,3,37,NA,NA,NA,NA,NA,NA,NA,NA,NA,NA,NA
56,Tin cans,في الحمام لوضع الفرشة  والمعجون,10,4,37,NA,NA,NA,NA,NA,NA,NA,NA,NA,NA,NA
56,Tin cans,تخزين البهارات في المطبخ,11,4,37,NA,NA,NA,NA,NA,NA,NA,NA,NA,NA,NA
56,Tin cans,تسخين المياة,12,3,37,NA,NA,NA,NA,NA,NA,NA,NA,NA,NA,NA
56,Tin cans,صناعة بعض الإكسسوارات,13,3,37,NA,NA,NA,NA,NA,NA,NA,NA,NA,NA,NA
56,Tin cans,تخزين الطعام,14,2,37,NA,NA,NA,NA,NA,NA,NA,NA,NA,NA,NA
56,Tin cans,صنلعة بعض الأواني,15,3,37,NA,NA,NA,NA,NA,NA,NA,NA,NA,NA,NA
56,Tin cans,حامل للأدوات في المطبخ,16,3,37,NA,NA,NA,NA,NA,NA,NA,NA,NA,NA,NA
56,Tin cans,جراب الموبايل,17,4,37,NA,NA,NA,NA,NA,NA,NA,NA,NA,NA,NA
58,Tin cans,إعادة تدوير,1,3,38,0,0,0,0,0,0,0,0,0,1,1
58,Tin cans,صناديق القمامة,2,3,38,0,0,0,0,0,0,0,0,0,1,1
58,Tin cans,إناء للزراعة,3,3,38,0,0,0,0,0,0,0,0,0,1,1
58,Tin cans,صناعة غطاء,4,3,38,0,0,0,0,0,0,0,0,0,1,1
58,Tin cans,إناء للحيوانات والطيور,5,3,38,0,0,0,0,0,0,0,0,0,1,1
58,Tin cans,رمي المخلفات بها,6,3,38,0,0,0,0,0,0,0,0,0,1,1
58,Tin cans,مراوح لطاقة الرياح,7,4,38,0,0,0,0,0,0,0,0,0,1,1
58,Tin cans,صنع غطاء للمواسير,8,3,38,0,0,0,0,0,0,0,0,0,1,1
60,Tin cans,سلة مهملات,1,3,33,0,0,0,1,0,3,0,0,0,0,4
60,Tin cans,مقلمة,2,3,33,0,0,0,1,0,3,0,0,0,0,4
60,Tin cans,الزينة,3,3,33,0,0,0,1,0,3,0,0,0,0,4
60,Tin cans,كجهاز أو مسجل,4,4,33,0,0,0,1,0,3,0,0,0,0,4
60,Tin cans,حصالة,5,3,33,0,0,0,1,0,3,0,0,0,0,4
62,Tin cans,إعادة تدوير,1,1,41,8,0,0,0,7,3,1,1,1,1,22
62,Tin cans,إعادة بيعها,2,3,41,8,0,0,0,7,3,1,1,1,1,22
62,Tin cans,إناء للزراعة,3,3,41,8,0,0,0,7,3,1,1,1,1,22
62,Tin cans,حصالة,4,3,41,8,0,0,0,7,3,1,1,1,1,22
62,Tin cans,سلة قمامة,5,3,41,8,0,0,0,7,3,1,1,1,1,22
62,Tin cans,طرق إبتكارية للكهرباء,6,4,41,8,0,0,0,7,3,1,1,1,1,22
62,Tin cans,مقلمة,7,3,41,8,0,0,0,7,3,1,1,1,1,22
62,Tin cans,تخزين وحفظ الطعام,8,1,41,8,0,0,0,7,3,1,1,1,1,22
63,Tin cans,إعادة تدوير,1,1,28,NA,NA,NA,NA,NA,NA,NA,NA,NA,NA,NA
63,Tin cans,عمل البلاستك,2,3,28,NA,NA,NA,NA,NA,NA,NA,NA,NA,NA,NA
63,Tin cans,صنع مواد  النظافة,3,4,28,NA,NA,NA,NA,NA,NA,NA,NA,NA,NA,NA
63,Tin cans,أشكال  مختلفة,4,4,28,NA,NA,NA,NA,NA,NA,NA,NA,NA,NA,NA
63,Tin cans,عمل مشروع مدرسي,5,3,28,NA,NA,NA,NA,NA,NA,NA,NA,NA,NA,NA
63,Tin cans,صناعة أدوات المدرسة,6,3,28,NA,NA,NA,NA,NA,NA,NA,NA,NA,NA,NA
63,Tin cans,الزينة,7,3,28,NA,NA,NA,NA,NA,NA,NA,NA,NA,NA,NA
63,Tin cans,فازة أو مزهرية,8,3,28,NA,NA,NA,NA,NA,NA,NA,NA,NA,NA,NA
63,Tin cans,ألعاب الأطفال,9,3,28,NA,NA,NA,NA,NA,NA,NA,NA,NA,NA,NA
63,Tin cans,تعبئة المنتجات,10,1,28,NA,NA,NA,NA,NA,NA,NA,NA,NA,NA,NA
63,Tin cans,صناعة الأجهزة كالتلفاز,11,4,28,NA,NA,NA,NA,NA,NA,NA,NA,NA,NA,NA
63,Tin cans,صناعة اللوحات,12,3,28,NA,NA,NA,NA,NA,NA,NA,NA,NA,NA,NA
63,Tin cans,صناعة الزجاج,13,4,28,NA,NA,NA,NA,NA,NA,NA,NA,NA,NA,NA
64,Tin cans,مقلمة,1,3,43,0,0,0,0,0,0,1,0,0,0,1
64,Tin cans,حصالة,2,3,43,0,0,0,0,0,0,1,0,0,0,1
64,Tin cans,سلة قمامة,3,3,43,0,0,0,0,0,0,1,0,0,0,1
64,Tin cans,إناء للزراعة,4,3,43,0,0,0,0,0,0,1,0,0,0,1
64,Tin cans,تخزين الأشياء,5,3,43,0,0,0,0,0,0,1,0,0,0,1
64,Tin cans,اللعب,6,3,43,0,0,0,0,0,0,1,0,0,0,1
64,Tin cans,عمل مجسمات,7,4,43,0,0,0,0,0,0,1,0,0,0,1
64,Tin cans,حفظ الطعام,8,2,43,0,0,0,0,0,0,1,0,0,0,1
64,Tin cans,حفظ أشياء المدرسة,9,3,43,0,0,0,0,0,0,1,0,0,0,1
64,Tin cans,ألعاب الأطفال,10,4,43,0,0,0,0,0,0,1,0,0,0,1
64,Tin cans,عمل مكتب,11,4,43,0,0,0,0,0,0,1,0,0,0,1
65,Tin cans,صندوق تبرعات,1,3,32,7,0,0,0,0,0,0,0,0,0,7
65,Tin cans,إعادة تدوير,2,1,32,7,0,0,0,0,0,0,0,0,0,7
65,Tin cans,مصباح ووضع شمعة بها,3,3,32,7,0,0,0,0,0,0,0,0,0,7
65,Tin cans,سكين,4,4,32,7,0,0,0,0,0,0,0,0,0,7
65,Tin cans,شواية,5,4,32,7,0,0,0,0,0,0,0,0,0,7
65,Tin cans,ألعاب الأطفال,6,3,32,7,0,0,0,0,0,0,0,0,0,7
65,Tin cans,مقلمة,7,3,32,7,0,0,0,0,0,0,0,0,0,7
65,Tin cans,حافظة للأدوات,8,2,32,7,0,0,0,0,0,0,0,0,0,7
66,Tin cans,إعادة تدوير,1,1,41,1,1,0,3,24,10,10,0,7,1,57
66,Tin cans,أدوات للطعام,2,2,41,1,1,0,3,24,10,10,0,7,1,57
66,Tin cans,إناء لطعام للحيوانات والطيور,3,3,41,1,1,0,3,24,10,10,0,7,1,57
66,Tin cans,إناء ماء للعصافير,4,3,41,1,1,0,3,24,10,10,0,7,1,57
66,Tin cans,تخزين وحفظ الطعام,5,2,41,1,1,0,3,24,10,10,0,7,1,57
66,Tin cans,العب الأطفال,6,3,41,1,1,0,3,24,10,10,0,7,1,57
66,Tin cans,في ورشات الميكانيكا,7,4,41,1,1,0,3,24,10,10,0,7,1,57
66,Tin cans,إناء لطعام القطط في الشارع,8,3,41,1,1,0,3,24,10,10,0,7,1,57
66,Tin cans,حفظ البن والزيت,9,2,41,1,1,0,3,24,10,10,0,7,1,57
66,Tin cans,حوض أسماك,10,3,41,1,1,0,3,24,10,10,0,7,1,57
67,Tin cans,علب الكانز,1,4,34,0,4,0,0,0,0,0,1,0,0,5
67,Tin cans,إطارات السيارات,2,4,34,0,4,0,0,0,0,0,1,0,0,5
67,Tin cans,أكواب الشاي,3,3,34,0,4,0,0,0,0,0,1,0,0,5
67,Tin cans,إعادة تدوير,4,1,34,0,4,0,0,0,0,0,1,0,0,5
67,Tin cans,أواني المنازل,5,3,34,0,4,0,0,0,0,0,1,0,0,5
67,Tin cans,أشياء عديدة,6,1,34,0,4,0,0,0,0,0,1,0,0,5
67,Tin cans,مطفئة حريق,7,4,34,0,4,0,0,0,0,0,1,0,0,5
67,Tin cans,ألعاب الأطفال,8,4,34,0,4,0,0,0,0,0,1,0,0,5
67,Tin cans,تخزين الطعام,9,2,34,0,4,0,0,0,0,0,1,0,0,5
67,Tin cans,صناعة الثلاجات,10,4,34,0,4,0,0,0,0,0,1,0,0,5
67,Tin cans,كرسي,11,3,34,0,4,0,0,0,0,0,1,0,0,5
67,Tin cans,صناعة الأعمدة,12,2,34,0,4,0,0,0,0,0,1,0,0,5
67,Tin cans,المزخرفات والصور,13,4,34,0,4,0,0,0,0,0,1,0,0,5
67,Tin cans,إعادة تدوير,14,2,34,0,4,0,0,0,0,0,1,0,0,5
67,Tin cans,قناع للوقاية من الحريق,15,3,34,0,4,0,0,0,0,0,1,0,0,5
68,Tin cans,حصالة أموال,1,3,35,3,0,0,0,0,1,5,0,0,4,13
68,Tin cans,الزينة,2,3,35,3,0,0,0,0,1,5,0,0,4,13
68,Tin cans,مقلمة,3,3,35,3,0,0,0,0,1,5,0,0,4,13
68,Tin cans,حفظ الطعام,4,1,35,3,0,0,0,0,1,5,0,0,4,13
68,Tin cans,عمل اللانش بوكس,5,3,35,3,0,0,0,0,1,5,0,0,4,13
68,Tin cans,صندوق لحفظ الاوراق,6,3,35,3,0,0,0,0,1,5,0,0,4,13
68,Tin cans,مقاعد للجلوس,7,4,35,3,0,0,0,0,1,5,0,0,4,13
68,Tin cans,منظم للأحذية,8,4,35,3,0,0,0,0,1,5,0,0,4,13
68,Tin cans,إناء للزراعة,9,3,35,3,0,0,0,0,1,5,0,0,4,13
68,Tin cans,حفظ الأدوية,10,4,35,3,0,0,0,0,1,5,0,0,4,13
68,Tin cans,حفظ المواد الكيميائية,11,4,35,3,0,0,0,0,1,5,0,0,4,13
68,Tin cans,أبجورة,12,3,35,3,0,0,0,0,1,5,0,0,4,13
68,Tin cans,سقف لبعض الأسطح,13,4,35,3,0,0,0,0,1,5,0,0,4,13
68,Tin cans,عمل الشبابيك,14,3,35,3,0,0,0,0,1,5,0,0,4,13
68,Tin cans,نقل الحيوانات صغيرة الحجم,15,3,35,3,0,0,0,0,1,5,0,0,4,13
69,Tin cans,حصالة أموال,1,3,NA,0,0,0,0,0,0,1,0,0,1,2
69,Tin cans,في تربية الحيوانات والطيور,2,3,NA,0,0,0,0,0,0,1,0,0,1,2
69,Tin cans,إناء للزراعة,3,3,NA,0,0,0,0,0,0,1,0,0,1,2
69,Tin cans,إعادة تدوير,4,1,NA,0,0,0,0,0,0,1,0,0,1,2
69,Tin cans,أشكال,5,4,NA,0,0,0,0,0,0,1,0,0,1,2
69,Tin cans,عمل سدود في الأنهار بدلامن الأحجار,6,5,NA,0,0,0,0,0,0,1,0,0,1,2
69,Tin cans,سلة قمامة,7,3,NA,0,0,0,0,0,0,1,0,0,1,2
71,Tin cans,جمع  العلب وإرسالها لمصانع متخصصة,1,1,40,NA,NA,NA,NA,NA,NA,NA,NA,NA,NA,NA
71,Tin cans,ألعاب الأطفال,2,4,40,NA,NA,NA,NA,NA,NA,NA,NA,NA,NA,NA
71,Tin cans,إعادة تدوير,3,1,40,NA,NA,NA,NA,NA,NA,NA,NA,NA,NA,NA
71,Tin cans,صناعة الأطباق والشوك,4,3,40,NA,NA,NA,NA,NA,NA,NA,NA,NA,NA,NA
71,Tin cans,صناعة الأبواب,5,3,40,NA,NA,NA,NA,NA,NA,NA,NA,NA,NA,NA
71,Tin cans,مزهرية,6,3,40,NA,NA,NA,NA,NA,NA,NA,NA,NA,NA,NA
71,Tin cans,أدوات عملية,7,3,40,NA,NA,NA,NA,NA,NA,NA,NA,NA,NA,NA
71,Tin cans,صناعة  الأطباق,8,3,40,NA,NA,NA,NA,NA,NA,NA,NA,NA,NA,NA
71,Tin cans,تخزين البقوليات,9,1,40,NA,NA,NA,NA,NA,NA,NA,NA,NA,NA,NA
71,Tin cans,الزينة,10,3,40,NA,NA,NA,NA,NA,NA,NA,NA,NA,NA,NA
71,Tin cans,حفظ الدبابيس,11,3,40,NA,NA,NA,NA,NA,NA,NA,NA,NA,NA,NA
72,Tin cans,مزهرية,1,1,42,2,0,0,0,0,3,1,1,0,1,8
72,Tin cans,مقلمة,2,1,42,2,0,0,0,0,3,1,1,0,1,8
72,Tin cans,إعادة تدوير,3,1,42,2,0,0,0,0,3,1,1,0,1,8
72,Tin cans,إناء لطعام الحيوانات,4,2,42,2,0,0,0,0,3,1,1,0,1,8
72,Tin cans,سلة مهملات,5,1,42,2,0,0,0,0,3,1,1,0,1,8
72,Tin cans,عش للطيور,6,2,42,2,0,0,0,0,3,1,1,0,1,8
72,Tin cans,منازل للحيوانات المشردة,7,2,42,2,0,0,0,0,3,1,1,0,1,8
72,Tin cans,حافظة مصباح,8,1,42,2,0,0,0,0,3,1,1,0,1,8
73,Tin cans,حصالة أموال,1,1,42,1,1,2,0,1,1,4,1,1,1,13
73,Tin cans,كرسي وطاولات,2,2,42,1,1,2,0,1,1,4,1,1,1,13
73,Tin cans,شبكة صيد للسمك,3,4,42,1,1,2,0,1,1,4,1,1,1,13
73,Tin cans,حامل أقلام,4,1,42,1,1,2,0,1,1,4,1,1,1,13
73,Tin cans,حامل للهاتف,5,1,42,1,1,2,0,1,1,4,1,1,1,13
73,Tin cans,سلة قمامة,6,1,42,1,1,2,0,1,1,4,1,1,1,13
73,Tin cans,إكسسوارات,7,1,42,1,1,2,0,1,1,4,1,1,1,13
73,Tin cans,مكبر صوت,8,2,42,1,1,2,0,1,1,4,1,1,1,13
73,Tin cans,حافظة للمواد الغذائية,9,1,42,1,1,2,0,1,1,4,1,1,1,13
74,Tin cans,تخزين البقوليات,1,1,29,1,0,0,0,0,2,0,0,0,0,3
74,Tin cans,حفظ أدوات الخياطة,2,1,29,1,0,0,0,0,2,0,0,0,0,3
74,Tin cans,حفظ الإكسسوارات,3,1,29,1,0,0,0,0,2,0,0,0,0,3
74,Tin cans,تجميع ألعاب الأطفال,4,1,29,1,0,0,0,0,2,0,0,0,0,3
74,Tin cans,حصالة أموال,5,1,29,1,0,0,0,0,2,0,0,0,0,3
74,Tin cans,وضع بها الشموع,6,2,29,1,0,0,0,0,2,0,0,0,0,3
74,Tin cans,إناء للزراعة,7,1,29,1,0,0,0,0,2,0,0,0,0,3
75,Tin cans,أشكال مختلفة,1,2,46,NA,NA,NA,NA,NA,NA,NA,NA,NA,NA,NA
75,Tin cans,مقابض باب أو شباك,2,2,46,NA,NA,NA,NA,NA,NA,NA,NA,NA,NA,NA
75,Tin cans,عمل حائط صناعي,3,4,46,NA,NA,NA,NA,NA,NA,NA,NA,NA,NA,NA
75,Tin cans,تكوين داخلي للعبة ما,4,2,46,NA,NA,NA,NA,NA,NA,NA,NA,NA,NA,NA
75,Tin cans,الكراسي والترابيزات,5,2,46,NA,NA,NA,NA,NA,NA,NA,NA,NA,NA,NA
75,Tin cans,الزينة,6,1,46,NA,NA,NA,NA,NA,NA,NA,NA,NA,NA,NA
75,Tin cans,صناعة الإكسسوارات,7,1,46,NA,NA,NA,NA,NA,NA,NA,NA,NA,NA,NA
75,Tin cans,صناعة الساعات,8,1,46,NA,NA,NA,NA,NA,NA,NA,NA,NA,NA,NA
75,Tin cans,أشكال مصابيح,9,2,46,NA,NA,NA,NA,NA,NA,NA,NA,NA,NA,NA
75,Tin cans,سقف الفرفة,10,3,46,NA,NA,NA,NA,NA,NA,NA,NA,NA,NA,NA
75,Tin cans,مواسير لحفظ أسلاك الكهرباء,11,2,46,NA,NA,NA,NA,NA,NA,NA,NA,NA,NA,NA
75,Tin cans,إطار نظارة,12,3,46,NA,NA,NA,NA,NA,NA,NA,NA,NA,NA,NA
76,Tin cans,نضع بها الأشياء المهمة,1,1,35,0,0,0,0,0,1,0,8,21,1,31
76,Tin cans,حصالة,2,1,35,0,0,0,0,0,1,0,8,21,1,31
76,Tin cans,وضع الأشياء التي لم نستخدمها,3,1,35,0,0,0,0,0,1,0,8,21,1,31
76,Tin cans,حافظة للطعام,4,1,35,0,0,0,0,0,1,0,8,21,1,31
76,Tin cans,مزهرية,5,1,35,0,0,0,0,0,1,0,8,21,1,31
76,Tin cans,الزينة,6,1,35,0,0,0,0,0,1,0,8,21,1,31
76,Tin cans,وضع بها أشياء منزلية,7,1,35,0,0,0,0,0,1,0,8,21,1,31
76,Tin cans,مقلمة,8,1,35,0,0,0,0,0,1,0,8,21,1,31
76,Tin cans,سلة قمامة,9,1,35,0,0,0,0,0,1,0,8,21,1,31
76,Tin cans,حماية الأشياء,10,1,35,0,0,0,0,0,1,0,8,21,1,31
77,Tin cans,حصالة أموال,1,1,47,7,1,0,1,1,1,0,1,1,1,14
77,Tin cans,إناء للزراعة,2,1,47,7,1,0,1,1,1,0,1,1,1,14
77,Tin cans,مقلمة,3,1,47,7,1,0,1,1,1,0,1,1,1,14
77,Tin cans,إناء لطعام الطيور,4,1,47,7,1,0,1,1,1,0,1,1,1,14
77,Tin cans,تجميع ألعاب الأطفال بها,5,1,47,7,1,0,1,1,1,0,1,1,1,14
77,Tin cans,حفظ الاوراق المهمة,6,1,47,7,1,0,1,1,1,0,1,1,1,14
77,Tin cans,إعادة تدوير,7,1,47,7,1,0,1,1,1,0,1,1,1,14
77,Tin cans,وضع بها التوابل,8,1,47,7,1,0,1,1,1,0,1,1,1,14
77,Tin cans,إكسسوارات,9,1,47,7,1,0,1,1,1,0,1,1,1,14
77,Tin cans,التخزين,10,1,47,7,1,0,1,1,1,0,1,1,1,14
77,Tin cans,سلة قمامة,11,1,47,7,1,0,1,1,1,0,1,1,1,14
79,Tin cans,موقد صغير,1,1,45,0,0,0,0,0,0,0,0,0,8,8
79,Tin cans,الزينة,2,1,45,0,0,0,0,0,0,0,0,0,8,8
79,Tin cans,بناء للأطفال,3,1,45,0,0,0,0,0,0,0,0,0,8,8
79,Tin cans,أنابيب صفيح,4,1,45,0,0,0,0,0,0,0,0,0,8,8
79,Tin cans,أوعية,5,2,45,0,0,0,0,0,0,0,0,0,8,8
79,Tin cans,حاملات للكؤوس,6,2,45,0,0,0,0,0,0,0,0,0,8,8
79,Tin cans,مقلمة معدنية,7,2,45,0,0,0,0,0,0,0,0,0,8,8
79,Tin cans,تخزين المياة,8,1,45,0,0,0,0,0,0,0,0,0,8,8
79,Tin cans,صناعة السيارات,9,1,45,0,0,0,0,0,0,0,0,0,8,8
79,Tin cans,صناعة الحلي,10,1,45,0,0,0,0,0,0,0,0,0,8,8
79,Tin cans,تشكيلها علي شكل حيوانات,11,3,45,0,0,0,0,0,0,0,0,0,8,8
79,Tin cans,منازل مؤقتة,12,4,45,0,0,0,0,0,0,0,0,0,8,8
79,Tin cans,حاملات للمواد الكيميائية,13,1,45,0,0,0,0,0,0,0,0,0,8,8
79,Tin cans,الوقاية في مناطق العمل الخطيرة,14,2,45,0,0,0,0,0,0,0,0,0,8,8
79,Tin cans,تشكيل الخامات,15,1,45,0,0,0,0,0,0,0,0,0,8,8
79,Tin cans,رسم مربع أو دائرة,16,2,45,0,0,0,0,0,0,0,0,0,8,8
79,Tin cans,ثقل لتثبيت الأوراق,17,2,45,0,0,0,0,0,0,0,0,0,8,8
79,Tin cans,حافظ للأدوات الكبيرة,18,2,45,0,0,0,0,0,0,0,0,0,8,8
80,Tin cans,مقلمة,1,2,36,NA,NA,NA,NA,NA,NA,NA,NA,NA,NA,NA
80,Tin cans,وضع أشياء قديمة لم نعد نستخدمها,2,1,36,NA,NA,NA,NA,NA,NA,NA,NA,NA,NA,NA
80,Tin cans,سلة مهملات,3,1,36,NA,NA,NA,NA,NA,NA,NA,NA,NA,NA,NA
80,Tin cans,وضع أالإكسسوارات الصغيرة,4,3,36,NA,NA,NA,NA,NA,NA,NA,NA,NA,NA,NA
80,Tin cans,وضع الكتب بها,5,3,36,NA,NA,NA,NA,NA,NA,NA,NA,NA,NA,NA
80,Tin cans,حصالة,6,1,36,NA,NA,NA,NA,NA,NA,NA,NA,NA,NA,NA
80,Tin cans,حافظة أقلام السبورة,7,2,36,NA,NA,NA,NA,NA,NA,NA,NA,NA,NA,NA
80,Tin cans,صندوق في العجلة,8,4,36,NA,NA,NA,NA,NA,NA,NA,NA,NA,NA,NA
80,Tin cans,وضعها علي لمبات الشارع وقت المطر,9,4,36,NA,NA,NA,NA,NA,NA,NA,NA,NA,NA,NA
81,Tin cans,في الأدوات المنزلية مثل التخزين,1,2,42,0,0,0,0,6,5,1,1,0,1,14
81,Tin cans,توصيل الكهرباء,2,5,42,0,0,0,0,6,5,1,1,0,1,14
81,Tin cans,حاويات قمامة,3,1,42,0,0,0,0,6,5,1,1,0,1,14
81,Tin cans,حفظ الإكسسوارات,4,4,42,0,0,0,0,6,5,1,1,0,1,14
81,Tin cans,حافظات الطعام,5,1,42,0,0,0,0,6,5,1,1,0,1,14
81,Tin cans,في الطهي,6,2,42,0,0,0,0,6,5,1,1,0,1,14
81,Tin cans,عمل  بها طاولات,7,3,42,0,0,0,0,6,5,1,1,0,1,14
81,Tin cans,عمل بها ألعاب لتسلية الصغار,8,4,42,0,0,0,0,6,5,1,1,0,1,14
81,Tin cans,نغطي بها أعمدة الإنارة في الشتاء,9,3,42,0,0,0,0,6,5,1,1,0,1,14
81,Tin cans,أدوات لتسهيل الدراسة,10,3,42,0,0,0,0,6,5,1,1,0,1,14
82,Tin cans,الحصول علي طاقة  كالواح الطاقة الشمسية,1,5,46,6,3,7,0,6,10,1,7,0,1,41
82,Tin cans,إعادة تدوير,2,2,46,6,3,7,0,6,10,1,7,0,1,41
82,Tin cans,إناء للزراعة,3,1,46,6,3,7,0,6,10,1,7,0,1,41
83,Tin cans,إعادة تدوير,1,1,48,0,0,0,0,0,6,1,0,0,1,8
83,Tin cans,الزينة,2,2,48,0,0,0,0,0,6,1,0,0,1,8
83,Tin cans,ألعاب الأطفال,3,4,48,0,0,0,0,0,6,1,0,0,1,8
83,Tin cans,مقلمة,4,2,48,0,0,0,0,0,6,1,0,0,1,8
83,Tin cans,حفظ الأطعمة,5,2,48,0,0,0,0,0,6,1,0,0,1,8
84,Tin cans,تخزين الطعام,1,2,41,1,0,0,0,4,0,0,16,0,1,22
84,Tin cans,الزينة,2,2,41,1,0,0,0,4,0,0,16,0,1,22
84,Tin cans,إناء للزراعة,3,1,41,1,0,0,0,4,0,0,16,0,1,22
84,Tin cans,أداة حادة,4,4,41,1,0,0,0,4,0,0,16,0,1,22
84,Tin cans,عمل مكتبة,5,5,41,1,0,0,0,4,0,0,16,0,1,22
84,Tin cans,أشكال هندسية,6,4,41,1,0,0,0,4,0,0,16,0,1,22
84,Tin cans,تخزين المياة,7,1,41,1,0,0,0,4,0,0,16,0,1,22
84,Tin cans,كشماعة للطرح,8,4,41,1,0,0,0,4,0,0,16,0,1,22
84,Tin cans,استخدامة كمادة خام في الصناعة,9,1,41,1,0,0,0,4,0,0,16,0,1,22
84,Tin cans,وصع الأخشاب فيها للتدفئة,10,4,41,1,0,0,0,4,0,0,16,0,1,22
84,Tin cans,صناعة جاروف,11,4,41,1,0,0,0,4,0,0,16,0,1,22
84,Tin cans,أسقف المنازل,12,2,41,1,0,0,0,4,0,0,16,0,1,22
84,Tin cans,عمل نجفة,13,3,41,1,0,0,0,4,0,0,16,0,1,22
84,Tin cans,سلة مهملات,14,1,41,1,0,0,0,4,0,0,16,0,1,22
84,Tin cans,سلة لكرة السلة,15,3,41,1,0,0,0,4,0,0,16,0,1,22
84,Tin cans,مقلمة,16,2,41,1,0,0,0,4,0,0,16,0,1,22
84,Tin cans,في الطهي في الصحاري,17,4,41,1,0,0,0,4,0,0,16,0,1,22
84,Tin cans,كرقع للسيارات أو الأماكن المنفذة للماء,18,5,41,1,0,0,0,4,0,0,16,0,1,22
85,Tin cans,كنموذج توضيحي لأي شئ,1,3,35,0,0,0,0,1,1,0,0,0,0,2
85,Tin cans,حصالة,2,1,35,0,0,0,0,1,1,0,0,0,0,2
85,Tin cans,الزينة,3,1,35,0,0,0,0,1,1,0,0,0,0,2
85,Tin cans,أكواب للشرب,4,1,35,0,0,0,0,1,1,0,0,0,0,2
85,Tin cans,علبة هدايا,5,1,35,0,0,0,0,1,1,0,0,0,0,2
85,Tin cans,نضع فيها فرش الأسنان,6,1,35,0,0,0,0,1,1,0,0,0,0,2
85,Tin cans,عمل إكسسوارات,7,1,35,0,0,0,0,1,1,0,0,0,0,2
85,Tin cans,إناء للزراعة,8,1,35,0,0,0,0,1,1,0,0,0,0,2
85,Tin cans,أشكال وتزين بها الجدران,9,2,35,0,0,0,0,1,1,0,0,0,0,2
86,Tin cans,نضع بها أدوات الكتابة,1,1,38,2,0,2,0,1,0,1,1,0,0,7
86,Tin cans,نضع عليها الأكواب,2,3,38,2,0,2,0,1,0,1,1,0,0,7
86,Tin cans,نضع بها المحمول لشحنة,3,2,38,2,0,2,0,1,0,1,1,0,0,7
86,Tin cans,كرسي للجلوس عليه,4,1,38,2,0,2,0,1,0,1,1,0,0,7
86,Tin cans,أشكال ألعاب,5,1,38,2,0,2,0,1,0,1,1,0,0,7
86,Tin cans,عمل باب,6,1,38,2,0,2,0,1,0,1,1,0,0,7
87,Tin cans,ألعاب للأطفال,1,1,36,0,3,7,3,0,1,13,1,0,31,59
87,Tin cans,حفظ الطعام,2,1,36,0,3,7,3,0,1,13,1,0,31,59
87,Tin cans,ديكور,3,1,36,0,3,7,3,0,1,13,1,0,31,59
87,Tin cans,شمعدان للشمع,4,3,36,0,3,7,3,0,1,13,1,0,31,59
88,Tin cans,كمكعبات,1,1,31,2,0,0,0,1,1,1,0,0,0,5
88,Tin cans,كحاجز,2,3,31,2,0,0,0,1,1,1,0,0,0,5
88,Tin cans,الزينة,3,1,31,2,0,0,0,1,1,1,0,0,0,5
88,Tin cans,صندوق ألعاب,4,1,31,2,0,0,0,1,1,1,0,0,0,5
88,Tin cans,صندوق للمجوهرات,5,1,31,2,0,0,0,1,1,1,0,0,0,5
88,Tin cans,كمرمي في لعبة كرة القدم,6,1,31,2,0,0,0,1,1,1,0,0,0,5
88,Tin cans,مقلمة للأقلام,7,2,31,2,0,0,0,1,1,1,0,0,0,5
88,Tin cans,كقبعة للرأس,8,3,31,2,0,0,0,1,1,1,0,0,0,5
88,Tin cans,عمل درع مثل المحاربين القدماء,9,3,31,2,0,0,0,1,1,1,0,0,0,5
88,Tin cans,إناء للزراعة,10,1,31,2,0,0,0,1,1,1,0,0,0,5
88,Tin cans,صناعة لعبة تشبة الإنسان الآلي,11,2,31,2,0,0,0,1,1,1,0,0,0,5
88,Tin cans,كعربة لوضع الأطفال فيها,12,2,31,2,0,0,0,1,1,1,0,0,0,5
89,Tin cans,سلة قمامة,1,1,40,0,0,0,0,0,0,0,1,3,9,13
89,Tin cans,إناء للزراعة,2,1,40,0,0,0,0,0,0,0,1,3,9,13
89,Tin cans,مقلمة,3,1,40,0,0,0,0,0,0,0,1,3,9,13
89,Tin cans,وضع بها الأشياء  لم نعد نستخدمها,4,2,40,0,0,0,0,0,0,0,1,3,9,13
89,Tin cans,كأكواب للشرب,5,2,40,0,0,0,0,0,0,0,1,3,9,13
89,Tin cans,إعادة تدوير,6,2,40,0,0,0,0,0,0,0,1,3,9,13
89,Tin cans,الزينة,7,3,40,0,0,0,0,0,0,0,1,3,9,13
90,Tin cans,كحامل للأدوات مثل الأقلام والمعالق,1,1,39,NA,NA,NA,NA,NA,NA,NA,NA,NA,NA,NA
90,Tin cans,سلة مهملات,2,1,39,NA,NA,NA,NA,NA,NA,NA,NA,NA,NA,NA
90,Tin cans,ديكور,3,1,39,NA,NA,NA,NA,NA,NA,NA,NA,NA,NA,NA
90,Tin cans,نضع الهاتف المحمول بها أثناء الشحن,4,2,39,NA,NA,NA,NA,NA,NA,NA,NA,NA,NA,NA
90,Tin cans,إناء للزراعة,5,1,39,NA,NA,NA,NA,NA,NA,NA,NA,NA,NA,NA
90,Tin cans,وضع الأدوية بها,6,1,39,NA,NA,NA,NA,NA,NA,NA,NA,NA,NA,NA
90,Tin cans,نضع عليها أشياء مثل منضدة,7,1,39,NA,NA,NA,NA,NA,NA,NA,NA,NA,NA,NA
91,Tin cans,حصالة,1,1,43,NA,NA,NA,NA,NA,NA,NA,NA,NA,NA,NA
91,Tin cans,حافظة أقلام,2,1,43,NA,NA,NA,NA,NA,NA,NA,NA,NA,NA,NA
91,Tin cans,الأعمال اليدوية مثل الكروشية,3,4,43,NA,NA,NA,NA,NA,NA,NA,NA,NA,NA,NA
91,Tin cans,صناعة  كرسي,4,5,43,NA,NA,NA,NA,NA,NA,NA,NA,NA,NA,NA
91,Tin cans,صناعة حافظة أوعلبة,5,1,43,NA,NA,NA,NA,NA,NA,NA,NA,NA,NA,NA
91,Tin cans,حفظ أدوات التجميل,6,1,43,NA,NA,NA,NA,NA,NA,NA,NA,NA,NA,NA
91,Tin cans,لعبة للأطفال,7,3,43,NA,NA,NA,NA,NA,NA,NA,NA,NA,NA,NA
91,Tin cans,إناء للزراعة,8,1,43,NA,NA,NA,NA,NA,NA,NA,NA,NA,NA,NA
91,Tin cans,شماعة طرح,9,4,43,NA,NA,NA,NA,NA,NA,NA,NA,NA,NA,NA
92,Tin cans,التخزين,1,1,41,4,0,0,0,1,3,1,0,0,1,10
92,Tin cans,إناء للزراعة,2,1,41,4,0,0,0,1,3,1,0,0,1,10
92,Tin cans,علب تقسيم الملابس,3,2,41,4,0,0,0,1,3,1,0,0,1,10
92,Tin cans,علبة إكسسوارات,4,1,41,4,0,0,0,1,3,1,0,0,1,10
92,Tin cans,بيت للقطط,5,2,41,4,0,0,0,1,3,1,0,0,1,10
92,Tin cans,إشارات تدل علي الطريق,6,3,41,4,0,0,0,1,3,1,0,0,1,10
92,Tin cans,منظم أحذية,7,2,41,4,0,0,0,1,3,1,0,0,1,10
92,Tin cans,رمي الأشياء الغير مهمة,8,1,41,4,0,0,0,1,3,1,0,0,1,10
92,Tin cans,سلة نفايات,9,1,41,4,0,0,0,1,3,1,0,0,1,10
92,Tin cans,ألعاب,10,3,41,4,0,0,0,1,3,1,0,0,1,10
92,Tin cans,وضعها كحاجز عدم تجاوز المنطقة الخطيرة,11,3,41,4,0,0,0,1,3,1,0,0,1,10
92,Tin cans,صناعة معدنية,12,2,41,4,0,0,0,1,3,1,0,0,1,10
93,Tin cans,إعادة تدوير,1,1,32,0,0,0,0,0,0,1,0,0,1,2
93,Tin cans,سلة قمامة,2,3,32,0,0,0,0,0,0,1,0,0,1,2
93,Tin cans,الزينة والديكور,3,3,32,0,0,0,0,0,0,1,0,0,1,2
93,Tin cans,إستخدامها كمقاعد,4,4,32,0,0,0,0,0,0,1,0,0,1,2
93,Tin cans,ألعاب اللأطفال,5,3,32,0,0,0,0,0,0,1,0,0,1,2
93,Tin cans,إناء للزراعة,6,3,32,0,0,0,0,0,0,1,0,0,1,2
94,Tin cans,إناء للزراعة,1,3,36,2,0,0,0,0,1,1,1,0,1,6
94,Tin cans,حامل أقلام علي المكتب,2,3,36,2,0,0,0,0,1,1,1,0,1,6
94,Tin cans,بيوت للطيور الصغيرة,3,3,36,2,0,0,0,0,1,1,1,0,1,6
94,Tin cans,حصالة أموال,4,3,36,2,0,0,0,0,1,1,1,0,1,6
94,Tin cans,الزينة,5,3,36,2,0,0,0,0,1,1,1,0,1,6
94,Tin cans,صناديق قمامة,6,3,36,2,0,0,0,0,1,1,1,0,1,6
94,Tin cans,تنظيم الأدوات بها,7,2,36,2,0,0,0,0,1,1,1,0,1,6
94,Tin cans,حامل شنط وملابس,8,4,36,2,0,0,0,0,1,1,1,0,1,6
95,Tin cans,مقلمة,1,3,42,NA,NA,NA,NA,NA,NA,NA,NA,NA,NA,NA
95,Tin cans,علبة نضع بها فرش الأسنان,2,2,42,NA,NA,NA,NA,NA,NA,NA,NA,NA,NA,NA
95,Tin cans,إستخدامها كطفاية سجائر,3,3,42,NA,NA,NA,NA,NA,NA,NA,NA,NA,NA,NA
95,Tin cans,مزهرية للورود,4,3,42,NA,NA,NA,NA,NA,NA,NA,NA,NA,NA,NA
95,Tin cans,علبة يضع بها العطارة,5,2,42,NA,NA,NA,NA,NA,NA,NA,NA,NA,NA,NA
95,Tin cans,حصالة,6,3,42,NA,NA,NA,NA,NA,NA,NA,NA,NA,NA,NA
95,Tin cans,سكين أو أداة حادة,7,4,42,NA,NA,NA,NA,NA,NA,NA,NA,NA,NA,NA
95,Tin cans,إستخدامها كمنشار,8,4,42,NA,NA,NA,NA,NA,NA,NA,NA,NA,NA,NA
95,Tin cans,إستخدامها في الأدوات الفزيائية في فصل الكهرباء,9,4,42,NA,NA,NA,NA,NA,NA,NA,NA,NA,NA,NA
95,Tin cans,كموصل للحارارة والكهرباء,10,4,42,NA,NA,NA,NA,NA,NA,NA,NA,NA,NA,NA
95,Tin cans,إستخدامها كمرآة,11,2,42,NA,NA,NA,NA,NA,NA,NA,NA,NA,NA,NA
95,Tin cans,حائل لإستقبال وتجميع الضوء,12,3,42,NA,NA,NA,NA,NA,NA,NA,NA,NA,NA,NA
95,Tin cans,في أعمال النحت والتماثيل,13,4,42,NA,NA,NA,NA,NA,NA,NA,NA,NA,NA,NA
95,Tin cans,الرسم,14,4,42,NA,NA,NA,NA,NA,NA,NA,NA,NA,NA,NA
95,Tin cans,مقبض يدوي للموتور,15,4,42,NA,NA,NA,NA,NA,NA,NA,NA,NA,NA,NA
95,Tin cans,عمل رجل كرسي,16,3,42,NA,NA,NA,NA,NA,NA,NA,NA,NA,NA,NA
95,Tin cans,غطاء لكاميرات المراقبة,17,3,42,NA,NA,NA,NA,NA,NA,NA,NA,NA,NA,NA
95,Tin cans,ألعاب الأطفال,18,3,42,NA,NA,NA,NA,NA,NA,NA,NA,NA,NA,NA
96,Tin cans,حصالة أموال,1,3,41,2,0,0,0,0,1,1,0,0,1,5
96,Tin cans,ألعاب الأطفال,2,3,41,2,0,0,0,0,1,1,0,0,1,5
96,Tin cans,مقلممة أقلام,3,2,41,2,0,0,0,0,1,1,0,0,1,5
96,Tin cans,فازة ورد,4,3,41,2,0,0,0,0,1,1,0,0,1,5
96,Tin cans,صندوق قمامة,5,3,41,2,0,0,0,0,1,1,0,0,1,5
96,Tin cans,ديكور,6,3,41,2,0,0,0,0,1,1,0,0,1,5
96,Tin cans,تخزين المواد في المنزل,7,2,41,2,0,0,0,0,1,1,0,0,1,5
96,Tin cans,حفظ أدوات الحياكة,8,2,41,2,0,0,0,0,1,1,0,0,1,5
97,Tin cans,ديكور,1,3,39,NA,NA,NA,NA,NA,NA,NA,NA,NA,NA,NA
97,Tin cans,إعادة تدوير,2,2,39,NA,NA,NA,NA,NA,NA,NA,NA,NA,NA,NA
97,Tin cans,للأطفال لمنع أذيتهم إذا كسرت,3,1,39,NA,NA,NA,NA,NA,NA,NA,NA,NA,NA,NA
97,Tin cans,حوض للأسماك,4,5,39,NA,NA,NA,NA,NA,NA,NA,NA,NA,NA,NA
97,Tin cans,صنع وعاء للسمك,5,4,39,NA,NA,NA,NA,NA,NA,NA,NA,NA,NA,NA
97,Tin cans,بيت للحيوانات,6,1,39,NA,NA,NA,NA,NA,NA,NA,NA,NA,NA,NA
97,Tin cans,إناء للزراعة,7,1,39,NA,NA,NA,NA,NA,NA,NA,NA,NA,NA,NA
97,Tin cans,نكبر المحتوي الداخلي بجمعهم سويا بالإلتحام,8,1,39,NA,NA,NA,NA,NA,NA,NA,NA,NA,NA,NA
97,Tin cans,سلة قمامة,9,4,39,NA,NA,NA,NA,NA,NA,NA,NA,NA,NA,NA
97,Tin cans,لوحة تحتوي علي البهجة,10,2,39,NA,NA,NA,NA,NA,NA,NA,NA,NA,NA,NA
99,Tin cans,إعادة تدوير,1,1,32,0,0,0,0,0,0,0,6,0,0,6
99,Tin cans,وضع بعض الأشياء بها,2,2,32,0,0,0,0,0,0,0,6,0,0,6
99,Tin cans,تعبئة الأشياء بها مثل الدقيق أو الرمل,3,2,32,0,0,0,0,0,0,0,6,0,0,6
99,Tin cans,الزينة,4,2,32,0,0,0,0,0,0,0,6,0,0,6
99,Tin cans,مقلمة أقلام,5,3,32,0,0,0,0,0,0,0,6,0,0,6
99,Tin cans,وضع بها أشياء المطبخ,6,2,32,0,0,0,0,0,0,0,6,0,0,6
99,Tin cans,صنع دائرة كهربائية,7,4,32,0,0,0,0,0,0,0,6,0,0,6
99,Tin cans,وضع الأشياء القديمة بها,8,2,32,0,0,0,0,0,0,0,6,0,0,6
100,Tin cans,إعادة تدوير,1,1,36,0,0,0,0,0,0,0,1,0,1,2
100,Tin cans,الزينة,2,1,36,0,0,0,0,0,0,0,1,0,1,2
100,Tin cans,سلة قمامة,3,1,36,0,0,0,0,0,0,0,1,0,1,2
100,Tin cans,إستخدامها في المنازل والورش,4,1,36,0,0,0,0,0,0,0,1,0,1,2
100,Tin cans,مزهرية,5,1,36,0,0,0,0,0,0,0,1,0,1,2
100,Tin cans,مقلمة علي المكتب,6,2,36,0,0,0,0,0,0,0,1,0,1,2
100,Tin cans,عمل أبواب مخازن,7,1,36,0,0,0,0,0,0,0,1,0,1,2
100,Tin cans,أماكن لتربية الحيوانات,8,1,36,0,0,0,0,0,0,0,1,0,1,2
100,Tin cans,آلة حادة,9,1,36,0,0,0,0,0,0,0,1,0,1,2
100,Tin cans,صناعة  الأدوات المنزلية,10,2,36,0,0,0,0,0,0,0,1,0,1,2
100,Tin cans,صنع أسقف بيوت قديمة,11,1,36,0,0,0,0,0,0,0,1,0,1,2
100,Tin cans,إناء الزراعة,12,3,36,0,0,0,0,0,0,0,1,0,1,2
100,Tin cans,كراسي معدنية,13,2,36,0,0,0,0,0,0,0,1,0,1,2
101,Tin cans,إعادة تدوير,1,1,43,1,3,0,0,1,6,1,1,0,1,14
101,Tin cans,بيت للحيوانات,2,2,43,1,3,0,0,1,6,1,1,0,1,14
101,Tin cans,صناعة صفائح للورد وبيعها,3,1,43,1,3,0,0,1,6,1,1,0,1,14
101,Tin cans,الزينة,4,1,43,1,3,0,0,1,6,1,1,0,1,14
101,Tin cans,حصالة,5,1,43,1,3,0,0,1,6,1,1,0,1,14
101,Tin cans,آلات حادة,6,2,43,1,3,0,0,1,6,1,1,0,1,14
101,Tin cans,صنع أدرع للحماية,7,2,43,1,3,0,0,1,6,1,1,0,1,14
101,Tin cans,صنع مظلات للحماية من المطر,8,2,43,1,3,0,0,1,6,1,1,0,1,14
102,Tin cans,وضع أشياء ليس لها مكان,1,2,44,3,0,0,0,0,8,0,0,0,0,11
102,Tin cans,إستخدامها في المطبخ,2,1,44,3,0,0,0,0,8,0,0,0,0,11
102,Tin cans,جمع الأشياء المبعثرة,3,1,44,3,0,0,0,0,8,0,0,0,0,11
102,Tin cans,إستخدامها في الطعام,4,1,44,3,0,0,0,0,8,0,0,0,0,11
102,Tin cans,وضع السلاسل والعقود,5,1,44,3,0,0,0,0,8,0,0,0,0,11
103,Tin cans,الزينة,1,1,32,3,0,0,0,0,1,1,1,0,0,6
103,Tin cans,مقلمة أقلام,2,1,32,3,0,0,0,0,1,1,1,0,0,6
103,Tin cans,حصالة,3,1,32,3,0,0,0,0,1,1,1,0,0,6
103,Tin cans,إناء للزراعة,4,1,32,3,0,0,0,0,1,1,1,0,0,6
103,Tin cans,كوب للشرب,5,2,32,3,0,0,0,0,1,1,1,0,0,6
103,Tin cans,لعب للأطفال,6,1,32,3,0,0,0,0,1,1,1,0,0,6
103,Tin cans,إستخدامها كحذاء,7,2,32,3,0,0,0,0,1,1,1,0,0,6
103,Tin cans,كرسي,8,2,32,3,0,0,0,0,1,1,1,0,0,6
104,Tin cans,سلة مهملات,1,1,39,3,0,0,0,1,6,1,1,7,1,20
104,Tin cans,تخزين الطعام,2,1,39,3,0,0,0,1,6,1,1,7,1,20
104,Tin cans,إعادة تدوير,3,1,39,3,0,0,0,1,6,1,1,7,1,20
104,Tin cans,تخزين ملابس معينة,4,1,39,3,0,0,0,1,6,1,1,7,1,20
104,Tin cans,الزينة,5,1,39,3,0,0,0,1,6,1,1,7,1,20
104,Tin cans,تخزين المياة,6,1,39,3,0,0,0,1,6,1,1,7,1,20
104,Tin cans,حافظة أقلام والأوراق,7,1,39,3,0,0,0,1,6,1,1,7,1,20
105,Tin cans,إعادة تدوير,1,1,36,0,1,0,0,0,1,0,0,0,1,3
105,Tin cans,علبة هدايا,2,1,36,0,1,0,0,0,1,0,0,0,1,3
105,Tin cans,إناء للزراعة,3,2,36,0,1,0,0,0,1,0,0,0,1,3
105,Tin cans,الصناعات التي تحتوي علي معادن,4,1,36,0,1,0,0,0,1,0,0,0,1,3
105,Tin cans,إناء للطعام,5,3,36,0,1,0,0,0,1,0,0,0,1,3
105,Tin cans,عمل باب أو شباك,6,1,36,0,1,0,0,0,1,0,0,0,1,3
105,Tin cans,أواني للطعام,7,1,36,0,1,0,0,0,1,0,0,0,1,3
105,Tin cans,حصالة,8,1,36,0,1,0,0,0,1,0,0,0,1,3
105,Tin cans,أداة حادة,9,2,36,0,1,0,0,0,1,0,0,0,1,3
106,Tin cans,إناء للزراعة,1,1,42,5,0,0,0,1,1,0,0,1,1,9
106,Tin cans,إعادة تدوير,2,1,42,5,0,0,0,1,1,0,0,1,1,9
106,Tin cans,تخزين بعض الإحتياجات,3,1,42,5,0,0,0,1,1,0,0,1,1,9
106,Tin cans,مقعد,4,2,42,5,0,0,0,1,1,0,0,1,1,9
106,Tin cans,حفظ بعض المأكولات,5,1,42,5,0,0,0,1,1,0,0,1,1,9
106,Tin cans,تخزين المياة,6,1,42,5,0,0,0,1,1,0,0,1,1,9
106,Tin cans,سلة قمامة,7,1,42,5,0,0,0,1,1,0,0,1,1,9
106,Tin cans,مقلمة,8,1,42,5,0,0,0,1,1,0,0,1,1,9
107,Tin cans,صناعة بوابات صادة للرياح,1,3,42,NA,NA,NA,NA,NA,NA,NA,NA,NA,NA,NA
107,Tin cans,غطاء لبعض الأجهزة المعرضة للشممس,2,3,42,NA,NA,NA,NA,NA,NA,NA,NA,NA,NA,NA
107,Tin cans,مأوي للحيوانات لحمايتها,3,2,42,NA,NA,NA,NA,NA,NA,NA,NA,NA,NA,NA
107,Tin cans,ألعاب,4,1,42,NA,NA,NA,NA,NA,NA,NA,NA,NA,NA,NA
107,Tin cans,أسقف المنازل,5,3,42,NA,NA,NA,NA,NA,NA,NA,NA,NA,NA,NA
107,Tin cans,حصالة,6,1,42,NA,NA,NA,NA,NA,NA,NA,NA,NA,NA,NA
108,Tin cans,مقلمة,1,1,44,1,3,0,0,1,6,1,1,0,1,14
108,Tin cans,حفظ الحبوب في المنزل,2,1,44,1,3,0,0,1,6,1,1,0,1,14
108,Tin cans,شكل فني,3,1,44,1,3,0,0,1,6,1,1,0,1,14
108,Tin cans,ديكور,4,2,44,1,3,0,0,1,6,1,1,0,1,14
108,Tin cans,جاروف,5,3,44,1,3,0,0,1,6,1,1,0,1,14
108,Tin cans,إناء للزراعة,6,1,44,1,3,0,0,1,6,1,1,0,1,14
108,Tin cans,إناء للطبخ,7,2,44,1,3,0,0,1,6,1,1,0,1,14
108,Tin cans,سلة مهملات,8,1,44,1,3,0,0,1,6,1,1,0,1,14
108,Tin cans,الزينة,9,2,44,1,3,0,0,1,6,1,1,0,1,14
108,Tin cans,اللعب بالرمال,10,1,44,1,3,0,0,1,6,1,1,0,1,14
108,Tin cans,كمركز في لعبة الجولف,11,2,44,1,3,0,0,1,6,1,1,0,1,14
108,Tin cans,علبة هدايا,12,2,44,1,3,0,0,1,6,1,1,0,1,14
108,Tin cans,تقطيع الأشياء,13,1,44,1,3,0,0,1,6,1,1,0,1,14
108,Tin cans,إستخدامها في الحمام,14,3,44,1,3,0,0,1,6,1,1,0,1,14
108,Tin cans,وضع فرش الأسنان فيها,15,1,44,1,3,0,0,1,6,1,1,0,1,14
108,Tin cans,إستخدامها في الطهي,16,2,44,1,3,0,0,1,6,1,1,0,1,14
109,Tin cans,إعادة تدوير,1,1,33,0,0,0,0,1,1,0,0,0,1,3
109,Tin cans,أداة حادة,2,1,33,0,0,0,0,1,1,0,0,0,1,3
109,Tin cans,مقلمة,3,1,33,0,0,0,0,1,1,0,0,0,1,3
109,Tin cans,يمكن الجلوس عليها,4,2,33,0,0,0,0,1,1,0,0,0,1,3
109,Tin cans,الزينة,5,1,33,0,0,0,0,1,1,0,0,0,1,3
109,Tin cans,أشكال,6,2,33,0,0,0,0,1,1,0,0,0,1,3
109,Tin cans,مزهرية,7,1,33,0,0,0,0,1,1,0,0,0,1,3
109,Tin cans,الوقوف عليها للوصول للأماكن المرتفعة,8,3,33,0,0,0,0,1,1,0,0,0,1,3
109,Tin cans,تخزين الأشياء,9,1,33,0,0,0,0,1,1,0,0,0,1,3
112,Tin cans,تخزين السمن والزيت,1,1,39,0,1,0,0,1,0,1,1,0,0,4
112,Tin cans,مقلمة للأقلام,2,1,39,0,1,0,0,1,0,1,1,0,0,4
112,Tin cans,حاوية قمامة,3,1,39,0,1,0,0,1,0,1,1,0,0,4
112,Tin cans,الزينة,4,1,39,0,1,0,0,1,0,1,1,0,0,4
112,Tin cans,حامل للمعالق والسكاكين,5,2,39,0,1,0,0,1,0,1,1,0,0,4
112,Tin cans,في مؤخرة عصا طويلة لفك المصابيح في السقف,6,3,39,0,1,0,0,1,0,1,1,0,0,4
112,Tin cans,إستخدام جزء منها لفتح الباب,7,3,39,0,1,0,0,1,0,1,1,0,0,4
112,Tin cans,إستخدامها كدرع للوقاية علي اليد,8,2,39,0,1,0,0,1,0,1,1,0,0,4
112,Tin cans,حصالة,9,1,39,0,1,0,0,1,0,1,1,0,0,4
112,Tin cans,يمكن النقش عليها,10,2,39,0,1,0,0,1,0,1,1,0,0,4
112,Tin cans,حفظ البهارات والمياة,11,1,39,0,1,0,0,1,0,1,1,0,0,4
112,Tin cans,غليان الماء,12,1,39,0,1,0,0,1,0,1,1,0,0,4
112,Tin cans,صناعة إكسسوارات,13,1,39,0,1,0,0,1,0,1,1,0,0,4
112,Tin cans,صناعة مجسم,14,2,39,0,1,0,0,1,0,1,1,0,0,4
112,Tin cans,بناء بيوت علي الشاطئ,15,4,39,0,1,0,0,1,0,1,1,0,0,4
112,Tin cans,حفظ حيوانات صغيرة,16,4,39,0,1,0,0,1,0,1,1,0,0,4
112,Tin cans,لصقها علي السقف,17,3,39,0,1,0,0,1,0,1,1,0,0,4
112,Tin cans,الجلوس عليها,18,2,39,0,1,0,0,1,0,1,1,0,0,4
112,Tin cans,حفظ الجبن,19,1,39,0,1,0,0,1,0,1,1,0,0,4
112,Tin cans,حفظ الطعام,20,1,39,0,1,0,0,1,0,1,1,0,0,4
112,Tin cans,إعادة تدوير,21,1,39,0,1,0,0,1,0,1,1,0,0,4
113,Tin cans,دراجة للأطفال,1,2,38,0,21,0,0,9,0,0,0,5,4,39
113,Tin cans,عش للحمام,2,2,38,0,21,0,0,9,0,0,0,5,4,39
113,Tin cans,إناء للزراعة,3,1,38,0,21,0,0,9,0,0,0,5,4,39
113,Tin cans,علب لحفظ الأدوات,4,1,38,0,21,0,0,9,0,0,0,5,4,39
113,Tin cans,مزهرية,5,1,38,0,21,0,0,9,0,0,0,5,4,39
113,Tin cans,مدافع صوت,6,4,38,0,21,0,0,9,0,0,0,5,4,39
113,Tin cans,تخزين المخبوزات,7,1,38,0,21,0,0,9,0,0,0,5,4,39
113,Tin cans,سلة مهملات,8,1,38,0,21,0,0,9,0,0,0,5,4,39
113,Tin cans,كرسي,9,2,38,0,21,0,0,9,0,0,0,5,4,39
113,Tin cans,في الورشة يحفظ بها البنزين وزيت السيارات,10,1,38,0,21,0,0,9,0,0,0,5,4,39
114,Tin cans,إنتاج شئ جديد من المادة الخام,1,1,47,5,0,0,13,3,1,1,1,0,1,25
114,Tin cans,إعادة تدوير,2,1,47,5,0,0,13,3,1,1,1,0,1,25
114,Tin cans,إستخدامها في صناعات أخري,3,1,47,5,0,0,13,3,1,1,1,0,1,25
114,Tin cans,عمل مجسمات,4,1,47,5,0,0,13,3,1,1,1,0,1,25
115,Tin cans,حفظ المأكولات,1,1,36,0,0,0,2,0,1,0,0,0,0,3
115,Tin cans,إستخدامها في الزراعة,2,1,36,0,0,0,2,0,1,0,0,0,0,3
115,Tin cans,حفظ المشروبات الغازية,3,1,36,0,0,0,2,0,1,0,0,0,0,3
115,Tin cans,الزينة,4,1,36,0,0,0,2,0,1,0,0,0,0,3
115,Tin cans,تخزين الماء,5,1,36,0,0,0,2,0,1,0,0,0,0,3
115,Tin cans,وضع بها البنزين,6,1,36,0,0,0,2,0,1,0,0,0,0,3
115,Tin cans,أداة من أدوات الجلوس كمقعد,7,2,36,0,0,0,2,0,1,0,0,0,0,3
115,Tin cans,سلة قمامة,8,1,36,0,0,0,2,0,1,0,0,0,0,3
115,Tin cans,حفظ أدوات الخياطة,9,1,36,0,0,0,2,0,1,0,0,0,0,3
115,Tin cans,أشكال هندسية,10,1,36,0,0,0,2,0,1,0,0,0,0,3
115,Tin cans,وضع بها الكحولات,11,1,36,0,0,0,2,0,1,0,0,0,0,3
116,Tin cans,حصالة,1,1,41,NA,NA,NA,NA,NA,NA,NA,NA,NA,NA,NA
116,Tin cans,سيارة لعبة للأطفال,2,1,41,NA,NA,NA,NA,NA,NA,NA,NA,NA,NA,NA
116,Tin cans,مقلمة أقلام,3,1,41,NA,NA,NA,NA,NA,NA,NA,NA,NA,NA,NA
116,Tin cans,منظم أدوات,4,2,41,NA,NA,NA,NA,NA,NA,NA,NA,NA,NA,NA
116,Tin cans,الزينة,5,1,41,NA,NA,NA,NA,NA,NA,NA,NA,NA,NA,NA
116,Tin cans,فازة لوضع الورود,6,1,41,NA,NA,NA,NA,NA,NA,NA,NA,NA,NA,NA
116,Tin cans,إستخدامها في عملية التنقيط ( رشاش مياه),7,2,41,NA,NA,NA,NA,NA,NA,NA,NA,NA,NA,NA
116,Tin cans,صناعة مكتب صغير لوضع أشياء عليه,8,1,41,NA,NA,NA,NA,NA,NA,NA,NA,NA,NA,NA
116,Tin cans,حامل للموبايل,9,1,41,NA,NA,NA,NA,NA,NA,NA,NA,NA,NA,NA
117,Tin cans,وضع السمنة والزيت,1,1,27,0,1,0,0,0,1,1,1,0,1,5
117,Tin cans,إعادة تدوير,2,1,27,0,1,0,0,0,1,1,1,0,1,5
117,Tin cans,حفظ الأطعمة,3,1,27,0,1,0,0,0,1,1,1,0,1,5
117,Tin cans,الزينة,4,1,27,0,1,0,0,0,1,1,1,0,1,5
117,Tin cans,حاجز لحماية الحيوانات,5,2,27,0,1,0,0,0,1,1,1,0,1,5
117,Tin cans,حفظ أدوات الخياطة,6,1,27,0,1,0,0,0,1,1,1,0,1,5
117,Tin cans,وضع المواد الكيميائية كالبويات,7,2,27,0,1,0,0,0,1,1,1,0,1,5
117,Tin cans,أشكال هندسية,8,3,27,0,1,0,0,0,1,1,1,0,1,5
117,Tin cans,حفظ الأدوية,9,1,27,0,1,0,0,0,1,1,1,0,1,5
117,Tin cans,أداة حادة كالسكين,10,3,27,0,1,0,0,0,1,1,1,0,1,5
117,Tin cans,أشكال مبدعة للأطفال لسهولة التعلم,11,1,27,0,1,0,0,0,1,1,1,0,1,5
117,Tin cans,وضع بها أنواع الكحولات,12,1,27,0,1,0,0,0,1,1,1,0,1,5
118,Tin cans,تخزين الأشياء,1,1,44,6,0,0,0,1,1,1,1,0,1,11
118,Tin cans,مظلة لحماية البيوت في الشتاء,2,2,44,6,0,0,0,1,1,1,1,0,1,11
118,Tin cans,إعادة تدوير,3,1,44,6,0,0,0,1,1,1,1,0,1,11
118,Tin cans,نغلق بها جزء مفتوح في المنزل,4,1,44,6,0,0,0,1,1,1,1,0,1,11
118,Tin cans,الزينة,5,1,44,6,0,0,0,1,1,1,1,0,1,11
118,Tin cans,تنظيف بقايا الأسمنت,6,1,44,6,0,0,0,1,1,1,1,0,1,11
118,Tin cans,ديكور,7,1,44,6,0,0,0,1,1,1,1,0,1,11
118,Tin cans,حفظ الزجاج عند نقلة من مكان لأخر,8,2,44,6,0,0,0,1,1,1,1,0,1,11
118,Tin cans,قاعدة أساس للكرسي,9,2,44,6,0,0,0,1,1,1,1,0,1,11
118,Tin cans,صندوق  للتبرعات,10,2,44,6,0,0,0,1,1,1,1,0,1,11
118,Tin cans,علب للحلوي,11,1,44,6,0,0,0,1,1,1,1,0,1,11
119,Tin cans,إناء للزراعة,1,1,40,0,0,1,0,0,1,1,1,0,1,5
119,Tin cans,مقلمة للأقلام والألوان,2,1,40,0,0,1,0,0,1,1,1,0,1,5
119,Tin cans,غطاء لأفران المنازل,3,3,40,0,0,1,0,0,1,1,1,0,1,5
119,Tin cans,بيوت للعصافير,4,4,40,0,0,1,0,0,1,1,1,0,1,5
119,Tin cans,في عمود الإنارة للحفاظ علي اللمبة في أوقات الشتاء,5,3,40,0,0,1,0,0,1,1,1,0,1,5
119,Tin cans,إناء لطعام الحيوانات,6,1,40,0,0,1,0,0,1,1,1,0,1,5
119,Tin cans,صناعة سماعات صغيرة,7,1,40,0,0,1,0,0,1,1,1,0,1,5
119,Tin cans,تستخدم كلوحة,8,3,40,0,0,1,0,0,1,1,1,0,1,5
119,Tin cans,كرسي,9,2,40,0,0,1,0,0,1,1,1,0,1,5
120,Tin cans,إناء للزراعة,1,1,41,0,1,0,0,1,6,0,8,10,1,27
120,Tin cans,الزينة,2,1,41,0,1,0,0,1,6,0,8,10,1,27
120,Tin cans,إناء لطعام حيوانات الشوارع,3,1,41,0,1,0,0,1,6,0,8,10,1,27
120,Tin cans,إعادة تدوير,4,1,41,0,1,0,0,1,6,0,8,10,1,27
120,Tin cans,صناعة إطارات السيارات,5,1,41,0,1,0,0,1,6,0,8,10,1,27
120,Tin cans,طلائها وإستخدامها  في وضع البضائع,6,2,41,0,1,0,0,1,6,0,8,10,1,27
120,Tin cans,صناعة الإكسسوارات,7,2,41,0,1,0,0,1,6,0,8,10,1,27
123,Tin cans,تخزين  بعض البقوليات,1,2,35,NA,NA,NA,NA,NA,NA,NA,NA,NA,NA,NA
123,Tin cans,في مكونات الطبخ,2,2,35,NA,NA,NA,NA,NA,NA,NA,NA,NA,NA,NA
123,Tin cans,حفظ أدوات الخياطة,3,3,35,NA,NA,NA,NA,NA,NA,NA,NA,NA,NA,NA
123,Tin cans,حامل للمعالق الخشبية,4,3,35,NA,NA,NA,NA,NA,NA,NA,NA,NA,NA,NA
123,Tin cans,تجميع مكعبات الأطفال,5,4,35,NA,NA,NA,NA,NA,NA,NA,NA,NA,NA,NA
123,Tin cans,حافظة إكسسوارات,6,2,35,NA,NA,NA,NA,NA,NA,NA,NA,NA,NA,NA
123,Tin cans,حصالة,7,2,35,NA,NA,NA,NA,NA,NA,NA,NA,NA,NA,NA
123,Tin cans,الزينة,8,2,35,NA,NA,NA,NA,NA,NA,NA,NA,NA,NA,NA
123,Tin cans,إضافة بعض الشموع ووضعها داخل المنزل,9,3,35,NA,NA,NA,NA,NA,NA,NA,NA,NA,NA,NA
123,Tin cans,إناء للزراعة,10,3,35,NA,NA,NA,NA,NA,NA,NA,NA,NA,NA,NA
123,Tin cans,الزينة,11,3,35,NA,NA,NA,NA,NA,NA,NA,NA,NA,NA,NA
123,Tin cans,تحويل علبة الصفيح لمصباح,12,4,35,NA,NA,NA,NA,NA,NA,NA,NA,NA,NA,NA
123,Tin cans,منظم للأقلام,13,3,35,NA,NA,NA,NA,NA,NA,NA,NA,NA,NA,NA
123,Tin cans,أدوات المطبخ والحمام,14,3,35,NA,NA,NA,NA,NA,NA,NA,NA,NA,NA,NA
123,Tin cans,حمل النقود,15,3,35,NA,NA,NA,NA,NA,NA,NA,NA,NA,NA,NA
123,Tin cans,حفظ أدوات المدرسة,16,3,35,NA,NA,NA,NA,NA,NA,NA,NA,NA,NA,NA
124,Tin cans,وضع الأشياء الصغيرة,1,1,39,0,0,7,0,0,1,1,0,0,1,10
124,Tin cans,الزينة,2,3,39,0,0,7,0,0,1,1,0,0,1,10
124,Tin cans,مقلمة أقلام,3,3,39,0,0,7,0,0,1,1,0,0,1,10
124,Tin cans,إستخدام الصفائح كبير الحجم,4,3,39,0,0,7,0,0,1,1,0,0,1,10
124,Tin cans,وضع أغراض المطبخ,5,3,39,0,0,7,0,0,1,1,0,0,1,10
124,Tin cans,الإحتفاظ بمنتجات العناية,6,3,39,0,0,7,0,0,1,1,0,0,1,10
124,Tin cans,ديكور,7,3,39,0,0,7,0,0,1,1,0,0,1,10
125,Tin cans,صناعة تحف,1,3,39,5,8,0,0,4,6,7,1,0,1,32
125,Tin cans,إستخدامها في علب التونة,2,2,39,5,8,0,0,4,6,7,1,0,1,32
125,Tin cans,إعادة تدوير,3,1,39,5,8,0,0,4,6,7,1,0,1,32
125,Tin cans,حفظ الدبابيس,4,3,39,5,8,0,0,4,6,7,1,0,1,32
125,Tin cans,سلة للمخلفات,5,3,39,5,8,0,0,4,6,7,1,0,1,32
125,Tin cans,حصالة,6,3,39,5,8,0,0,4,6,7,1,0,1,32
125,Tin cans,تشكيل لعب للأطفال,7,4,39,5,8,0,0,4,6,7,1,0,1,32
125,Tin cans,مقلمة للأدوات الدراسية,8,3,39,5,8,0,0,4,6,7,1,0,1,32
125,Tin cans,إناء للزراعة,9,3,39,5,8,0,0,4,6,7,1,0,1,32
125,Tin cans,الزينة,10,3,39,5,8,0,0,4,6,7,1,0,1,32
125,Tin cans,تخلط فيها مجموعة زيوت للشعر,11,3,39,5,8,0,0,4,6,7,1,0,1,32
125,Tin cans,تضع فيها السمنة أو الزبدة,12,2,39,5,8,0,0,4,6,7,1,0,1,32
125,Tin cans,تدخل في صناعة الحديد,13,4,39,5,8,0,0,4,6,7,1,0,1,32
125,Tin cans,طبق لأدوات البناء,14,3,39,5,8,0,0,4,6,7,1,0,1,32
126,Tin cans,إعادة تدوير,1,1,32,3,7,0,0,6,0,1,45,0,0,62
126,Tin cans,تستخدم في علب التونة,2,3,32,3,7,0,0,6,0,1,45,0,0,62
126,Tin cans,تستخدم في علب السمنة أو الزبدة,3,2,32,3,7,0,0,6,0,1,45,0,0,62
126,Tin cans,حفظ التونة,4,2,32,3,7,0,0,6,0,1,45,0,0,62
126,Tin cans,تدخل في صناعة الحديد,5,4,32,3,7,0,0,6,0,1,45,0,0,62
126,Tin cans,حصالة,6,3,32,3,7,0,0,6,0,1,45,0,0,62
126,Tin cans,لعب الأطفال,7,3,32,3,7,0,0,6,0,1,45,0,0,62
126,Tin cans,منظم أو حامل للأقلام,8,3,32,3,7,0,0,6,0,1,45,0,0,62
126,Tin cans,الزينة,9,3,32,3,7,0,0,6,0,1,45,0,0,62
126,Tin cans,يوضع بها أدوات البناء,10,3,32,3,7,0,0,6,0,1,45,0,0,62
127,Tin cans,الإستفادة منها في المنزل,1,2,42,0,0,0,0,0,0,0,1,0,1,2
127,Tin cans,إعادة تدوير,2,1,42,0,0,0,0,0,0,0,1,0,1,2
127,Tin cans,صناعة علب  الزبدة أو الزيت,3,2,42,0,0,0,0,0,0,0,1,0,1,2
127,Tin cans,صناعة علب التونة,4,2,42,0,0,0,0,0,0,0,1,0,1,2
127,Tin cans,حصالة,5,3,42,0,0,0,0,0,0,0,1,0,1,2
127,Tin cans,سلة مهملات,6,3,42,0,0,0,0,0,0,0,1,0,1,2
127,Tin cans,لعب الأطفال,7,3,42,0,0,0,0,0,0,0,1,0,1,2
127,Tin cans,تخزين ما يحتاجة المنزل,8,2,42,0,0,0,0,0,0,0,1,0,1,2
127,Tin cans,إستخدامها لوضع شمعة كالضوء,9,3,42,0,0,0,0,0,0,0,1,0,1,2
127,Tin cans,الزينة,10,3,42,0,0,0,0,0,0,0,1,0,1,2
127,Tin cans,ديكور,11,3,42,0,0,0,0,0,0,0,1,0,1,2
127,Tin cans,يوضع بها أدوات البناء,12,3,42,0,0,0,0,0,0,0,1,0,1,2
129,Tin cans,إعادة تدوير,1,1,38,0,0,0,0,0,4,0,1,0,1,6
129,Tin cans,تخزين الأشياء,2,2,38,0,0,0,0,0,4,0,1,0,1,6
129,Tin cans,إستخدامها في الشرب,3,2,38,0,0,0,0,0,4,0,1,0,1,6
129,Tin cans,أداة حادة,4,1,38,0,0,0,0,0,4,0,1,0,1,6
129,Tin cans,مصدر رزق لبعض الناس,5,4,38,0,0,0,0,0,4,0,1,0,1,6
130,Tin cans,حصالة,1,1,37,0,0,0,0,7,3,0,0,0,1,11
130,Tin cans,جمع الأشياء الصغيرة المهمة,2,1,37,0,0,0,0,7,3,0,0,0,1,11
130,Tin cans,وضع فيها أكل للحيوانات,3,1,37,0,0,0,0,7,3,0,0,0,1,11
130,Tin cans,وسيلة تعليمية لموضوع الدرس,4,2,37,0,0,0,0,7,3,0,0,0,1,11
130,Tin cans,كموضوع شرح في معرفة كيف تم صناعتها,5,3,37,0,0,0,0,7,3,0,0,0,1,11
130,Tin cans,سلة قمامة,6,1,37,0,0,0,0,7,3,0,0,0,1,11
130,Tin cans,عمل مجسمات وأشكال,7,2,37,0,0,0,0,7,3,0,0,0,1,11
131,Tin cans,بيت  للقطط,1,2,35,3,1,0,0,0,7,0,2,0,0,13
131,Tin cans,صندوق لفظ الألعاب,2,1,35,3,1,0,0,0,7,0,2,0,0,13
131,Tin cans,حافظة للملابس الأطفال,3,2,35,3,1,0,0,0,7,0,2,0,0,13
131,Tin cans,حفظ الإكسسوارات,4,1,35,3,1,0,0,0,7,0,2,0,0,13
131,Tin cans,حفظ الطعام,5,1,35,3,1,0,0,0,7,0,2,0,0,13
131,Tin cans,حافظة للأقلام,6,1,35,3,1,0,0,0,7,0,2,0,0,13
131,Tin cans,عمل إكسسوارات,7,2,35,3,1,0,0,0,7,0,2,0,0,13
131,Tin cans,صنع حقيبة,8,3,35,3,1,0,0,0,7,0,2,0,0,13
131,Tin cans,أداة حادة,9,2,35,3,1,0,0,0,7,0,2,0,0,13
131,Tin cans,لافتة  للكتابة عليها,10,2,35,3,1,0,0,0,7,0,2,0,0,13
132,Tin cans,سلة مهملات,1,1,39,3,0,5,0,0,1,0,0,0,1,10
132,Tin cans,عمل برطمان للتخزين,2,1,39,3,0,5,0,0,1,0,0,0,1,10
132,Tin cans,إعادة تدوير,3,1,39,3,0,5,0,0,1,0,0,0,1,10
132,Tin cans,حامل تليفونات في الشوارع,4,2,39,3,0,5,0,0,1,0,0,0,1,10
132,Tin cans,إستخدامها في الالحمامات والمطابخ,5,1,39,3,0,5,0,0,1,0,0,0,1,10
132,Tin cans,إستخدامها في مداخل العمارات والمباني,6,2,39,3,0,5,0,0,1,0,0,0,1,10
132,Tin cans,حفظ مستحضرات التجميل,7,1,39,3,0,5,0,0,1,0,0,0,1,10
132,Tin cans,علبة هدايا,8,1,39,3,0,5,0,0,1,0,0,0,1,10
132,Tin cans,إستخدامها في التنظيف,9,1,39,3,0,5,0,0,1,0,0,0,1,10
132,Tin cans,حفظ الطعام,10,3,39,3,0,5,0,0,1,0,0,0,1,10
132,Tin cans,سلة مهملات,11,1,39,3,0,5,0,0,1,0,0,0,1,10
132,Tin cans,أطباق لتناول الطعام,12,1,39,3,0,5,0,0,1,0,0,0,1,10
132,Tin cans,إستخدامها لتسخين الطعام,13,1,39,3,0,5,0,0,1,0,0,0,1,10
133,Tin cans,مقلمة أقلام,1,1,38,0,0,0,0,1,1,0,0,0,0,2
133,Tin cans,سلة قمامة,2,1,38,0,0,0,0,1,1,0,0,0,0,2
133,Tin cans,تخزين الحبوب الغذائية,3,1,38,0,0,0,0,1,1,0,0,0,0,2
133,Tin cans,إناء للزراعة,4,1,38,0,0,0,0,1,1,0,0,0,0,2
133,Tin cans,حفظ الألعاب,5,2,38,0,0,0,0,1,1,0,0,0,0,2
133,Tin cans,الزينة,6,1,38,0,0,0,0,1,1,0,0,0,0,2
133,Tin cans,إستخدامها في ورش الميكانيكا,7,2,38,0,0,0,0,1,1,0,0,0,0,2
133,Tin cans,وضع أشياء داخلها,8,1,38,0,0,0,0,1,1,0,0,0,0,2
134,Tin cans,تخزين الأشياء,1,1,40,0,0,0,0,1,1,0,0,0,0,2
134,Tin cans,حصالة,2,1,40,0,0,0,0,1,1,0,0,0,0,2
134,Tin cans,عمل مجسم,3,1,40,0,0,0,0,1,1,0,0,0,0,2
134,Tin cans,وضع الأشياء,4,1,40,0,0,0,0,1,1,0,0,0,0,2
134,Tin cans,إعادة تدوير,5,2,40,0,0,0,0,1,1,0,0,0,0,2
134,Tin cans,ألعاب الأطفال,6,1,40,0,0,0,0,1,1,0,0,0,0,2
135,Tin cans,صناديق للقمامة,1,1,37,0,1,0,0,0,6,1,0,0,1,9
135,Tin cans,إناء للزراعة,2,1,37,0,1,0,0,0,6,1,0,0,1,9
135,Tin cans,تجميع ألعاب الأطفال بها,3,1,37,0,1,0,0,0,6,1,0,0,1,9
135,Tin cans,صندوق للأقلام,4,2,37,0,1,0,0,0,6,1,0,0,1,9
135,Tin cans,تخزين الماء بها,5,1,37,0,1,0,0,0,6,1,0,0,1,9
135,Tin cans,جمع الدبابيس بها,6,2,37,0,1,0,0,0,6,1,0,0,1,9
135,Tin cans,وضع بها أنوار كالفوانيس,7,3,37,0,1,0,0,0,6,1,0,0,1,9
135,Tin cans,وضع داخلها حجارة وجعلها تصدر صوتاً,8,4,37,0,1,0,0,0,6,1,0,0,1,9
136,Tin cans,سلة قمامة,1,1,40,0,0,0,0,0,1,1,0,0,1,3
136,Tin cans,الزينة,2,1,40,0,0,0,0,0,1,1,0,0,1,3
136,Tin cans,صندوق للأدوات الشخصية,3,1,40,0,0,0,0,0,1,1,0,0,1,3
136,Tin cans,صندوق للكتب الدراسية,4,1,40,0,0,0,0,0,1,1,0,0,1,3
136,Tin cans,مقلمة للأقلام,5,1,40,0,0,0,0,0,1,1,0,0,1,3
136,Tin cans,دولاب للملابس,6,1,40,0,0,0,0,0,1,1,0,0,1,3
136,Tin cans,إستخدامها كمكتب للتلفيزيون,7,3,40,0,0,0,0,0,1,1,0,0,1,3
136,Tin cans,منظم أحذية,8,1,40,0,0,0,0,0,1,1,0,0,1,3
137,Tin cans,إعادة تدوير,1,1,34,2,0,0,0,0,6,1,0,0,1,10
137,Tin cans,حصالة,2,1,34,2,0,0,0,0,6,1,0,0,1,10
137,Tin cans,مقلمة أقلام,3,1,34,2,0,0,0,0,6,1,0,0,1,10
137,Tin cans,وضعها فوق بعضها البعض ووضع شئ عليها,4,1,34,2,0,0,0,0,6,1,0,0,1,10
137,Tin cans,إستخدامها في المطبخ ووضع بها المعالق,5,1,34,2,0,0,0,0,6,1,0,0,1,10
137,Tin cans,وضع  فيها بعض الزهور,6,1,34,2,0,0,0,0,6,1,0,0,1,10
137,Tin cans,وضع بها فرش الميكب علي التسريحة,7,2,34,2,0,0,0,0,6,1,0,0,1,10
137,Tin cans,ديكور,8,1,34,2,0,0,0,0,6,1,0,0,1,10
140,Tin cans,وضع المهملات بها,1,1,37,0,0,0,0,0,3,0,0,6,1,10
140,Tin cans,عمل شكل معين,2,1,37,0,0,0,0,0,3,0,0,6,1,10
140,Tin cans,يوضع بها الأشياء التي لا يوجد لها مكان,3,1,37,0,0,0,0,0,3,0,0,6,1,10
140,Tin cans,النحت عليها,4,2,37,0,0,0,0,0,3,0,0,6,1,10
140,Tin cans,وضع الأكل والمياة للحيوانات التي توجد في الشوارع,5,1,37,0,0,0,0,0,3,0,0,6,1,10
140,Tin cans,وضع المواد الضارة بها,6,3,37,0,0,0,0,0,3,0,0,6,1,10
141,Tin cans,حصالة,1,1,40,3,54,0,0,0,0,0,0,0,1,58
141,Tin cans,صنع منضدة,2,2,40,3,54,0,0,0,0,0,0,0,1,58
141,Tin cans,إستخدامها في بعض الألعاب لتصدر الأصوات,3,1,40,3,54,0,0,0,0,0,0,0,1,58
141,Tin cans,ألة موسيقي,4,3,40,3,54,0,0,0,0,0,0,0,1,58
141,Tin cans,تجميع الألعاب الصغيرة,5,1,40,3,54,0,0,0,0,0,0,0,1,58
141,Tin cans,تخزين الأشياء القديمة,6,1,40,3,54,0,0,0,0,0,0,0,1,58
141,Tin cans,وضع الأطعمة الباقية,7,1,40,3,54,0,0,0,0,0,0,0,1,58
141,Tin cans,إستخدامها لوض الأكل والشرب لبعض الحيوانات,8,1,40,3,54,0,0,0,0,0,0,0,1,58
141,Tin cans,الزينة,9,1,40,3,54,0,0,0,0,0,0,0,1,58
141,Tin cans,مصدر للصوت العالي,10,4,40,3,54,0,0,0,0,0,0,0,1,58
141,Tin cans,في التجارب العلمية التي تتطلب جسم موصل للكهرباء,11,5,40,3,54,0,0,0,0,0,0,0,1,58
141,Tin cans,مقلمة أقلام أو أدوات الرسم أو التجميل,12,1,40,3,54,0,0,0,0,0,0,0,1,58
143,Tin cans,عمل بار حديد للعب به,1,3,41,0,0,0,0,0,1,1,0,0,0,2
143,Tin cans,مقلمة أقلام,2,1,41,0,0,0,0,0,1,1,0,0,0,2
143,Tin cans,إناء للزراعة,3,1,41,0,0,0,0,0,1,1,0,0,0,2
143,Tin cans,صندوق للقمامة,4,1,41,0,0,0,0,0,1,1,0,0,0,2
143,Tin cans,أشكال هندسية,5,5,41,0,0,0,0,0,1,1,0,0,0,2
143,Tin cans,تستخدم في ري الزرع,6,1,41,0,0,0,0,0,1,1,0,0,0,2
143,Tin cans,حصالة,7,1,41,0,0,0,0,0,1,1,0,0,0,2
144,Tin cans,إستخدامها في صناعات الروبوت,1,3,34,6,0,0,0,1,1,0,0,0,1,9
144,Tin cans,إبتكار الأجهزة الحديثة,2,2,34,6,0,0,0,1,1,0,0,0,1,9
144,Tin cans,مصدر دخل لبعض الناس,3,2,34,6,0,0,0,1,1,0,0,0,1,9
144,Tin cans,إستخدامها في صناعة السيارات,4,1,34,6,0,0,0,1,1,0,0,0,1,9
144,Tin cans,تعبئة المواد الغذائية,5,1,34,6,0,0,0,1,1,0,0,0,1,9
144,Tin cans,الزينة,6,1,34,6,0,0,0,1,1,0,0,0,1,9
144,Tin cans,صناعة المحركات,7,1,34,6,0,0,0,1,1,0,0,0,1,9
144,Tin cans,صناعة الطائرات,8,1,34,6,0,0,0,1,1,0,0,0,1,9
144,Tin cans,إستخدامها في مجال الفنون,9,1,34,6,0,0,0,1,1,0,0,0,1,9
144,Tin cans,تحويلها لأدوات منزلية حديثة,10,1,34,6,0,0,0,1,1,0,0,0,1,9
145,Tin cans,حصالة,1,1,33,3,0,0,0,0,1,0,7,0,1,12
145,Tin cans,وضع الورق بها,2,1,33,3,0,0,0,0,1,0,7,0,1,12
145,Tin cans,مقلمة أقلام,3,1,33,3,0,0,0,0,1,0,7,0,1,12
145,Tin cans,حافظة إكسسوارات وأدوات تجميل,4,1,33,3,0,0,0,0,1,0,7,0,1,12
145,Tin cans,الزينة,5,1,33,3,0,0,0,0,1,0,7,0,1,12
146,Tin cans,تعبئة المواد الغذائية,1,1,40,0,0,0,0,0,0,0,0,0,1,1
146,Tin cans,تستخدم في أغراض المطبخ,2,1,40,0,0,0,0,0,0,0,0,0,1,1
146,Tin cans,حفظ الأشياء الصغيرة,3,1,40,0,0,0,0,0,0,0,0,0,1,1
146,Tin cans,تستخدم في محلات بيع مستلزمات خياطة الملابس,4,1,40,0,0,0,0,0,0,0,0,0,1,1
146,Tin cans,عمل مجسمات,5,1,40,0,0,0,0,0,0,0,0,0,1,1
146,Tin cans,يستخدمها الأطفال في اللعب,6,1,40,0,0,0,0,0,0,0,0,0,1,1
146,Tin cans,سلة قمامة,7,1,40,0,0,0,0,0,0,0,0,0,1,1
146,Tin cans,مقاعد للمارة,8,2,40,0,0,0,0,0,0,0,0,0,1,1
146,Tin cans,الزينة,9,1,40,0,0,0,0,0,0,0,0,0,1,1
146,Tin cans,الرسم عليها,10,2,40,0,0,0,0,0,0,0,0,0,1,1
146,Tin cans,أسطح للحماية من الشمس,11,2,40,0,0,0,0,0,0,0,0,0,1,1
147,Tin cans,منظم للأقلام والأدوات الدراسية,1,1,42,0,1,0,0,0,1,1,0,0,1,4
147,Tin cans,ديكور,2,2,42,0,1,0,0,0,1,1,0,0,1,4
147,Tin cans,إستخدامها في أدوات المطبخ,3,1,42,0,1,0,0,0,1,1,0,0,1,4
147,Tin cans,تجميع مكعبات الأطفال فيها,4,1,42,0,1,0,0,0,1,1,0,0,1,4
147,Tin cans,الزينة,5,1,42,0,1,0,0,0,1,1,0,0,1,4
147,Tin cans,حافظة إكسسوارات,6,1,42,0,1,0,0,0,1,1,0,0,1,4
147,Tin cans,حافظة للأشياء الصغيرة,7,1,42,0,1,0,0,0,1,1,0,0,1,4
148,Tin cans,وضع فيها الخيط والإبر,1,1,20,0,0,0,0,0,0,0,0,0,0,0
148,Tin cans,مقلمة أقلام,2,1,20,0,0,0,0,0,0,0,0,0,0,0
148,Tin cans,وضع بها الأوراق المهمة,3,1,20,0,0,0,0,0,0,0,0,0,0,0
148,Tin cans,وضع بها الإكسسوارات,4,1,20,0,0,0,0,0,0,0,0,0,0,0
148,Tin cans,وضع بها مستحضرات التجميل,5,1,20,0,0,0,0,0,0,0,0,0,0,0
148,Tin cans,حفظ المخبوزات,6,1,20,0,0,0,0,0,0,0,0,0,0,0
148,Tin cans,حصالة,7,1,20,0,0,0,0,0,0,0,0,0,0,0
148,Tin cans,إناء للزراعة,8,1,20,0,0,0,0,0,0,0,0,0,0,0
148,Tin cans,يوضع فيها الدبابيس,9,1,20,0,0,0,0,0,0,0,0,0,0,0
148,Tin cans,يوضع فيها منتجات العناية بالبشرة,10,1,20,0,0,0,0,0,0,0,0,0,0,0
148,Tin cans,يوضع فيها أدوات النظافة الشخصية,11,1,20,0,0,0,0,0,0,0,0,0,0,0
148,Tin cans,سلة مهملات,12,1,20,0,0,0,0,0,0,0,0,0,0,0
148,Tin cans,إستخدامها كإناء يوضع فيه المياة  للتنظيف,13,1,20,0,0,0,0,0,0,0,0,0,0,0
148,Tin cans,وضع فيها القمامة,14,1,20,0,0,0,0,0,0,0,0,0,0,0
149,Tin cans,إعادة تدوير,1,1,40,0,3,0,0,3,0,0,10,5,1,22
149,Tin cans,إستخدامها في أغراض المطبخ,2,1,40,0,3,0,0,3,0,0,10,5,1,22
149,Tin cans,إناء للزراعة,3,1,40,0,3,0,0,3,0,0,10,5,1,22
149,Tin cans,مقلمة للأقلام,4,1,40,0,3,0,0,3,0,0,10,5,1,22
149,Tin cans,زهرية توضع داخل الفصل,5,1,40,0,3,0,0,3,0,0,10,5,1,22
149,Tin cans,زراعة بذور تستخدم  للتجربة في المعمل,6,2,40,0,3,0,0,3,0,0,10,5,1,22
149,Tin cans,تخزين الماء,7,1,40,0,3,0,0,3,0,0,10,5,1,22
149,Tin cans,تدخل في صناعة المصابيح,8,1,40,0,3,0,0,3,0,0,10,5,1,22
149,Tin cans,تخزين الطعام,9,1,40,0,3,0,0,3,0,0,10,5,1,22
149,Tin cans,أشكال يدوية,10,1,40,0,3,0,0,3,0,0,10,5,1,22
151,Tin cans,إناء للزراعة,1,1,41,0,0,0,0,1,1,0,0,0,1,3
151,Tin cans,الزينة,2,1,41,0,0,0,0,1,1,0,0,0,1,3
151,Tin cans,حصالة,3,1,41,0,0,0,0,1,1,0,0,0,1,3
151,Tin cans,إعادة تدوير,4,2,41,0,0,0,0,1,1,0,0,0,1,3
151,Tin cans,وضع الأسمنت بها وعمل الأوزان,5,1,41,0,0,0,0,1,1,0,0,0,1,3
151,Tin cans,صندوق قمامة,6,1,41,0,0,0,0,1,1,0,0,0,1,3
151,Tin cans,وضع بعض الأغراض الشخصية,7,2,41,0,0,0,0,1,1,0,0,0,1,3
151,Tin cans,إستخدامها في سقف الأسطح,8,1,41,0,0,0,0,1,1,0,0,0,1,3
151,Tin cans,كرسي أو أثاث,9,1,41,0,0,0,0,1,1,0,0,0,1,3
152,Tin cans,إعادة تدوير,1,1,40,0,0,0,0,1,1,0,0,0,0,2
152,Tin cans,منظم أقلام,2,2,40,0,0,0,0,1,1,0,0,0,0,2
152,Tin cans,الزينة,3,3,40,0,0,0,0,1,1,0,0,0,0,2
152,Tin cans,عمل مكعبات للأطفال,4,1,40,0,0,0,0,1,1,0,0,0,0,2
152,Tin cans,ديكور المنزل,5,1,40,0,0,0,0,1,1,0,0,0,0,2
153,Tin cans,وضع بها منتجات,1,1,40,32,13,0,0,1,0,3,3,3,1,56
153,Tin cans,حصالة,2,1,40,32,13,0,0,1,0,3,3,3,1,56
153,Tin cans,وضع بها الأدوات الشخصية,3,1,40,32,13,0,0,1,0,3,3,3,1,56
153,Tin cans,تستخدم في شرب المشروبات,4,1,40,32,13,0,0,1,0,3,3,3,1,56
153,Tin cans,حمل الأشياء,5,1,40,32,13,0,0,1,0,3,3,3,1,56
153,Tin cans,أشكال متعددة,6,1,40,32,13,0,0,1,0,3,3,3,1,56
153,Tin cans,عمل مكعبات,7,1,40,32,13,0,0,1,0,3,3,3,1,56
153,Tin cans,أشكال هندسية,8,4,40,32,13,0,0,1,0,3,3,3,1,56
153,Tin cans,الزينة,9,1,40,32,13,0,0,1,0,3,3,3,1,56
153,Tin cans,تخزين الأشياء بها,10,1,40,32,13,0,0,1,0,3,3,3,1,56
154,Tin cans,إعادة تدوير,1,1,36,0,0,0,0,0,0,0,0,0,0,0
154,Tin cans,حفظ المواد الغذائية,2,1,36,0,0,0,0,0,0,0,0,0,0,0
154,Tin cans,تخزين الطعام,3,1,36,0,0,0,0,0,0,0,0,0,0,0
154,Tin cans,في إستخدام البترول,4,3,36,0,0,0,0,0,0,0,0,0,0,0
154,Tin cans,سلة مخلفات,5,1,36,0,0,0,0,0,0,0,0,0,0,0
155,Tin cans,حصالة,1,1,42,0,1,2,0,3,17,1,1,1,4,30
155,Tin cans,مقلمة أقلام,2,1,42,0,1,2,0,3,17,1,1,1,4,30
155,Tin cans,إستخدامها في الزراعة,3,1,42,0,1,2,0,3,17,1,1,1,4,30
155,Tin cans,كمعيار أثناء امعاملات البيع والشراء,4,4,42,0,1,2,0,3,17,1,1,1,4,30
155,Tin cans,وضع الطعام فيها للقطط,5,1,42,0,1,2,0,3,17,1,1,1,4,30
155,Tin cans,مظلة للمصباح,6,3,42,0,1,2,0,3,17,1,1,1,4,30
155,Tin cans,في بعض أعمال الصيانة,7,2,42,0,1,2,0,3,17,1,1,1,4,30
155,Tin cans,وض الأشياء في شكل منظم,8,1,42,0,1,2,0,3,17,1,1,1,4,30
155,Tin cans,عمل ألعاب للأطفال,9,1,42,0,1,2,0,3,17,1,1,1,4,30
155,Tin cans,وضع السمنة لها,10,1,42,0,1,2,0,3,17,1,1,1,4,30
155,Tin cans,الزينة,11,1,42,0,1,2,0,3,17,1,1,1,4,30
156,Tin cans,صناعة المخلل في علبة الصفيح,1,1,40,0,0,0,0,0,10,0,7,0,0,17
156,Tin cans,إعادة تدوير,2,1,40,0,0,0,0,0,10,0,7,0,0,17
156,Tin cans,حصالة,3,1,40,0,0,0,0,0,10,0,7,0,0,17
156,Tin cans,بيوت للطيور,4,3,40,0,0,0,0,0,10,0,7,0,0,17
156,Tin cans,تخزين الطعام,5,1,40,0,0,0,0,0,10,0,7,0,0,17
156,Tin cans,تخزين الفواكة,6,1,40,0,0,0,0,0,10,0,7,0,0,17
156,Tin cans,صناعة الصابون السائل بها,7,2,40,0,0,0,0,0,10,0,7,0,0,17
156,Tin cans,سلة قمامة,8,1,40,0,0,0,0,0,10,0,7,0,0,17
156,Tin cans,أداة لرش الماء,9,1,40,0,0,0,0,0,10,0,7,0,0,17
156,Tin cans,الزينة,10,1,40,0,0,0,0,0,10,0,7,0,0,17
156,Tin cans,إناء للزراعة,11,1,40,0,0,0,0,0,10,0,7,0,0,17
157,Tin cans,ديكور ( صناعة أباجورة ),1,2,35,7,0,0,0,5,6,0,8,0,1,27
157,Tin cans,حامل أقلام,2,1,35,7,0,0,0,5,6,0,8,0,1,27
157,Tin cans,سلة قمامة,3,1,35,7,0,0,0,5,6,0,8,0,1,27
157,Tin cans,تخزين المواد الغذائية في المنزل,4,1,35,7,0,0,0,5,6,0,8,0,1,27
157,Tin cans,صناعة الدبابيس,5,3,35,7,0,0,0,5,6,0,8,0,1,27
157,Tin cans,عمل ألواح معدنية,6,2,35,7,0,0,0,5,6,0,8,0,1,27
157,Tin cans,صناعة بعض أثاث المنزل,7,2,35,7,0,0,0,5,6,0,8,0,1,27
157,Tin cans,صناعة أنبوبة الأقلام,8,1,35,7,0,0,0,5,6,0,8,0,1,27
157,Tin cans,صناعة بعض الإكسسوارات,9,1,35,7,0,0,0,5,6,0,8,0,1,27
157,Tin cans,إستخدامها في بعض التجارب المعملية,10,2,35,7,0,0,0,5,6,0,8,0,1,27
158,Tin cans,حفظ الأقلام علي المكتب,1,2,44,NA,NA,NA,NA,NA,NA,NA,NA,NA,NA,NA
158,Tin cans,الزينة,2,3,44,NA,NA,NA,NA,NA,NA,NA,NA,NA,NA,NA
158,Tin cans,إعادة تدوير,3,3,44,NA,NA,NA,NA,NA,NA,NA,NA,NA,NA,NA
158,Tin cans,سلة قمامة,4,1,44,NA,NA,NA,NA,NA,NA,NA,NA,NA,NA,NA
158,Tin cans,وضع العديد من الأشياء بداخلها كالملابس,5,3,44,NA,NA,NA,NA,NA,NA,NA,NA,NA,NA,NA
158,Tin cans,وضع قطع من الحلوي بداخلها,6,2,44,NA,NA,NA,NA,NA,NA,NA,NA,NA,NA,NA
158,Tin cans,إستخدامها في أغراض المطبخ,7,1,44,NA,NA,NA,NA,NA,NA,NA,NA,NA,NA,NA
158,Tin cans,وضع الزيت والشامبو بها,8,3,44,NA,NA,NA,NA,NA,NA,NA,NA,NA,NA,NA
158,Tin cans,وضع بداخلها العديد من الخضراوات,9,2,44,NA,NA,NA,NA,NA,NA,NA,NA,NA,NA,NA
158,Tin cans,وضع  الفاكهة بها,10,2,44,NA,NA,NA,NA,NA,NA,NA,NA,NA,NA,NA
158,Tin cans,ديكور,11,2,44,NA,NA,NA,NA,NA,NA,NA,NA,NA,NA,NA
158,Tin cans,وضع الدبابيس بها,12,1,44,NA,NA,NA,NA,NA,NA,NA,NA,NA,NA,NA
158,Tin cans,وضع الإكسسوارات بها,13,2,44,NA,NA,NA,NA,NA,NA,NA,NA,NA,NA,NA
158,Tin cans,وضع ريموت التلفاز بها,14,2,44,NA,NA,NA,NA,NA,NA,NA,NA,NA,NA,NA
158,Tin cans,وضع بها أشياء مختلفة,15,1,44,NA,NA,NA,NA,NA,NA,NA,NA,NA,NA,NA
158,Tin cans,كتابة جمل تحفيزية عليها,16,4,44,NA,NA,NA,NA,NA,NA,NA,NA,NA,NA,NA
158,Tin cans,الزينة,17,2,44,NA,NA,NA,NA,NA,NA,NA,NA,NA,NA,NA
158,Tin cans,مزهرية,18,1,44,NA,NA,NA,NA,NA,NA,NA,NA,NA,NA,NA
160,Tin cans,ألعاب الأطفال,1,4,40,0,1,0,0,1,1,0,1,0,1,5
160,Tin cans,تحويلها  إلي علب بيبسي,2,1,40,0,1,0,0,1,1,0,1,0,1,5
160,Tin cans,تحويلها إلي تماثيل من المعدن,3,5,40,0,1,0,0,1,1,0,1,0,1,5
160,Tin cans,إكسسوارات,4,4,40,0,1,0,0,1,1,0,1,0,1,5
160,Tin cans,أطباق للطعام,5,3,40,0,1,0,0,1,1,0,1,0,1,5
160,Tin cans,الزينة,6,2,40,0,1,0,0,1,1,0,1,0,1,5
160,Tin cans,زجاجات للشرب,7,1,40,0,1,0,0,1,1,0,1,0,1,5
160,Tin cans,إناء للزلراعة,8,1,40,0,1,0,0,1,1,0,1,0,1,5
160,Tin cans,عمل كرسي,9,3,40,0,1,0,0,1,1,0,1,0,1,5
160,Tin cans,إستخدامها في أدوات الكهرباء,10,4,40,0,1,0,0,1,1,0,1,0,1,5
160,Tin cans,تدويرها لتستخدم في الأدوات الموجودة في الجامعات,11,3,40,0,1,0,0,1,1,0,1,0,1,5
160,Tin cans,عمل أسقف المنازل,12,3,40,0,1,0,0,1,1,0,1,0,1,5
161,Tin cans,زجاجة لحفظ الأزهار,1,1,26,2,1,0,0,0,6,1,0,3,1,14
161,Tin cans,حفظ الأدوات المنزلية,2,2,26,2,1,0,0,0,6,1,0,3,1,14
161,Tin cans,الزينة,3,2,26,2,1,0,0,0,6,1,0,3,1,14
161,Tin cans,ألعاب الأطفال,4,3,26,2,1,0,0,0,6,1,0,3,1,14
161,Tin cans,إعادة تدوير,5,1,26,2,1,0,0,0,6,1,0,3,1,14
161,Tin cans,كمصباح عن طريق وضع الإنارة داخله,6,3,26,2,1,0,0,0,6,1,0,3,1,14
161,Tin cans,واقي للهاتف,7,5,26,2,1,0,0,0,6,1,0,3,1,14
161,Tin cans,صنع أنشطة مدرسية لتعليم الطلاب,8,4,26,2,1,0,0,0,6,1,0,3,1,14
161,Tin cans,صنع إكسسوارات,9,4,26,2,1,0,0,0,6,1,0,3,1,14
161,Tin cans,حامل للأشياء,10,3,26,2,1,0,0,0,6,1,0,3,1,14
161,Tin cans,حفظ الطعام,11,1,26,2,1,0,0,0,6,1,0,3,1,14
162,Tin cans,مقلمة,1,2,37,0,1,0,0,0,0,1,0,0,0,2
162,Tin cans,تخزين الأشياء,2,3,37,0,1,0,0,0,0,1,0,0,0,2
162,Tin cans,بيت للطيور,3,1,37,0,1,0,0,0,0,1,0,0,0,2
162,Tin cans,إناء تشرب منه الطيور,4,4,37,0,1,0,0,0,0,1,0,0,0,2
163,Tin cans,إستخدامها في الألوان للتعبير عن ألوان الطيف,1,1,37,8,1,0,0,0,1,1,1,8,1,21
163,Tin cans,إناء للزراعة,2,2,37,8,1,0,0,0,1,1,1,8,1,21
163,Tin cans,مقلمة أقلام,3,2,37,8,1,0,0,0,1,1,1,8,1,21
163,Tin cans,حصالة,4,1,37,8,1,0,0,0,1,1,1,8,1,21
163,Tin cans,الزينة,5,2,37,8,1,0,0,0,1,1,1,8,1,21
163,Tin cans,مصدر للصوت,6,5,37,8,1,0,0,0,1,1,1,8,1,21
164,Tin cans,سلة قمامة,1,1,45,2,1,2,0,0,4,1,1,1,1,13
164,Tin cans,ديكور,2,3,45,2,1,2,0,0,4,1,1,1,1,13
164,Tin cans,فازة للورد,3,1,45,2,1,2,0,0,4,1,1,1,1,13
164,Tin cans,مقلمة أقلام,4,2,45,2,1,2,0,0,4,1,1,1,1,13
164,Tin cans,كرسي,5,2,45,2,1,2,0,0,4,1,1,1,1,13
164,Tin cans,التخزين,6,1,45,2,1,2,0,0,4,1,1,1,1,13
164,Tin cans,منزل صغير للكلب,7,4,45,2,1,2,0,0,4,1,1,1,1,13
165,Tin cans,إناء للزراعة,1,3,36,0,1,0,0,1,1,3,0,1,1,8
165,Tin cans,حامل أقلام,2,2,36,0,1,0,0,1,1,3,0,1,1,8
165,Tin cans,حصالة,3,1,36,0,1,0,0,1,1,3,0,1,1,8
165,Tin cans,مزهرية للورود,4,2,36,0,1,0,0,1,1,3,0,1,1,8
165,Tin cans,إعادة تدوير,5,1,36,0,1,0,0,1,1,3,0,1,1,8
165,Tin cans,ديكور,6,4,36,0,1,0,0,1,1,3,0,1,1,8
165,Tin cans,طاولة أو كرسي,7,2,36,0,1,0,0,1,1,3,0,1,1,8
165,Tin cans,صندوق لجمع الصور,8,1,36,0,1,0,0,1,1,3,0,1,1,8
165,Tin cans,صندوق لجمع المعدات,9,1,36,0,1,0,0,1,1,3,0,1,1,8
165,Tin cans,صندوق لحفظ الخيط والإبر,10,2,36,0,1,0,0,1,1,3,0,1,1,8
165,Tin cans,صندوق لحفظ الإكسسوارات,11,1,36,0,1,0,0,1,1,3,0,1,1,8
165,Tin cans,الزينة,12,3,36,0,1,0,0,1,1,3,0,1,1,8
165,Tin cans,أداة حادة,13,4,36,0,1,0,0,1,1,3,0,1,1,8
166,Tin cans,إعادة تدوير,1,2,34,0,1,0,0,0,1,1,0,0,1,4
166,Tin cans,إناء للزراعة,2,3,34,0,1,0,0,0,1,1,0,0,1,4
166,Tin cans,تخزين الأشياء,3,2,34,0,1,0,0,0,1,1,0,0,1,4
166,Tin cans,تزينها جيداً ووضع المناديل بها,4,4,34,0,1,0,0,0,1,1,0,0,1,4
167,Tin cans,سلة قمامة,1,1,42,3,1,2,0,1,6,1,1,1,1,17
167,Tin cans,صندوق للإحتفاظ بالأشياء غير المهمة,2,2,42,3,1,2,0,1,6,1,1,1,1,17
167,Tin cans,كرسي,3,2,42,3,1,2,0,1,6,1,1,1,1,17
167,Tin cans,برواز حائط,4,3,42,3,1,2,0,1,6,1,1,1,1,17
167,Tin cans,تربيزة,5,2,42,3,1,2,0,1,6,1,1,1,1,17
167,Tin cans,مقابض للباب أو الشباك,6,3,42,3,1,2,0,1,6,1,1,1,1,17
167,Tin cans,باب,7,1,42,3,1,2,0,1,6,1,1,1,1,17
167,Tin cans,شباك,8,1,42,3,1,2,0,1,6,1,1,1,1,17
167,Tin cans,أواني للطهي,9,3,42,3,1,2,0,1,6,1,1,1,1,17
167,Tin cans,إناء للزراعة,10,1,42,3,1,2,0,1,6,1,1,1,1,17
167,Tin cans,لوحة إعلانات,11,5,42,3,1,2,0,1,6,1,1,1,1,17
167,Tin cans,مسامير,12,1,42,3,1,2,0,1,6,1,1,1,1,17
167,Tin cans,نموذج مصغر من بناء,13,4,42,3,1,2,0,1,6,1,1,1,1,17
167,Tin cans,نموذج مصغر من سيارة,14,5,42,3,1,2,0,1,6,1,1,1,1,17
167,Tin cans,ألعاب,15,4,42,3,1,2,0,1,6,1,1,1,1,17
167,Tin cans,إطارات,16,4,42,3,1,2,0,1,6,1,1,1,1,17
167,Tin cans,هاتف محمول,17,5,42,3,1,2,0,1,6,1,1,1,1,17
167,Tin cans,تليفزيون,18,3,42,3,1,2,0,1,6,1,1,1,1,17
167,Tin cans,معلقة,19,2,42,3,1,2,0,1,6,1,1,1,1,17
167,Tin cans,شوكة,20,2,42,3,1,2,0,1,6,1,1,1,1,17
167,Tin cans,سكينة,21,3,42,3,1,2,0,1,6,1,1,1,1,17
167,Tin cans,سلم,22,1,42,3,1,2,0,1,6,1,1,1,1,17
167,Tin cans,جدار,23,2,42,3,1,2,0,1,6,1,1,1,1,17
167,Tin cans,عازل,24,4,42,3,1,2,0,1,6,1,1,1,1,17
167,Tin cans,بيت صغير للحيوانات مثل الكلب,25,3,42,3,1,2,0,1,6,1,1,1,1,17
167,Tin cans,حقيبة,26,5,42,3,1,2,0,1,6,1,1,1,1,17
167,Tin cans,نظارات,27,5,42,3,1,2,0,1,6,1,1,1,1,17
167,Tin cans,إكسسوارات,28,4,42,3,1,2,0,1,6,1,1,1,1,17
167,Tin cans,ساعة,29,4,42,3,1,2,0,1,6,1,1,1,1,17
167,Tin cans,قلادة,30,5,42,3,1,2,0,1,6,1,1,1,1,17
168,Tin cans,الزينة,1,2,32,0,1,0,0,0,1,0,1,0,0,3
168,Tin cans,أشكال هندسية,2,4,32,0,1,0,0,0,1,0,1,0,0,3
168,Tin cans,تخزين المواد,3,1,32,0,1,0,0,0,1,0,1,0,0,3
168,Tin cans,تدخل في إستخدامات مختلفة,4,2,32,0,1,0,0,0,1,0,1,0,0,3
168,Tin cans,أشكال جمالية,5,3,32,0,1,0,0,0,1,0,1,0,0,3
168,Tin cans,تدخل في صناعة العديد من الأجهزة,6,2,32,0,1,0,0,0,1,0,1,0,0,3
168,Tin cans,تزين بعض الأشكال والملابس,7,3,32,0,1,0,0,0,1,0,1,0,0,3
168,Tin cans,تحويلها لشئ نافع,8,2,32,0,1,0,0,0,1,0,1,0,0,3
168,Tin cans,تدخل في الإحتفاظ بمواد الطلاء,9,2,32,0,1,0,0,0,1,0,1,0,0,3
168,Tin cans,إعادة تدوير,10,1,32,0,1,0,0,0,1,0,1,0,0,3
168,Tin cans,إضافة بعض المواد وإستخدامها كطلاء,11,3,32,0,1,0,0,0,1,0,1,0,0,3
168,Tin cans,صناعة الأثاث,12,3,32,0,1,0,0,0,1,0,1,0,0,3
168,Tin cans,إستخدامها كعازل للكهرباء بعد إضافة بعض المواد,13,4,32,0,1,0,0,0,1,0,1,0,0,3
169,Tin cans,إعادة تدوير,1,1,40,3,1,0,0,0,6,1,0,0,1,12
169,Tin cans,تخزين بعض الأشياء المنزلية,2,2,40,3,1,0,0,0,6,1,0,0,1,12
169,Tin cans,لعب الأطفال,3,4,40,3,1,0,0,0,6,1,0,0,1,12
169,Tin cans,إستخدامها كوسيلة أو نشاط للأطفال,4,3,40,3,1,0,0,0,6,1,0,0,1,12
169,Tin cans,الزينة,5,3,40,3,1,0,0,0,6,1,0,0,1,12
169,Tin cans,إناء للزراعة,6,1,40,3,1,0,0,0,6,1,0,0,1,12
169,Tin cans,عمل مقعد,7,2,40,3,1,0,0,0,6,1,0,0,1,12
169,Tin cans,ديكور,8,3,40,3,1,0,0,0,6,1,0,0,1,12
170,Tin cans,ديكور,1,3,37,13,0,0,7,1,1,1,1,0,1,25
170,Tin cans,تخزين الأكل,2,2,37,13,0,0,7,1,1,1,1,0,1,25
170,Tin cans,إستخدامها في لعب الأطفال,3,4,37,13,0,0,7,1,1,1,1,0,1,25
170,Tin cans,عمل مجسمات,4,5,37,13,0,0,7,1,1,1,1,0,1,25
170,Tin cans,سلم,5,5,37,13,0,0,7,1,1,1,1,0,1,25
170,Tin cans,صنع كرسي,6,2,37,13,0,0,7,1,1,1,1,0,1,25
170,Tin cans,عمل أجزاء من الحقيبة,7,3,37,13,0,0,7,1,1,1,1,0,1,25
170,Tin cans,صنع سبورة من الوراء,8,3,37,13,0,0,7,1,1,1,1,0,1,25
170,Tin cans,صنع جرابات الهواتف,9,5,37,13,0,0,7,1,1,1,1,0,1,25
171,Tin cans,الزينة,1,2,44,2,1,7,0,0,6,1,0,0,1,18
171,Tin cans,حصالة,2,1,44,2,1,7,0,0,6,1,0,0,1,18
171,Tin cans,إعادة تدوير وصنعها من جديد,3,1,44,2,1,7,0,0,6,1,0,0,1,18
171,Tin cans,أدوات المطبخ,4,3,44,2,1,7,0,0,6,1,0,0,1,18
171,Tin cans,مجسم هندسي,5,4,44,2,1,7,0,0,6,1,0,0,1,18
171,Tin cans,إستخدامها في عمل جهاز للأغاني,6,5,44,2,1,7,0,0,6,1,0,0,1,18
171,Tin cans,مزهرية,7,2,44,2,1,7,0,0,6,1,0,0,1,18
171,Tin cans,إعادة تدوير,8,1,44,2,1,7,0,0,6,1,0,0,1,18
171,Tin cans,عمل سبائك,9,4,44,2,1,7,0,0,6,1,0,0,1,18
173,Tin cans,إعادة تدوير,1,1,35,0,1,0,0,0,1,0,0,0,1,3
173,Tin cans,جمعها وبيعها بمبالغ رمزية,2,5,35,0,1,0,0,0,1,0,0,0,1,3
173,Tin cans,إستخدامها في الأعمال اليدوية,3,4,35,0,1,0,0,0,1,0,0,0,1,3
173,Tin cans,حافظ أقلام أو ألوان,4,2,35,0,1,0,0,0,1,0,0,0,1,3
173,Tin cans,الزينة,5,2,35,0,1,0,0,0,1,0,0,0,1,3
173,Tin cans,صنع إكسسوارات,6,4,35,0,1,0,0,0,1,0,0,0,1,3
173,Tin cans,تخزين الطعام,7,2,35,0,1,0,0,0,1,0,0,0,1,3
174,Tin cans,إعادة تدوير,1,1,43,10,0,0,0,1,0,0,0,0,1,12
174,Tin cans,الزينة,2,2,43,10,0,0,0,1,0,0,0,0,1,12
174,Tin cans,إستخدامها في طباعة المفتاح,3,4,43,10,0,0,0,1,0,0,0,0,1,12
175,Tin cans,صناعة نشاط للأطفال يهدف إلي تعليم الأرقام,1,4,41,NA,NA,NA,NA,NA,NA,NA,NA,NA,NA,NA
175,Tin cans,إناء للزراعة,2,1,41,NA,NA,NA,NA,NA,NA,NA,NA,NA,NA,NA
175,Tin cans,مقلمة,3,2,41,NA,NA,NA,NA,NA,NA,NA,NA,NA,NA,NA
175,Tin cans,حصالة,4,1,41,NA,NA,NA,NA,NA,NA,NA,NA,NA,NA,NA
175,Tin cans,الزينة,5,1,41,NA,NA,NA,NA,NA,NA,NA,NA,NA,NA,NA
175,Tin cans,تعليم الأشكال الهندسية,6,4,41,NA,NA,NA,NA,NA,NA,NA,NA,NA,NA,NA
175,Tin cans,صناعة قطار,7,5,41,NA,NA,NA,NA,NA,NA,NA,NA,NA,NA,NA
175,Tin cans,ديكور,8,2,41,NA,NA,NA,NA,NA,NA,NA,NA,NA,NA,NA
175,Tin cans,حفظ الإكسسوارات,9,2,41,NA,NA,NA,NA,NA,NA,NA,NA,NA,NA,NA
175,Tin cans,إناء لشرب العصافير والحيوانات,10,3,41,NA,NA,NA,NA,NA,NA,NA,NA,NA,NA,NA
175,Tin cans,نشاط لتعليم الأطفال,11,4,41,NA,NA,NA,NA,NA,NA,NA,NA,NA,NA,NA
175,Tin cans,تعليم الأحجام المختلفة,12,5,41,NA,NA,NA,NA,NA,NA,NA,NA,NA,NA,NA
177,Tin cans,إعادة تدوير,1,1,36,5,8,2,0,0,6,3,1,5,1,31
177,Tin cans,وضع فيها أي شئ,2,2,36,5,8,2,0,0,6,3,1,5,1,31
177,Tin cans,الزينة,3,3,36,5,8,2,0,0,6,3,1,5,1,31
177,Tin cans,مقلمة أقلام,4,2,36,5,8,2,0,0,6,3,1,5,1,31
177,Tin cans,إناء لطعام الحيوانات,5,3,36,5,8,2,0,0,6,3,1,5,1,31
177,Tin cans,ألعاب للأطفال,6,2,36,5,8,2,0,0,6,3,1,5,1,31
177,Tin cans,وسيلة تعليمية,7,3,36,5,8,2,0,0,6,3,1,5,1,31
177,Tin cans,الرسم عليها,8,5,36,5,8,2,0,0,6,3,1,5,1,31
178,Tin cans,التخزين,1,2,42,1,1,0,0,0,4,1,0,0,1,8
178,Tin cans,باب كوخ,2,1,42,1,1,0,0,0,4,1,0,0,1,8
178,Tin cans,غليان الماء,3,3,42,1,1,0,0,0,4,1,0,0,1,8
178,Tin cans,مقلمة أقلام,4,1,42,1,1,0,0,0,4,1,0,0,1,8
178,Tin cans,إعادة تدوير,5,1,42,1,1,0,0,0,4,1,0,0,1,8
179,Tin cans,الزينة,1,2,40,0,0,2,0,0,6,0,1,0,1,10
179,Tin cans,صنع ألواح من الصفيح,2,4,40,0,0,2,0,0,6,0,1,0,1,10
179,Tin cans,ديكور,3,3,40,0,0,2,0,0,6,0,1,0,1,10
179,Tin cans,صنع بعض الألعاب,4,4,40,0,0,2,0,0,6,0,1,0,1,10
179,Tin cans,إعادة تدوير,5,2,40,0,0,2,0,0,6,0,1,0,1,10
179,Tin cans,إستخدامها في المنزل,6,2,40,0,0,2,0,0,6,0,1,0,1,10
179,Tin cans,حاوية للقمامة,7,3,40,0,0,2,0,0,6,0,1,0,1,10
179,Tin cans,تخزين الأشياء,8,2,40,0,0,2,0,0,6,0,1,0,1,10
179,Tin cans,إناء للزراعة,9,1,40,0,0,2,0,0,6,0,1,0,1,10
179,Tin cans,إستخدامها في رفع الأثقال,10,4,40,0,0,2,0,0,6,0,1,0,1,10
179,Tin cans,إستخدامها في النشاطات المدرسية المختلفة,11,3,40,0,0,2,0,0,6,0,1,0,1,10
180,Tin cans,إعادة تدوير,1,2,42,5,8,6,0,4,9,0,7,0,1,40
180,Tin cans,الزينة,2,2,42,5,8,6,0,4,9,0,7,0,1,40
180,Tin cans,بديل لشئ ما في المنزل,3,1,42,5,8,6,0,4,9,0,7,0,1,40
180,Tin cans,إستخدامها بشكل آمن  ويتم تلوينها,4,1,42,5,8,6,0,4,9,0,7,0,1,40
180,Tin cans,عمل أشكال وألعاب للأطفال,5,4,42,5,8,6,0,4,9,0,7,0,1,40
180,Tin cans,حصالة,6,1,42,5,8,6,0,4,9,0,7,0,1,40
180,Tin cans,عمل أشكال هندسية,7,4,42,5,8,6,0,4,9,0,7,0,1,40
180,Tin cans,إستخدامها في المنزل,8,3,42,5,8,6,0,4,9,0,7,0,1,40
180,Tin cans,صنع شجرة صغيرة,9,5,42,5,8,6,0,4,9,0,7,0,1,40
181,Tin cans,حصالة,1,1,35,5,0,0,0,1,1,0,0,0,1,8
181,Tin cans,إستخدامها في أغراض المطبخ,2,3,35,5,0,0,0,1,1,0,0,0,1,8
181,Tin cans,إناء للزراعة,3,1,35,5,0,0,0,1,1,0,0,0,1,8
181,Tin cans,أشكال هندسية,4,4,35,5,0,0,0,1,1,0,0,0,1,8
181,Tin cans,سلة للبلكونة,5,4,35,5,0,0,0,1,1,0,0,0,1,8
181,Tin cans,كرسي مرور,6,3,35,5,0,0,0,1,1,0,0,0,1,8
182,Tin cans,الزينة,1,2,39,4,1,0,0,1,1,1,0,5,0,13
182,Tin cans,مقلمة أقلام,2,2,39,4,1,0,0,1,1,1,0,5,0,13
182,Tin cans,سلة قمامة,3,1,39,4,1,0,0,1,1,1,0,5,0,13
182,Tin cans,ديكور,4,3,39,4,1,0,0,1,1,1,0,5,0,13
182,Tin cans,أداة حادة,5,4,39,4,1,0,0,1,1,1,0,5,0,13
183,Tin cans,حافظة أقلام,1,2,39,7,1,0,1,0,4,0,0,0,1,14
183,Tin cans,حافظة معالق,2,1,39,7,1,0,1,0,4,0,0,0,1,14
183,Tin cans,إستخدامها في التعرف علي الأرقام,3,4,39,7,1,0,1,0,4,0,0,0,1,14
183,Tin cans,مزهرية للورود,4,3,39,7,1,0,1,0,4,0,0,0,1,14
183,Tin cans,بناء الأشكال الهندسية,5,4,39,7,1,0,1,0,4,0,0,0,1,14
183,Tin cans,حفظ الدبابيس,6,1,39,7,1,0,1,0,4,0,0,0,1,14
183,Tin cans,ديكور,7,3,39,7,1,0,1,0,4,0,0,0,1,14
183,Tin cans,إساخدامها في جهاز هاتف قديم يربط إثنين مع بعض,8,4,39,7,1,0,1,0,4,0,0,0,1,14
183,Tin cans,حصالة,9,1,39,7,1,0,1,0,4,0,0,0,1,14
183,Tin cans,حفظ بعض المواد,10,2,39,7,1,0,1,0,4,0,0,0,1,14
183,Tin cans,أشكال فنية,11,1,39,7,1,0,1,0,4,0,0,0,1,14
183,Tin cans,إستخدامها للعب ككرة للأطفال,12,1,39,7,1,0,1,0,4,0,0,0,1,14
184,Tin cans,تخزين الأشياء,1,1,39,1,1,0,0,0,1,0,0,0,1,4
184,Tin cans,مقلمة للمكتب,2,2,39,1,1,0,0,0,1,0,0,0,1,4
184,Tin cans,تخزين الأدوات,3,2,39,1,1,0,0,0,1,0,0,0,1,4
184,Tin cans,تعبئتها من جديد بالسوائل,4,1,39,1,1,0,0,0,1,0,0,0,1,4
184,Tin cans,ترتيب الأغراض الشخصية,5,2,39,1,1,0,0,0,1,0,0,0,1,4
184,Tin cans,وضع فرش الدهان بداخلها,6,2,39,1,1,0,0,0,1,0,0,0,1,4
184,Tin cans,إناء للزراعة,7,1,39,1,1,0,0,0,1,0,0,0,1,4
184,Tin cans,إستخدامها في لحام الأشياء,8,5,39,1,1,0,0,0,1,0,0,0,1,4
184,Tin cans,إعادة تدوير,9,2,39,1,1,0,0,0,1,0,0,0,1,4
184,Tin cans,تخزين الطعام في المطبخ,10,2,39,1,1,0,0,0,1,0,0,0,1,4
185,Tin cans,الزينة,1,2,43,0,5,2,0,1,0,0,1,1,1,11
185,Tin cans,إعادة تدوير,2,1,43,0,5,2,0,1,0,0,1,1,1,11
185,Tin cans,إستخدامها في تصنيع الأشياء التي تحتاج لهذة المادة الخام,3,3,43,0,5,2,0,1,0,0,1,1,1,11
185,Tin cans,إستخدامها في عملية الزراعة,4,1,43,0,5,2,0,1,0,0,1,1,1,11
187,Tin cans,لعب الأطفال,1,4,34,0,1,0,0,0,1,1,1,0,1,5
187,Tin cans,التخزين,2,2,34,0,1,0,0,0,1,1,1,0,1,5
187,Tin cans,تستخدم كزجاجات,3,3,34,0,1,0,0,0,1,1,1,0,1,5
187,Tin cans,عمل كرسي صغير,4,3,34,0,1,0,0,0,1,1,1,0,1,5
187,Tin cans,أطباق,5,1,34,0,1,0,0,0,1,1,1,0,1,5
187,Tin cans,تستخدم في المصانع,6,1,34,0,1,0,0,0,1,1,1,0,1,5
187,Tin cans,تستخدم في المزارع,7,2,34,0,1,0,0,0,1,1,1,0,1,5
188,Tin cans,صناديق  في الشوارع خاصة بهذه العلب,1,3,38,0,1,0,0,0,1,6,0,0,1,9
188,Tin cans,مقلمة أقلام,2,3,38,0,1,0,0,0,1,6,0,0,1,9
188,Tin cans,إعادة تدوير,3,2,38,0,1,0,0,0,1,6,0,0,1,9
188,Tin cans,عمل مجسمات,4,4,38,0,1,0,0,0,1,6,0,0,1,9
189,Tin cans,ديكور,1,2,42,0,1,0,0,0,4,1,1,0,1,8
189,Tin cans,وسيلة لتعليم الأرقام,2,4,42,0,1,0,0,0,4,1,1,0,1,8
189,Tin cans,وسيلة لتعليم الألوان,3,3,42,0,1,0,0,0,4,1,1,0,1,8
189,Tin cans,أداة حادة مثل السكين,4,4,42,0,1,0,0,0,4,1,1,0,1,8
189,Tin cans,إعادة تدوير,5,4,42,0,1,0,0,0,4,1,1,0,1,8
189,Tin cans,صنع فوانيس وألعاب,6,5,42,0,1,0,0,0,4,1,1,0,1,8
189,Tin cans,حصالة,7,1,42,0,1,0,0,0,4,1,1,0,1,8
189,Tin cans,أطباق للعلب,8,3,42,0,1,0,0,0,4,1,1,0,1,8
189,Tin cans,إعادة تدوير,9,1,42,0,1,0,0,0,4,1,1,0,1,8
190,Tin cans,الزينة,1,2,37,0,1,0,0,1,0,1,0,0,1,4
190,Tin cans,إعادة تدوير,2,1,37,0,1,0,0,1,0,1,0,0,1,4
190,Tin cans,إستخدامها في المنزل ووضع أشياء بها,3,2,37,0,1,0,0,1,0,1,0,0,1,4
190,Tin cans,إناء للزراعة,4,1,37,0,1,0,0,1,0,1,0,0,1,4
190,Tin cans,إستخدامها في نقل الأشياء,5,2,37,0,1,0,0,1,0,1,0,0,1,4
190,Tin cans,إنا لطعام الحيوانات,6,3,37,0,1,0,0,1,0,1,0,0,1,4
190,Tin cans,عمل لعب للأطفال,7,4,37,0,1,0,0,1,0,1,0,0,1,4
190,Tin cans,عمل تجارب معملية,8,5,37,0,1,0,0,1,0,1,0,0,1,4
190,Tin cans,وضع خامات مختلفة بها,9,1,37,0,1,0,0,1,0,1,0,0,1,4
190,Tin cans,نصنع بها ثقوب ونسقي بها الزرع,10,4,37,0,1,0,0,1,0,1,0,0,1,4
190,Tin cans,مقلمة,11,2,37,0,1,0,0,1,0,1,0,0,1,4
190,Tin cans,إستخدامها في المدارس لجمع الطباشير,12,2,37,0,1,0,0,1,0,1,0,0,1,4
190,Tin cans,عمل أشكال هندسية,13,4,37,0,1,0,0,1,0,1,0,0,1,4
190,Tin cans,إستخدامها في الرسم,14,5,37,0,1,0,0,1,0,1,0,0,1,4
190,Tin cans,عمل دوائر كهربائية ومصابيح,15,4,37,0,1,0,0,1,0,1,0,0,1,4
191,Tin cans,تدخل في صناعة السيارات,1,5,40,0,0,0,0,0,0,0,0,0,0,0
191,Tin cans,تدخل في الأجهزة الكهربائية,2,3,40,0,0,0,0,0,0,0,0,0,0,0
191,Tin cans,ألعاب الأطفال,3,4,40,0,0,0,0,0,0,0,0,0,0,0
191,Tin cans,الدراجات النارية,4,5,40,0,0,0,0,0,0,0,0,0,0,0
191,Tin cans,مستلزمات الدراسة,5,3,40,0,0,0,0,0,0,0,0,0,0,0
191,Tin cans,الإكسسوارات,6,4,40,0,0,0,0,0,0,0,0,0,0,0
191,Tin cans,إعادة تدوير,7,1,40,0,0,0,0,0,0,0,0,0,0,0
191,Tin cans,أدوات الصيانة,8,4,40,0,0,0,0,0,0,0,0,0,0,0
191,Tin cans,أدوات الميكانيكا,9,4,40,0,0,0,0,0,0,0,0,0,0,0
192,Tin cans,إعادة تدوير,1,1,39,5,1,2,0,0,3,0,0,0,1,12
192,Tin cans,أشكال هندسية,2,4,39,5,1,2,0,0,3,0,0,0,1,12
192,Tin cans,حفظ الأشياء المهمة,3,2,39,5,1,2,0,0,3,0,0,0,1,12
192,Tin cans,الزينة,4,4,39,5,1,2,0,0,3,0,0,0,1,12
192,Tin cans,إناء للزراعة,5,1,39,5,1,2,0,0,3,0,0,0,1,12
192,Tin cans,أداة حادة,6,4,39,5,1,2,0,0,3,0,0,0,1,12
192,Tin cans,لعب للأطفال,7,4,39,5,1,2,0,0,3,0,0,0,1,12
192,Tin cans,عمل أشياء مفيدة للمنزل,8,1,39,5,1,2,0,0,3,0,0,0,1,12
192,Tin cans,نقل السوائل فيها,9,3,39,5,1,2,0,0,3,0,0,0,1,12
192,Tin cans,الإحتفاظ بدرجة حرارة الأشياء بداخلها,10,4,39,5,1,2,0,0,3,0,0,0,1,12
192,Tin cans,أداة غيار لتصليح الأشياء التالفة,11,5,39,5,1,2,0,0,3,0,0,0,1,12
192,Tin cans,صنع أدوات لزراعة الأرض,12,4,39,5,1,2,0,0,3,0,0,0,1,12
