ID,prompt,response,set,lab,response_cleaned,rater1,rater2
1151,steen,aankleden,5,3,aankleden,4,4
1143,steen,aanrecht,5,3,aanrecht,2,2
1161,steen,aanrecht,5,3,aanrecht,2,2
1148,steen,af afbakening,5,3,af afbakening,2,2
1185,steen,als afbakening van een tuin,5,3,afbakening tuin,2,2
1134,steen,afbreken,5,3,afbreken,2,2
1238,steen,als afgodbeeld gebruiken,5,3,afgodbeeld,3,4
1191,steen,iets anders stuk maken,5,3,anders stuk,2,2
1140,steen,als anker gebruiken,5,3,anker,4,3
1148,steen,als anker,5,3,anker,4,3
1190,steen,anker,5,3,anker,4,3
1139,steen,als anker voor een boot gebruiken,5,3,anker boot,4,3
1225,steen,appartement,5,3,appartement,1,1
1159,steen,aquaduct romeinse stijl,5,3,aquaduct Romeinse stijl,3,2
1157,steen,asbak,5,3,asbak,3,3
1219,steen,auto,5,3,auto,4,4
1182,steen,Auto zonder banden omhoog houden,5,3,auto banden omhoog houden,3,5
1141,steen,bak,5,3,bak,2,2
1142,steen,bak,5,3,bak,2,2
1177,steen,bakken,5,3,bakken,3,2
1225,steen,bakken,5,3,bakken,3,2
1225,steen,bakker,5,3,bakker,0,0
1225,steen,bakker,5,3,bakker,0,0
1241,steen,baksteen,5,3,baksteen,1,1
1214,steen,baksteen keukenbald,5,3,baksteen keukenblad,2,2
1159,steen,baksteen koppen uit schaamte,5,3,baksteen koppen schaamte,5,5
1214,steen,baksteen muur,5,3,baksteen muur,1,1
1214,steen,baksteen openhaard,5,3,baksteen open haard,1,1
1159,steen,baksteenovenpizza,5,3,baksteen ovenpizza,3,1
1214,steen,basteen tafel,5,3,baksteen tafel,4,3
1214,steen,baksteen trap,5,3,baksteen trap,1,1
1207,steen,iets aan een baksteen vastmk\aken en in het water gooien,5,3,baksteen vastmaken water gooien,2,3
1214,steen,baksteen wastafel,5,3,baksteen wastafel,3,2
1214,steen,baksteen wc hok,5,3,baksteen wc hok,1,1
1187,steen,bakstenen op elkaar zetten en een tafel van maken,5,3,bakstenen elkaar zetten tafel,4,3
1196,steen,bakstenenmuur,5,3,bakstenen muur,1,1
1222,steen,bakstenen verven,5,3,bakstenen verven,4,3
1201,steen,als bal gebruiken,5,3,bal,3,3
1219,steen,bal,5,3,bal,3,3
1231,steen,balanceren op je hoofd,5,3,balanceren hoofd,4,3
1161,steen,bank,5,3,bank,3,3
1219,steen,bank,5,3,bank,3,3
1231,steen,barbecue op zetten,5,3,barbecue zetten,3,2
1143,steen,bed,5,3,bed,4,3
1231,steen,een bed maken,5,3,bed,4,3
1183,steen,iemand mee bedreigen,5,3,bedreigen,2,2
1208,steen,beek afzetten,5,3,beek afzetten,2,3
1219,steen,beeld,5,3,beeld,3,3
1223,steen,beeld,5,3,beeld,3,3
1171,steen,beeld bouwen,5,3,beeld bouwen,3,3
1128,steen,beeldhouwen,5,3,beeldhouwen,3,3
1171,steen,beeldhouwen,5,3,beeldhouwen,3,3
1204,steen,beeldhouwen,5,3,beeldhouwen,3,3
1151,steen,een beeldje  van maken ,5,3,beeldje,3,3
1145,steen,begraven,5,3,begraven,3,3
1162,steen,behang,5,3,behang,3,4
1145,steen,behang van de muur verwijderen,5,3,behang muur verwijderen,5,4
1145,steen,bekijken,5,3,bekijken,3,2
1169,steen,bericht in wikkelen en door ruit gooien,5,3,bericht wikkelen ruit gooien,2,5
1225,steen,beschermend,5,3,beschermend,3,3
1166,steen,beschilderen,5,3,beschilderen,4,3
1224,steen, beschilderen,5,3,beschilderen,4,3
1145,steen,beschilderen en als kunst verkopen,5,3,beschilderen kunst verkopen,4,3
1177,steen,bestrating,5,3,bestrating,1,1
1165,steen,bestuderen,5,3,bestuderen,3,3
1228,steen,betaalmiddel,5,3,betaalmiddel,5,4
1187,steen, bibliotheel,5,3,bibliotheek,1,1
1136,steen,biertje openen,5,3,biertje openen,4,2
1135,steen,een bloembak opzetten,5,3,bloembak opzetten,2,2
1168,steen,bloemen in zetten,5,3,bloemen zetten,3,2
1177,steen,blok,5,3,blok,2,2
1192,steen,blokeren,5,3,blokkeren,2,2
1186,steen,boekenhouder,5,3,boekenhouder,4,3
1203,steen,boekenhouder,5,3,boekenhouder,4,3
1138,steen,Boekenhouder voor in de boekenkast,5,3,boekenhouder boekenkast,4,3
1145,steen,als boekenlegger,5,3,boekenlegger,5,4
1147,steen,boeknlegger,5,3,boekenlegger,5,4
1223,steen, boekenplank,5,3,boekenplank,5,4
1184,steen,boekenstandaard,5,3,boekenstandaard,4,3
1131,steen,boekensteun,5,3,boekensteun,4,3
1175,steen,boekensteun,5,3,boekensteun,4,3
1235,steen,boekensteun,5,3,boekensteun,4,3
1239,steen,boekensteun,5,3,boekensteun,4,3
1148,steen,om boot recht te leggen,5,3,boot recht leggen,3,3
1195,steen,boot verzwaren,5,3,boot verzwaren,2,2
1141,steen,bord,5,3,bord,4,3
1156,steen,bord,5,3,bord,4,3
1158,steen,als bord gebruiken,5,3,bord,4,3
1161,steen,bord,5,3,bord,4,3
1134,steen,bouwen,5,3,bouwen,1,1
1135,steen,bouwen,5,3,bouwen,1,1
1137,steen,bouwen,5,3,bouwen,1,1
1142,steen,bouwen,5,3,bouwen,1,1
1145,steen,bouwen,5,3,bouwen,1,1
1149,steen,bouwen,5,3,bouwen,1,1
1155,steen,bouwen,5,3,bouwen,1,1
1163,steen,Bouwen,5,3,bouwen,1,1
1174,steen,bouwen,5,3,bouwen,1,1
1177,steen,bouwen,5,3,bouwen,1,1
1179,steen,bouwen,5,3,bouwen,1,1
1180,steen,bouwen,5,3,bouwen,1,1
1181,steen,bouwen,5,3,bouwen,1,1
1189,steen,bouwen,5,3,bouwen,1,1
1191,steen,Bouwen,5,3,bouwen,1,1
1192,steen,bouwen,5,3,bouwen,1,1
1193,steen,je kan er van alles mee bouwen,5,3,bouwen,1,1
1195,steen,bouwen,5,3,bouwen,1,1
1200,steen,bouwen,5,3,bouwen,1,1
1201,steen,bouwen,5,3,bouwen,1,1
1204,steen,bouwen,5,3,bouwen,1,1
1206,steen,bouwen,5,3,bouwen,1,1
1228,steen,bouwen,5,3,bouwen,1,1
1232,steen,bouwen,5,3,bouwen,1,1
1233,steen,bouwen,5,3,bouwen,1,1
1234,steen,Bouwen,5,3,bouwen,1,1
1143,steen,Bouwmateriaal,5,3,bouwmateriaal,1,1
1147,steen,bouwmateriaal,5,3,bouwmateriaal,1,1
1199,steen,Bouwsteen,5,3,bouwsteen,1,1
1148,steen,bouwvakker,5,3,bouwvakker,0,0
1177,steen,bouwvakkers,5,3,bouwvakkers,0,0
1196,steen,bouwvakkers,5,3,bouwvakkers,0,0
1146,steen,bowlen,5,3,bowlen,5,4
1180,steen,breken,5,3,breken,2,2
1183,steen,breken,5,3,breken,2,2
1192,steen,breken,5,3,breken,2,2
1195,steen,iets breken,5,3,breken,2,2
1216,steen,breken,5,3,breken,2,2
1225,steen,broodjes,5,3,broodjes,4,4
1202,steen,brug,5,3,brug,1,1
1219,steen,brug,5,3,brug,1,1
1211,steen, buitenoven van maken,5,3,buitenoven,3,2
1203,steen,cadeau,5,3,cadeau,3,3
1221,steen,cadeau doen,5,3,cadeau,3,3
1238,steen,cadeau doen,5,3,cadeau,3,3
1177,steen,cement,5,3,cement,1,1
1196,steen,sement,5,3,cement,1,1
1213,steen,cement ,5,3,cement,1,1
1217,steen,cement,5,3,cement,1,1
1225,steen,cement,5,3,cement,1,1
1148,steen,contra gewicht,5,3,contra gewicht,2,2
1138,steen,Contragewicht,5,3,contragewicht,2,2
1145,steen,gebruiken als contragewicht,5,3,contragewicht,2,2
1147,steen,contragewicht,5,3,contragewicht,2,2
1217,steen,3D,5,3,d,0,0
1141,steen,dak,5,3,dak,2,2
1177,steen,dak,5,3,dak,2,2
1143,steen,Dam,5,3,dam,1,1
1161,steen,dam,5,3,dam,1,1
1219,steen,dam,5,3,dam,1,1
1179,steen,dam bouwen,5,3,dam bouwen,1,1
1212,steen,dam bouwen,5,3,dam bouwen,1,1
1136,steen,decoratie,5,3,decoratie,3,3
1173,steen,decoratie,5,3,decoratie,3,3
1195,steen,Als decoratie,5,3,decoratie,3,3
1212,steen,decoratie,5,3,decoratie,3,3
1225,steen,decoratie,5,3,decoratie,3,3
1233,steen,decoratie,5,3,decoratie,3,3
1132,steen,als decoratie beschilderen,5,3,decoratie beschilderen,4,3
1137,steen,Decoreren,5,3,decoreren,3,3
1191,steen,decoreren,5,3,decoreren,3,3
1239,steen,deksel,5,3,deksel,4,4
1146,steen,deur mee open breken,5,3,deur open breken,2,2
1130,steen,een deur openhouden,5,3,deur openhouden,2,2
1199,steen,Deuropenhouder,5,3,deur openhouden,2,2
1145,steen,deur openmaken,5,3,deur openmaken,3,2
1203,steen,deur stop,5,3,deur stop,2,2
1136,steen,deur stopper,5,3,deur stopper,2,2
1148,steen,als deur tegenhouder,5,3,deur tegenhouder,2,2
1179,steen,deurpost,5,3,deurpost,2,2
1138,steen,Deurstop,5,3,deurstopper,2,2
1141,steen,deurstop,5,3,deurstopper,2,2
1147,steen,deurstopper,5,3,deurstopper,2,2
1155,steen,deurstop,5,3,deurstopper,2,2
1169,steen,deurstop,5,3,deurstopper,2,2
1184,steen,Deurstop,5,3,deurstopper,2,2
1208,steen,deurstopper,5,3,deurstopper,2,2
1213,steen,deurstop,5,3,deurstopper,2,2
1235,steen,deurstopper,5,3,deurstopper,2,2
1241,steen,deurstop,5,3,deurstopper,2,2
1143,steen,dienblad,5,3,dienblad,5,3
1220,steen,om dingen mee glad te strijken,5,3,dingen glad strijken,3,4
1174,steen,dingen mee kapot slaan,5,3,dingen kapot slaan,2,2
1208,steen,op dingen leggen zodat ze niet wegwaaien,5,3,dingen leggen zodat niet wegwaaien,2,2
1220,steen,om dingen mee plat te drukken,5,3,dingen plat drukken,3,2
1181,steen,dingen uitbeelden,5,3,dingen uitbeelden,3,3
1128,steen,domino baan maken,5,3,domino baan,5,3
1147,steen,dominosteen,5,3,dominosteen,5,3
1238,steen,doormidden slaan,5,3,doormidden slaan,3,2
1144,steen,Om dozen dicht te houden,5,3,dozen dicht houden,3,3
1139,steen,drempel,5,3,drempel,3,1
1145,steen,dronken avonturen mee beleven,5,3,dronken avonturen beleven,5,4
1160,steen, druk uitoefenen,5,3,druk uitoefenen,2,2
1240,steen,ik heb dit al eerder gezien,5,3,eerder gezien,0,0
1148,steen,egel,5,3,egel,4,4
1198,steen,ei op bakken,5,3,ei bakken,3,3
1226,steen,op elkaar stapelen,5,3,elkaar stapelen,1,1
1187,steen,elke baksteen een andere kleur en daar een 'schilderij van maken',5,3,elke baksteen kleur schilderij,4,3
1228,steen,erop balanceren,5,3,erop balanceren,3,2
1135,steen,erop gaan staan,5,3,erop gaan staan,2,2
1129,steen,erop gaan zitten,5,3,erop gaan zitten,2,2
1153,steen,erop een handstand maken,5,3,erop handstand,4,2
1153,steen,erop staan,5,3,erop staan,2,2
1153,steen,erop zitten,5,3,erop zitten,2,2
1228,steen,erop zitten,5,3,erop zitten,2,2
1225,steen,erosie,5,3,erosie,0,0
1225,steen,eten,5,3,eten,3,3
1153,steen,figuurtje van zagen,5,3,figuurtje zagen,3,3
1194,steen,flat,5,3,flat,1,1
1179,steen,frame,5,3,frame,3,3
1146,steen,frisbee,5,3,frisbee,4,4
1148,steen,gat in grond dempen,5,3,gat grond dempen,3,2
1200,steen,kan je gebruiken om een gebiedje af te bakenen,5,3,gebiedje af bakenen,2,2
1134,steen,gebouw,5,3,gebouw,1,1
1148,steen,gebouw,5,3,gebouw,1,1
1194,steen,gebouw,5,3,gebouw,1,1
1132,steen,andere gebouwen bouwen,5,3,gebouwen bouwen,1,1
1150,steen,gebouwen bouwen,5,3,gebouwen bouwen,1,1
1239,steen,ik heb dit al gedaan,5,3,gedaan,0,0
1177,steen,gesteente,5,3,gesteente,1,1
1217,steen,gesteente,5,3,gesteente,1,1
1148,steen,als gewicht,5,3,gewicht,2,2
1163,steen,Gewicht,5,3,gewicht,2,2
1190,steen,als gewicht,5,3,gewicht,2,2
1223,steen,gewich,5,3,gewicht,2,2
1231,steen,gebruiken als gewicht,5,3,gewicht,2,2
1203,steen,gewicht om mee te gewicht heffen,5,3,gewicht gewicht heffen,3,3
1228,steen,gewicht mee heffen,5,3,gewicht heffen,3,3
1208,steen,gewicht voor sport,5,3,gewicht sport,3,3
1154,steen,gewicht om voorwerp op zijn plek te houden,5,3,gewicht voorwerp plek houden,2,3
1199,steen,Gewichten voor sporten,5,3,gewichten sporten,3,3
1136,steen,gewichtheffen,5,3,gewichtheffen,3,3
1212,steen,gewichtheffen,5,3,gewichtheffen,3,3
1210,steen,gewichtje,5,3,gewichtje,2,2
1225,steen,gezellig,5,3,gezellig,0,0
1140,steen,door glas gooien in geval van nood,5,3,glas gooien geval nood,2,2
1155,steen,goedkope bouwblokken voor je kinderen,5,3,goedkope bouwblokken kinderen,2,2
1134,steen,gooien,5,3,gooien,2,2
1135,steen,gooien,5,3,gooien,2,2
1137,steen,gooien,5,3,gooien,2,2
1142,steen,gooien,5,3,gooien,2,2
1145,steen,gooien,5,3,gooien,2,2
1148,steen,gooien ermee,5,3,gooien,2,2
1151,steen,gooien,5,3,gooien,2,2
1153,steen,gooien,5,3,gooien,2,2
1158,steen,mee gooien,5,3,gooien,2,2
1163,steen,Gooien,5,3,gooien,2,2
1166,steen,gooien,5,3,gooien,2,2
1172,steen,naar iemand gooien,5,3,gooien,2,2
1173,steen,gooien,5,3,gooien,2,2
1174,steen,gooien,5,3,gooien,2,2
1180,steen,gooien,5,3,gooien,2,2
1183,steen,gooien,5,3,gooien,2,2
1185,steen,naar iemand gooien,5,3,gooien,2,2
1189,steen,Gooien,5,3,gooien,2,2
1191,steen,gooien,5,3,gooien,2,2
1192,steen,gooien,5,3,gooien,2,2
1195,steen,gooien,5,3,gooien,2,2
1201,steen,gooien,5,3,gooien,2,2
1204,steen,GOOIEN,5,3,gooien,2,2
1206,steen,gooien,5,3,gooien,2,2
1216,steen,gooien,5,3,gooien,2,2
1220,steen,om mee over te gooien,5,3,gooien,3,2
1221,steen,om mee te gooien,5,3,gooien,2,2
1228,steen,gooien,5,3,gooien,2,2
1232,steen,gooien,5,3,gooien,2,2
1237,steen,iets om mee te gooien,5,3,gooien,2,2
1207,steen,gooien door een ruit,5,3,gooien ruit,2,2
1157,steen,gootsteen,5,3,gootsteen,3,2
1143,steen,grafkist,5,3,grafkist,3,2
1143,steen,grensrechter stopper,5,3,grensrechter stopper,4,4
1162,steen,grond,5,3,grond,1,1
1215,steen,grond,5,3,grond,1,1
1131,steen,hamer,5,3,hamer,4,3
1139,steen,hamer,5,3,hamer,4,3
1141,steen,hamer,5,3,hamer,4,3
1142,steen,hamer,5,3,hamer,4,3
1161,steen,hamer,5,3,hamer,4,3
1179,steen,hamer,5,3,hamer,4,3
1186,steen,hamer,5,3,hamer,4,3
1239,steen,hamer,5,3,hamer,4,3
1180,steen,hameren,5,3,hameren,4,3
1202,steen,hard,5,3,hard,0,0
1225,steen,hard,5,3,hard,0,0
1135,steen,op je hoofd leggen,5,3,hoofd leggen,4,3
1134,steen,huis,5,3,huis,1,1
1149,steen,huis,5,3,huis,1,1
1152,steen,huis,5,3,huis,1,1
1157,steen,huis,5,3,huis,1,1
1161,steen,huis,5,3,huis,1,1
1162,steen,huis,5,3,huis,1,1
1167,steen,huis,5,3,huis,1,1
1176,steen,huis,5,3,huis,1,1
1177,steen,huis ,5,3,huis,1,1
1187,steen,huis,5,3,huis,1,1
1194,steen,huis,5,3,huis,1,1
1196,steen,huis,5,3,huis,1,1
1201,steen,huis,5,3,huis,1,1
1202,steen,huis,5,3,huis,1,1
1205,steen,huis,5,3,huis,1,1
1215,steen,huis,5,3,huis,1,1
1217,steen,huis,5,3,huis,1,1
1219,steen,huis,5,3,huis,1,1
1225,steen,huis,5,3,huis,1,1
1237,steen,huis,5,3,huis,1,1
1130,steen,je kan het gebruiken om een huis mee te bouwen,5,3,huis bouwen,1,1
1132,steen,huis bouwen,5,3,huis bouwen,1,1
1136,steen,huis bouwen,5,3,huis bouwen,1,1
1139,steen,huis bouwen,5,3,huis bouwen,1,1
1140,steen,huis bouwen,5,3,huis bouwen,1,1
1144,steen,Huisbouwen,5,3,huis bouwen,1,1
1145,steen,huis bouwen,5,3,huis bouwen,1,1
1153,steen,huis bouwen,5,3,huis bouwen,1,1
1154,steen,huis bouwen,5,3,huis bouwen,1,1
1156,steen,huis bouwen,5,3,huis bouwen,1,1
1158,steen,huis bouwen,5,3,huis bouwen,1,1
1165,steen,huis bouwen,5,3,huis bouwen,1,1
1166,steen,huis bouwen,5,3,huis bouwen,1,1
1168,steen,huis bouwen,5,3,huis bouwen,1,1
1171,steen,huis bouwen,5,3,huis bouwen,1,1
1172,steen,huis bouwen,5,3,huis bouwen,1,1
1178,steen,huis bouwen,5,3,huis bouwen,1,1
1179,steen,huis bouwen,5,3,huis bouwen,1,1
1182,steen,Huis bouwen,5,3,huis bouwen,1,1
1185,steen,huis bouwen,5,3,huis bouwen,1,1
1190,steen,huis bouwen,5,3,huis bouwen,1,1
1199,steen,Huis mee bouwen,5,3,huis bouwen,1,1
1207,steen,huis bouwen,5,3,huis bouwen,1,1
1208,steen,huis bouwen,5,3,huis bouwen,1,1
1209,steen,huis bouwen,5,3,huis bouwen,1,1
1212,steen,huis bouwen,5,3,huis bouwen,1,1
1216,steen,huis bouwen,5,3,huis bouwen,1,1
1218,steen,huis bouwen,5,3,huis bouwen,1,1
1220,steen,om een huis te bouwen,5,3,huis bouwen,1,1
1221,steen,huis bouwen,5,3,huis bouwen,1,1
1222,steen,HUIS BOUWEN,5,3,huis bouwen,1,1
1229,steen,huis bouwen,5,3,huis bouwen,1,1
1230,steen,huis bouwen,5,3,huis bouwen,1,1
1232,steen,huis bouwnen,5,3,huis bouwen,1,1
1145,steen,huis slopen,5,3,huis slopen,2,2
1201,steen,huisdier,5,3,huisdier,4,4
1153,steen,als huisdier hoduen,5,3,huisdier houden,4,4
1150,steen,huizen bouwen ,5,3,huizen bouwen,1,1
1193,steen,huizen bouwen,5,3,huizen bouwen,1,1
1211,steen,huizen bouwen,5,3,huizen bouwen,1,1
1226,steen,huizen bouwen,5,3,huizen bouwen,1,1
1231,steen,een hunnebed maken,5,3,hunebed,3,2
1219,steen,hut,5,3,hut,1,1
1208,steen,huttenbouwer,5,3,huttenbouwer,1,1
1210,steen,geen idee,5,3,idee,0,0
1210,steen,geen idee,5,3,idee,0,0
1210,steen,geen idee,5,3,idee,0,0
1210,steen,geen idee,5,3,idee,0,0
1169,steen,iemands kop mee in slaan,5,3,iemands kop slaan,2,2
1159,steen,inbreken,5,3,inbreken,2,2
1225,steen,italiaanse bol,5,3,Italiaanse bol,3,4
1192,steen,jongleren,5,3,jongleren,4,3
1208,steen,kampvuur,5,3,kampvuur,3,2
1169,steen,kampvuur bouwen,5,3,kampvuur bouwen,3,2
1159,steen,kampvuur rand,5,3,kampvuur rand,2,2
1149,steen,iets kapot maken,5,3,kapot,2,2
1189,steen,Kapot maken (ander voorwerp),5,3,kapot,2,2
1217,steen,kapot,5,3,kapot,2,2
1224,steen,Kapot maken,5,3,kapot,2,2
1200,steen,kapot breken van een kokosnoot,5,3,kapot breken kokosnoot,3,2
1132,steen,kapot gooien,5,3,kapot gooien,2,2
1135,steen,kapot slaan,5,3,kapot slaan,2,2
1199,steen,Om iets mee kapot te slaan,5,3,kapot slaan,2,2
1128,steen,kasteel,5,3,kasteel,1,1
1161,steen,kasteel,5,3,kasteel,1,1
1194,steen,kasteel,5,3,kasteel,1,1
1145,steen,als kastje,5,3,kastje,3,3
1225,steen,kei,5,3,kei,1,1
1187,steen,kerk,5,3,kerk,1,1
1153,steen,ketting van maken,5,3,ketting,4,4
1145,steen,een kind vermaken,5,3,kind vermaken,4,3
1235,steen,om een kleed op zijn plek te houden,5,3,kleed plek houden,3,2
1225,steen,klei,5,3,klei,3,3
1231,steen,iemand knockout slaan,5,3,knock out slaan,2,2
1153,steen,als knuffel gebruiken,5,3,knuffel,4,4
1183,steen,knuffel,5,3,knuffel,4,4
1201,steen,als knuffel gebruiken,5,3,knuffel,4,4
1158,steen,mee knutselen,5,3,knutselen,3,3
1201,steen,knutselen,5,3,knutselen,3,3
1221,steen,knutselen,5,3,knutselen,3,3
1146,steen,kogelwerpen,5,3,kogel werpen,3,3
1179,steen,kogelstoten,5,3,kogelstoten,3,3
1159,steen,kogelstoten / baksteenstoten,5,3,kogelstoten baksteenstoten,3,3
1225,steen,kok,5,3,kok,0,0
1225,steen,koken,5,3,koken,4,3
1230,steen,krassen maken op de stoep,5,3,krassen stoep,4,4
1215,steen,krijt,5,3,krijt,4,4
1206,steen,mee krijten,5,3,krijten,4,4
1178,steen,krijtje,5,3,krijtje,4,4
1217,steen,kruiwagen,5,3,kruiwagen,0,0
1142,steen,kruk ,5,3,kruk,2,1
1141,steen,kunsrt,5,3,kunst,3,3
1213,steen,kunst,5,3,kunst,3,3
1190,steen,kunstvoorwerp,5,3,kunstvoorwerp,3,3
1149,steen,kunstwerk,5,3,kunstwerk,3,3
1162,steen,kunstwerk,5,3,kunstwerk,3,3
1203,steen,kunstwerk,5,3,kunstwerk,3,3
1159,steen,kunstwerk metbaksteengruis,5,3,kunstwerk baksteengruis,3,3
1172,steen,kunstwerk maken van bakstenen,5,3,kunstwerk bakstenen,3,3
1207,steen,kunstwerk van bouwen,5,3,kunstwerk bouwen,3,3
1129,steen,als kussen gebruiken,5,3,kussen,4,3
1161,steen,kussen,5,3,kussen,4,3
1203,steen,kussen ,5,3,kussen,4,3
1228,steen,als kussen gebruiken,5,3,kussen,4,3
1238,steen,als kussen gebruiken,5,3,kussen,4,3
1151,steen,laten vallen ,5,3,laten vallen,2,2
1180,steen,laten vallen,5,3,laten vallen,2,2
1216,steen,laten vallen,5,3,laten vallen,2,2
1188,steen,iets laten zinken,5,3,laten zinken,2,2
1188,steen, iets laten zinken in water,5,3,laten zinken water,2,2
1165,steen,op zijn zij leggen,5,3,leggen,1,2
1173,steen,op iets leggen zodat het niet weg waait,5,3,leggen zodat niet weg waait,2,2
1198,steen,als lego blokjes gebruiken,5,3,LEGO blokjes,3,4
1225,steen,lekker,5,3,lekker,0,0
1173,steen,liniaal,5,3,liniaal,4,3
1180,steen,mee lopen,5,3,lopen,2,1
1180,steen,op lopen,5,3,lopen,2,1
1230,steen,op losse bakstenen lopen,5,3,losse bakstenen lopen,3,1
1134,steen,malen,5,3,malen,3,2
1217,steen,materiaal,5,3,materiaal,1,1
1151,steen,meenemen,5,3,meenemen,1,2
1173,steen,meetlat,5,3,meetlat,4,4
1155,steen,mensen doden,5,3,mensen doden,2,2
1152,steen,op mensen gooien,5,3,mensen gooien,2,2
1134,steen,metselen,5,3,metselen,1,1
1174,steen,metselen,5,3,metselen,1,1
1177,steen,metselen,5,3,metselen,1,1
1180,steen,metselen,5,3,metselen,1,1
1201,steen,metselen,5,3,metselen,1,1
1204,steen,metselen,5,3,metselen,1,1
1206,steen,metselen,5,3,metselen,1,1
1234,steen,Metselen,5,3,metselen,1,1
1142,steen,meubel,5,3,meubel,3,1
1143,steen,Mexicaanse muur,5,3,Mexicaanse muur,1,1
1151,steen,door midden breken ,5,3,midden breken,3,2
1129,steen,door midden slaan,5,3,midden slaan,3,2
1203,steen,mini stoeltje,5,3,mini stoeltje,2,2
1143,steen,moderne kunst,5,3,moderne kunst,3,3
1219,steen,monument,5,3,monument,1,1
1191,steen,moorden,5,3,moorden,2,2
1201,steen,moorden,5,3,moorden,2,2
1212,steen,moordwapen,5,3,moordwapen,2,2
1241,steen,moordwapen,5,3,moordwapen,2,2
1131,steen,muur,5,3,muur,1,1
1134,steen,muur,5,3,muur,1,1
1141,steen,muur,5,3,muur,1,1
1142,steen,muur,5,3,muur,1,1
1148,steen,muur,5,3,muur,1,1
1149,steen,muur,5,3,muur,1,1
1152,steen,muur,5,3,muur,1,1
1157,steen,muur,5,3,muur,1,1
1161,steen,muur,5,3,muur,1,1
1162,steen,muur,5,3,muur,1,1
1167,steen,muur,5,3,muur,1,1
1173,steen,muur,5,3,muur,1,1
1176,steen,muur,5,3,muur,1,1
1177,steen,muur,5,3,muur,1,1
1179,steen,muur,5,3,muur,1,1
1183,steen,in een muur gebruiken,5,3,muur,1,1
1196,steen,muur,5,3,muur,1,1
1202,steen,muur,5,3,muur,1,1
1205,steen,muur,5,3,muur,1,1
1207,steen,muur,5,3,muur,1,1
1208,steen,muur,5,3,muur,1,1
1212,steen,muur maken,5,3,muur,1,1
1213,steen,muur,5,3,muur,1,1
1215,steen,muur,5,3,muur,1,1
1217,steen,muur,5,3,muur,1,1
1219,steen,muur,5,3,muur,1,1
1223,steen,muur,5,3,muur,1,1
1225,steen,muur,5,3,muur,1,1
1237,steen,muur,5,3,muur,1,1
1238,steen,muur maken,5,3,muur,1,1
1129,steen,muur bouwen,5,3,muur bouwen,1,1
1140,steen,muur bouwen,5,3,muur bouwen,1,1
1144,steen,Muur bouwen,5,3,muur bouwen,1,1
1159,steen,muur bouwen,5,3,muur bouwen,1,1
1160,steen,Muur bouwen,5,3,muur bouwen,1,1
1165,steen,muur bouwen,5,3,muur bouwen,1,1
1169,steen,muur bouwen,5,3,muur bouwen,1,1
1172,steen,muur bouwen,5,3,muur bouwen,1,1
1184,steen,muur bouwen,5,3,muur bouwen,1,1
1186,steen,muur bouwen,5,3,muur bouwen,1,1
1188,steen,muur bouwen,5,3,muur bouwen,1,1
1198,steen,muur bouwen,5,3,muur bouwen,1,1
1216,steen,muur bouwen,5,3,muur bouwen,1,1
1222,steen,muur bouwen,5,3,muur bouwen,1,1
1231,steen,muur bouwen,5,3,muur bouwen,1,1
1241,steen,muur bouwen,5,3,muur bouwen,1,1
1151,steen,op een muur plakken met cement ,5,3,muur plakken cement,1,1
1217,steen,muurtje,5,3,muurtje,1,1
1168,steen,muurtje bouwen,5,3,muurtje bouwen,1,1
1211,steen, muurtjes maken,5,3,muurtjes,1,1
1230,steen,muziek maken,5,3,muziek,4,3
1168,steen,namaak klompen van maken,5,3,namaak klompen,5,4
1231,steen,op een nat boek leggen om goed te laten drogen,5,3,nat boek leggen goed laten drogen,3,4
1165,steen,natekenen,5,3,natekenen,4,3
1135,steen,neerleggen,5,3,neerleggen,1,2
1180,steen,neerleggen,5,3,neerleggen,1,2
1234,steen,neerleggen,5,3,neerleggen,1,2
1153,steen,gebruiken als nep mobieltje,5,3,nep mobieltje,4,3
1193,steen, niet alleen huizen,5,3,niet alleen huizen,1,1
1145,steen,notenkraker,5,3,notenkraker,3,3
1156,steen,notenkraker,5,3,notenkraker,3,3
1137,steen,Je kan hem gebruiken als een notitieblok,5,3,notitieblok,5,4
1135,steen,omdraaien,5,3,omdraaien,1,2
1148,steen,omheinnig,5,3,omheining,2,2
1151,steen,omhoog gooien,5,3,omhoog gooien,2,2
1180,steen,omhoog gooien,5,3,omhoog gooien,2,2
1180,steen,omhoog houden,5,3,omhoog houden,3,2
1151,steen,omrollen,5,3,omrollen,1,2
1225,steen,onbreekbaar,5,3,onbreekbaar,0,0
1138,steen,Onderdeel van muur,5,3,onderdeel muur,1,1
1163,steen,Ondersteunen,5,3,ondersteunen,2,2
1207,steen,ondersteuning voor een tafel als de tafel oneven is,5,3,ondersteuning tafel tafel oneven,3,2
1131,steen,onderzetter,5,3,onderzetter,3,2
1138,steen,Onderzetter,5,3,onderzetter,3,2
1164,steen,onderzetter,5,3,onderzetter,3,2
1193,steen,als onderzetter,5,3,onderzetter,3,2
1213,steen,onderzetter,5,3,onderzetter,3,2
1220,steen,als onderzetter,5,3,onderzetter,3,2
1235,steen,onderzetter,5,3,onderzetter,3,2
1169,steen,onderzetter kopje,5,3,onderzetter kopje,3,2
1213,steen,iets mee open brekene,5,3,open breken,2,2
1202,steen,open haard,5,3,open haard,1,1
1218,steen,open haard maken,5,3,open haard,1,1
1152,steen,operhaard bouwen,5,3,open haard bouwen,1,1
1142,steen,opener,5,3,opener,3,2
1175,steen,ophoging voor bijv. een bed,5,3,ophoging oorbeeld bed,4,2
1234,steen,oppakken,5,3,oppakken,1,2
1134,steen,opslagplaats,5,3,opslagplaats,2,1
1189,steen,opstaan,5,3,opstaan,2,2
1148,steen,opstappelen,5,3,opstapelen,1,1
1222,steen,opstapelen,5,3,opstapelen,1,1
1181,steen,opstapje,5,3,opstapje,2,2
1184,steen,opstapje,5,3,opstapje,2,2
1199,steen,/ Opstapje,5,3,opstapje,2,2
1207,steen,gebruiken als opstapje,5,3,opstapje,2,2
1223,steen,als opstapje,5,3,opstapje,2,2
1235,steen,opstapje,5,3,opstapje,2,2
1180,steen,optillen,5,3,optillen,1,2
1177,steen,oranje,5,3,oranje,0,0
1129,steen,een oven van maken,5,3,oven,3,2
1134,steen,oven,5,3,oven,3,2
1157,steen,oven,5,3,oven,3,2
1161,steen,oven,5,3,oven,3,2
1128,steen,overgooien,5,3,overgooien,3,2
1129,steen, overgooien,5,3,overgooien,3,2
1238,steen,overgooien,5,3,overgooien,3,2
1178,steen,paden,5,3,paden,1,1
1217,steen,pan,5,3,pan,3,2
1241,steen,paper weight,5,3,paper weight,2,2
1144,steen,Om papier op elkaar te houden,5,3,papier elkaar houden,2,2
1132,steen,papier onder vastleggen,5,3,papier onder vastleggen,2,2
1223,steen,als papier om op te tekenen,5,3,papier tekenen,4,3
1199,steen,Papierhouder,5,3,papierhouder,3,2
1128,steen,parcour mee aanleggen,5,3,parcours aanleggen,3,3
1201,steen,als partner,5,3,partner,5,5
1143,steen,partycrasher,5,3,party crasher,4,4
1177,steen,passen,5,3,passen,2,2
1201,steen,patroon,5,3,patroon,2,3
1186,steen,pennenbakje,5,3,pennenbakje,4,3
1182,steen,Pizzaoventje bouwen voor in de tuin,5,3,pizzaoventje bouwen tuin,3,2
1157,steen,plafond,5,3,plafond,1,1
1237,steen,iets om een plek aan te duiden ,5,3,plek duiden,2,2
1137,steen,Je kan ermee pletten,5,3,pletten,3,2
1199,steen,Om iets mee te pletten,5,3,pletten,3,2
1159,steen,poort maken,5,3,poort,1,1
1201,steen,als pop gebruiken,5,3,pop,4,4
1143,steen,pot,5,3,pot,3,3
1186,steen,poten voor tafel,5,3,poten tafel,3,3
1157,steen,put,5,3,put,1,1
1208,steen,put,5,3,put,1,1
1219,steen,put,5,3,put,1,1
1217,steen,raam,5,3,raam,2,2
1183,steen,raam mee breken,5,3,raam breken,2,2
1241,steen,raam breken,5,3,raam breken,2,2
1129,steen,door een raam gooien,5,3,raam gooien,2,2
1151,steen,door een raam gooien ,5,3,raam gooien,2,2
1166,steen,door het raam gooien,5,3,raam gooien,2,2
1130,steen,een raam ingooien,5,3,raam ingooien,2,2
1156,steen,raam ingooien,5,3,raam ingooien,2,2
1160,steen, een raam ingooien,5,3,raam ingooien,2,2
1199,steen,Raam mee ingooien,5,3,raam ingooien,2,2
1218,steen,raam ingooien,5,3,raam ingooien,2,2
1154,steen,raam inslaan,5,3,raam inslaan,2,2
1229,steen,raam inslaan,5,3,raam inslaan,2,2
1143,steen,raamsloper,5,3,raamsloper,2,2
1155,steen,ramen ingooien,5,3,ramen ingooien,2,2
1202,steen,rand van een vijver,5,3,rand vijver,2,2
1217,steen,rechthoek,5,3,rechthoek,2,2
1154,steen,rechthoek tekenen (om de baksteen heen tekenen),5,3,rechthoek tekenen,5,3
1151,steen,rechtop zetten ,5,3,rechtop zetten,1,2
1189,steen,Rollen,5,3,rollen,2,2
1165,steen,ronddraaien,5,3,ronddraaien,1,2
1202,steen,rood,5,3,rood,0,0
1225,steen,rood,5,3,rood,0,0
1225,steen,rots,5,3,rots,2,2
1177,steen,ruimtelijk inzicht,5,3,ruimtelijk inzicht,3,3
1182,steen,Ruit ingooien,5,3,ruit ingooien,2,2
1209,steen,ruit ingooien,5,3,ruit ingooien,2,2
1230,steen,ruit ingooien,5,3,ruit ingooien,2,2
1132,steen,ruit inslaan,5,3,ruit inslaan,2,2
1231,steen,ruit kapot maken,5,3,ruit kapot,2,2
1224,steen,Ruiten ingooien,5,3,ruiten ingooien,2,2
1184,steen,ruitje intikken,5,3,ruitje intikken,2,2
1137,steen,schilderen,5,3,schilderen,4,3
1151,steen,schilderen,5,3,schilderen,4,3
1156,steen,schoen,5,3,schoen,5,5
1178,steen,schoenen,5,3,schoenen,5,5
1186,steen,schoenen,5,3,schoenen,5,5
1215,steen,schoorsteen,5,3,schoorsteen,1,1
1209,steen,schoorsteen bouwen,5,3,schoorsteen bouwen,1,1
1230,steen,schoorsteen bouwen,5,3,schoorsteen bouwen,1,1
1221,steen,op te schrijven,5,3,schrijven,4,3
1222,steen,op schrijven,5,3,schrijven,4,3
1228,steen,ermee schrijven,5,3,schrijven,4,3
1190,steen,schuren en zand maken,5,3,schuren zand,3,4
1134,steen,schuur,5,3,schuur,1,1
1194,steen,schuur,5,3,schuur,1,1
1219,steen,schuur,5,3,schuur,1,1
1165,steen,schuur bouwen,5,3,schuur bouwen,1,1
1230,steen,schuur bouwen,5,3,schuur bouwen,1,1
1131,steen,schuurpapier ding,5,3,schuurpapier ding,3,4
1182,steen,Scooter standaard die stroef gaat losser krijgen door scooter op baksteen te duwen,5,3,scooter standaard stroef gaat losser krijgen scooter baksteen duwen,3,4
1131,steen,scrubsteen,5,3,scrub steen,4,4
1225,steen,serveerster,5,3,serveerster,0,0
1172,steen,servies maken van baksteen,5,3,servies baksteen,3,3
1220,steen,voor de sier in huis,5,3,sier huis,3,3
1139,steen,slaan,5,3,slaan,2,2
1145,steen,slaan,5,3,slaan,2,2
1163,steen,Slaan,5,3,slaan,2,2
1180,steen,slaan,5,3,slaan,2,2
1183,steen,slaan,5,3,slaan,2,2
1189,steen,slaan,5,3,slaan,2,2
1204,steen,slaan,5,3,slaan,2,2
1207,steen,mee slaan,5,3,slaan,2,2
1228,steen,slaan,5,3,slaan,2,2
1232,steen,slaan,5,3,slaan,2,2
1238,steen,slaan,5,3,slaan,2,2
1153,steen,gebruiken als slecht gemaakt bootje,5,3,slecht gemaakt bootje,4,4
1132,steen,sleutel onder verstoppen,5,3,sleutel onder verstoppen,1,2
1136,steen,sleutel onder verstoppen naast de deur,5,3,sleutel onder verstoppen naast deur,1,2
1151,steen,slijpen ,5,3,slijpen,3,2
1216,steen,slijpen,5,3,slijpen,3,2
1228,steen,slopen,5,3,slopen,2,2
1131,steen,snijplank,5,3,snijplank,4,3
1142,steen,spelgoed,5,3,speelgoed,3,3
1143,steen,speelgoed,5,3,speelgoed,3,3
1208,steen,speelgoed,5,3,speelgoed,3,3
1237,steen,je kunt het als speelgoed gebruiken,5,3,speelgoed,3,3
1169,steen,speelgoed om meet te bouwen,5,3,speelgoed meet bouwen,2,3
1148,steen,spel,5,3,spel,3,3
1134,steen,spelen,5,3,spelen,3,3
1137,steen,je kan ermee spelen,5,3,spelen,3,3
1165,steen,spelen,5,3,spelen,3,3
1201,steen,mee spelen,5,3,spelen,3,3
1204,steen,spelletje bedenken,5,3,spelletje bedenken,3,3
1169,steen,spijker slaan,5,3,spijker slaan,4,2
1148,steen,sport,5,3,sport,3,3
1164,steen,sportattribuut,5,3,sportattribuut,3,3
1220,steen,om mee te sporten als gewicht,5,3,sporten gewicht,3,3
1223,steen,bij sporten als gewicht,5,3,sporten gewicht,3,3
1180,steen,op staan,5,3,staan,2,2
1130,steen,je kan er op staan zodat je iets langer bent en beter kunt zien,5,3,staan zodat langer bent beter zien,2,3
1218,steen,stadspoort maken,5,3,stadspoort,1,1
1176,steen,stapel,5,3,stapel,2,1
1135,steen,stapelen,5,3,stapelen,1,1
1148,steen,stapelen,5,3,stapelen,1,1
1165,steen,stapelen,5,3,stapelen,1,1
1174,steen,stapelen,5,3,stapelen,1,1
1191,steen,stapelen ,5,3,stapelen,1,1
1192,steen,stapelen,5,3,stapelen,1,1
1204,steen,stapelen,5,3,stapelen,1,1
1216,steen,stapelen,5,3,stapelen,1,1
1221,steen,stapelen,5,3,stapelen,1,1
1234,steen,Stapelen,5,3,stapelen,1,1
1170,steen,steen,5,3,steen,1,1
1177,steen,steen,5,3,steen,1,1
1223,steen,steen,5,3,steen,1,1
1225,steen,steen,5,3,steen,1,1
1167,steen,steenoven,5,3,steenoven,3,2
1218,steen,steenoven maken,5,3,steenoven,3,2
1224,steen, stenen stapelen,5,3,stenen stapelen,1,1
1225,steen,stevig,5,3,stevig,0,0
1141,steen,stoel,5,3,stoel,3,3
1142,steen,stoel,5,3,stoel,3,3
1145,steen,stoel,5,3,stoel,3,3
1146,steen,stoel,5,3,stoel,3,3
1173,steen,stoel,5,3,stoel,3,3
1179,steen,stoel,5,3,stoel,3,3
1190,steen,stoel,5,3,stoel,3,3
1202,steen,stoel,5,3,stoel,3,3
1219,steen,stoel,5,3,stoel,3,3
1223,steen,stoel,5,3,stoel,3,3
1129,steen, een stoel bouwen,5,3,stoel bouwen,3,3
1139,steen,stoep,5,3,stoep,1,2
1167,steen,stoep,5,3,stoep,1,2
1172,steen,stoep maken,5,3,stoep,1,2
1139,steen,stoepkrijt,5,3,stoepkrijt,4,4
1148,steen,straat,5,3,straat,1,1
1148,steen,straat,5,3,straat,1,1
1158,steen,straat maken,5,3,straat,1,1
1167,steen,straat,5,3,straat,1,1
1177,steen,straat,5,3,straat,1,1
1187,steen, straat,5,3,straat,1,1
1194,steen,straat,5,3,straat,1,1
1202,steen,straat,5,3,straat,1,1
1226,steen,straat maken,5,3,straat,1,1
1211,steen, straat aanleggen,5,3,straat aanleggen,1,1
1232,steen,straat aanleggen,5,3,straat aanleggen,1,1
1172,steen,straten maken,5,3,straten,1,1
1224,steen,straten beleggen,5,3,straten beleggen,1,1
1150,steen,straten leggen,5,3,straten leggen,1,1
1188,steen,straten leggen,5,3,straten leggen,1,1
1217,steen,stratenmaker,5,3,stratenmaker,1,1
1143,steen,studentenbank,5,3,studentenbank,3,3
1191,steen,stuk maken,5,3,stuk,2,2
1186,steen,iets stuk gooien,5,3,stuk gooien,2,2
1206,steen,in stukken slaan en van de stukken kunstwerk maken,5,3,stukken slaan stukken kunstwerk,3,3
1209,steen,supreme collectable van maken,5,3,Supreme collectable,4,3
1145,steen,tafel,5,3,tafel,4,3
1157,steen,tafel,5,3,tafel,4,3
1195,steen,als tafel gebruike,5,3,tafel,4,3
1238,steen,tafel maken,5,3,tafel,4,3
1129,steen,een tafel bouwen,5,3,tafel bouwen,4,3
1220,steen,als tafeltje,5,3,tafeltje,3,3
1135,steen,in je tas stoppen,5,3,tas stoppen,3,3
1174,steen,tegelen,5,3,tegelen,1,1
1222,steen,tegen een ruit gooien,5,3,tegen ruit gooien,2,2
1148,steen,als tegengewicht,5,3,tegengewicht,2,2
1130,steen,je kan er iets mee tegenhouden/dicht houden,5,3,tegenhouden dicht houden,2,2
1232,steen,tekenen ,5,3,tekenen,4,3
1144,steen,Ter decoratie,5,3,ter decoratie,3,3
1151,steen,tillen,5,3,tillen,2,2
1195,steen,timmeren,5,3,timmeren,4,3
1213,steen,tochtstopper,5,3,tochtstopper,4,4
1128,steen,toren maken,5,3,toren,1,1
1134,steen,toren,5,3,toren,1,1
1194,steen,toren,5,3,toren,1,1
1212,steen,toren maken,5,3,toren,1,1
1215,steen,toren,5,3,toren,1,1
1231,steen,toren maken,5,3,toren,1,1
1207,steen,toren van bouwen,5,3,toren bouwen,1,1
1209,steen,toren bouwen,5,3,toren bouwen,1,1
1238,steen,toren bouwen,5,3,toren bouwen,1,1
1231,steen,met een touw vastbinden aan iemands voet om diegene te laten verdrinken,5,3,touw vastbinden iemands voet diegene laten verdrinken,3,3
1137,steen,Je kan ermee trainen,5,3,trainen,3,3
1207,steen,trap van maken,5,3,trap,1,1
1203,steen,trapje op iets langer te zijn,5,3,trapje langer,2,1
1218,steen,trappen maken,5,3,trappen,1,1
1188,steen,trappen bouwen,5,3,trappen bouwen,1,1
1199,steen,Als traptrede,5,3,traptrede,2,1
1134,steen,tuin,5,3,tuin,2,1
1205,steen,tuin,5,3,tuin,2,1
1168,steen,tuindecoratie van maken,5,3,tuindecoratie,3,3
1153,steen,als tuinpad gebruiken,5,3,tuinpad,2,1
1148,steen,tussenmuur,5,3,tussenmuur,1,1
1219,steen,vaas,5,3,vaas,4,4
1201,steen,over vallen,5,3,vallen,2,2
1232,steen,vangen,5,3,vangen,3,2
1180,steen,vasthouden,5,3,vasthouden,1,2
1225,steen,veilig,5,3,veilig,0,0
1212,steen,ver gooien,5,3,ver gooien,3,2
1191,steen,verbrijzelen,5,3,verbrijzelen,3,2
1189,steen,Verdedigen,5,3,verdedigen,3,2
1162,steen,verdedigingswerk,5,3,verdedigingswerk,3,2
1148,steen,verf mee maken,5,3,verf,4,4
1206,steen,verf van maken,5,3,verf,4,4
1219,steen,vergooien,5,3,vergooien,3,2
1173,steen,vergruizelen voor grind,5,3,vergruizelen grind,3,3
1155,steen,verhitten om mee te koken,5,3,verhitten koken,3,3
1139,steen,als verhoging gebruiken,5,3,verhoging,2,2
1160,steen, verhoging maken,5,3,verhoging,2,2
1212,steen,verhoging,5,3,verhoging,2,2
1229,steen,verhoging,5,3,verhoging,2,2
1241,steen,verhoging,5,3,verhoging,2,2
1224,steen,Verkopen,5,3,verkopen,1,2
1238,steen,verkopen,5,3,verkopen,1,2
1189,steen,verlengstuk,5,3,verlengstuk,2,2
1175,steen,je kunt er iets mee vermalen,5,3,vermalen,3,2
1145,steen,vermalen tot poeder en in een andere vorm gieten,5,3,vermalen poeder vorm gieten,3,2
1151,steen,verpulveren ,5,3,verpulveren,3,2
1187,steen,versieren en als decoratie in de tuin zetten,5,3,versieren decoratie tuin zetten,3,3
1225,steen,versiering,5,3,versiering,3,3
1233,steen,versteviging,5,3,versteviging,2,2
1153,steen,verstoppen,5,3,verstoppen,3,3
1191,steen,iemand verwonden,5,3,verwonden,2,2
1224,steen,Verzamelen,5,3,verzamelen,2,3
1181,steen,verzwaarmiddel,5,3,verzwaar middel,2,2
1131,steen,vijzel,5,3,vijzel,3,3
1156,steen,vijzel,5,3,vijzel,3,3
1225,steen,vila,5,3,villa,1,1
1142,steen,vloer,5,3,vloer,2,1
1162,steen,vloer,5,3,vloer,2,1
1183,steen,als vloer,5,3,vloer,2,1
1143,steen,voedsel,5,3,voedsel,4,4
1203,steen,voeten steuntje,5,3,voeten steuntje,3,2
1209,steen,voetpad maken,5,3,voetpad,1,1
1210,steen,voetsteun,5,3,voetsteun,3,2
1149,steen,voorwerp om mee te gooien,5,3,voorwerp gooien,2,2
1193,steen,voorwerp om te gooien,5,3,voorwerp gooien,2,2
1174,steen,gebruiken om voorwerpen te laten zinken,5,3,voorwerpen laten zinken,2,2
1174,steen,vormpjes maken in de grond,5,3,vormpjes grond,4,3
1177,steen,vulkaan,5,3,vulkaan,4,4
1158,steen,vuur mee maken,5,3,vuur,3,3
1136,steen,wapen,5,3,wapen,2,2
1138,steen,Wapen,5,3,wapen,2,2
1143,steen,Wapen,5,3,wapen,2,2
1147,steen,wapen,5,3,wapen,2,2
1156,steen,wapen,5,3,wapen,2,2
1158,steen,als wapen gebruiken,5,3,wapen,2,2
1161,steen,wapen,5,3,wapen,2,2
1164,steen, wapen,5,3,wapen,2,2
1178,steen,wapen,5,3,wapen,2,2
1179,steen,wapen,5,3,wapen,2,2
1181,steen,wapen,5,3,wapen,2,2
1183,steen,als wapen ,5,3,wapen,2,2
1190,steen,wapen,5,3,wapen,2,2
1199,steen,Wapen,5,3,wapen,2,2
1203,steen,wapen,5,3,wapen,2,2
1208,steen,wapen,5,3,wapen,2,2
1213,steen,wapen,5,3,wapen,2,2
1215,steen,wapen,5,3,wapen,2,2
1233,steen,wapen,5,3,wapen,2,2
1230,steen,in wasmachine doen om te verzwaren,5,3,wasmachine verzwaren,3,2
1153,steen,in water gooien,5,3,water gooien,1,2
1231,steen,wc bak verkleinen,5,3,wc bak verkleinen,5,5
1143,steen,weddingcrasher,5,3,wedding crasher,5,5
1134,steen,weg,5,3,weg,1,1
1148,steen,weg,5,3,weg,1,1
1195,steen,weg maken,5,3,weg,1,1
1230,steen,weg maken,5,3,weg,1,1
1207,steen,weggetje bouwen,5,3,weggetje bouwen,1,1
1148,steen,wegopbreking,5,3,wegopbreking,1,2
1148,steen,werk,5,3,werk,0,0
1147,steen,werpmateriaal,5,3,werpmateriaal,3,2
1143,steen,Wielstopper,5,3,wielstopper,3,2
1225,steen,woning,5,3,woning,1,1
1144,steen,Op zijl op grond ,5,3,zeil grond,2,2
1155,steen,zelfverdediging,5,3,zelfverdediging,3,2
1130,steen,je kan het gebruiken om iets op te zetten,5,3,zetten,2,2
1193,steen,zink snel,5,3,zink snel,2,2
1204,steen,zinken,5,3,zinken,2,2
1136,steen,zitje,5,3,zitje,2,2
1145,steen,zitten,5,3,zitten,2,2
1173,steen,zitten,5,3,zitten,2,2
1195,steen,op zitten,5,3,zitten,2,2
1229,steen,op zitten,5,3,zitten,2,2
1132,steen, zodat het niet wegwaait,5,3,zodat niet wegwaait,2,2
1237,steen,zwaar iets wat je op iets kunt leggen die weg kan vliegen ,5,3,zwaar leggen weg vliegen,2,2
1208,steen,zwembad,5,3,zwembad,2,1
1219,steen,zwembad,5,3,zwembad,2,1
1238,steen,zwembad maken,5,3,zwembad,2,1
1129,steen,een zwembad bouwen,5,3,zwembad bouwen,2,1
1177,paperclip,a4,5,3,a,0,0
1201,paperclip,alternatief voor knoop,5,3,alternatief knoop,4,3
1209,paperclip,als architecturele inspiratie gebruiken,5,3,architecturale inspiratie,4,4
1137,paperclip,een armband maken,5,3,armband,3,2
1142,paperclip,armband,5,3,armband,3,2
1161,paperclip,armband,5,3,armband,3,2
1183,paperclip,armband van maken ,5,3,armband,3,2
1194,paperclip,armband,5,3,armband,3,2
1212,paperclip,armband,5,3,armband,3,2
1221,paperclip,armband van maken,5,3,armband,3,2
1241,paperclip,armband,5,3,armband,3,2
1131,paperclip,armabnd van maken veel aan elkaar rijgen,5,3,armband elkaar rijgen,3,2
1227,paperclip,art,5,3,art,3,3
1183,paperclip,auto mee te bekrassen ,5,3,auto bekrassen,2,2
1232,paperclip,ballon kapot prikken,5,3,ballon kapot prikken,2,2
1218,paperclip,bandjes van BH aan elkaar verbinden voor een kruiselings effect,5,3,bandjes bh elkaar verbinden kruiselings effect,4,3
1199,paperclip,gebruiken om bandjes van een jurk bij elkaar te houden op je rug,5,3,bandjes jurk elkaar houden rug,4,3
1196,paperclip,basischool,5,3,basisschool,0,0
1203,paperclip,bedel voor aan je ketting,5,3,bedel ketting,3,3
1202,paperclip,beestje,5,3,beestje,3,4
1130,paperclip, dat je hem in een beker moet flippen,5,3,beker flippen,4,3
1128,paperclip,berg mee maken om in te springen,5,3,berg springen,5,5
1166,paperclip,beschilderen,5,3,beschilderen,3,3
1224,paperclip,beschilderen,5,3,beschilderen,3,3
1226,paperclip,bh bandjes bij elkaar doen aan de achterkant,5,3,bh bandjes elkaar achterkant,4,3
1183,paperclip,bh bandjes naar elkaar toe doen,5,3,bh bandjes elkaar toe,4,3
1182,paperclip,bh bandjes kruizen op rug ,5,3,bh bandjes kruizen rug,4,3
1200,paperclip,kan je gebruiken om de bh strapsjes kruiselings te zetten zodat ie niet te zien is hij het dragen,5,3,bh straps kruiselings zetten zodat ie niet zien dragen,4,3
1178,paperclip,bijeenhouder,5,3,bijeen houder,1,1
1167,paperclip,bijeenhouden,5,3,bijeenhouden,1,1
1161,paperclip,bijl,5,3,bijl,0,0
1224,paperclip,Blaadjes aan elkaar maken,5,3,blaadjes elkaar,1,1
1237,paperclip,Je kunt blaadjes bij elkaar halen ,5,3,blaadjes elkaar halen,1,1
1198,paperclip,blaadjes aan elkaar vastmaken,5,3,blaadjes elkaar vastmaken,1,1
1200,paperclip,om blaadjes vast te maken,5,3,blaadjes vast,1,1
1138,paperclip,Blaadjes vasthouden,5,3,blaadjes vasthouden,1,1
1237,paperclip,Je kunt een bladzijde van een boek mee onthouden door het op die bladzijde te clippen,5,3,bladzijde boek onthouden bladzijde klippen,2,2
1131,paperclip,boekenlegger,5,3,boekenlegger,2,2
1134,paperclip,boekenlegger,5,3,boekenlegger,2,2
1144,paperclip,Al boekenlegger,5,3,boekenlegger,2,2
1168,paperclip,boekenlegger,5,3,boekenlegger,2,2
1178,paperclip,boekenlegger,5,3,boekenlegger,2,2
1183,paperclip,boekenlegger,5,3,boekenlegger,2,2
1189,paperclip,Boekenlegger,5,3,boekenlegger,2,2
1206,paperclip,boekenlegger,5,3,boekenlegger,2,2
1234,paperclip,boekenlegger,5,3,boekenlegger,2,2
1235,paperclip,boekenlegger,5,3,boekenlegger,2,2
1237,paperclip,Je kunt het als boeklegger gebruiken,5,3,boeklegger,2,2
1163,paperclip,Bookmark,5,3,bookmark,2,2
1148,paperclip,boortje,5,3,boortje,4,4
1206,paperclip,bordprikker,5,3,bordprikker,3,2
1230,paperclip, bos bloemen bij elkaar binden,5,3,bos bloemen elkaar binden,3,3
1227,paperclip,boterham zakje,5,3,boterham zakje,2,2
1231,paperclip,te brede kleding smaller maken,5,3,brede kleding smaller,2,2
1228,paperclip,breken,5,3,breken,1,2
1162,paperclip,om intebreken in een deur,5,3,breken deur,3,3
1201,paperclip,broche,5,3,broche,3,3
1223,paperclip,broche,5,3,broche,3,3
1219,paperclip,broekriem,5,3,broekriem,5,4
1167,paperclip,buigbaar,5,3,buigbaar,0,0
1151,paperclip,buigen ,5,3,buigen,1,2
1192,paperclip,buigen,5,3,buigen,1,2
1217,paperclip,buigen,5,3,buigen,1,2
1219,paperclip,buigen,5,3,buigen,1,2
1225,paperclip,buigen],5,3,buigen,1,2
1228,paperclip,buigen,5,3,buigen,1,2
1129,paperclip,buigen tot een leuke vorm,5,3,buigen leuke vorm,2,2
1148,paperclip,bureau,5,3,bureau,0,0
1196,paperclip,bureau,5,3,bureau,0,0
1148,paperclip,clipje,5,3,clipje,1,2
1177,paperclip,clipje,5,3,clipje,1,2
1143,paperclip,coctail prikkers,5,3,cocktail prikkers,4,4
1225,paperclip,creatief,5,3,creatief,0,0
1206,paperclip,decoraties van maken,5,3,decoraties,3,3
1213,paperclip,deur mee openen ,5,3,deur openen,3,3
1168,paperclip,deuren open maken,5,3,deuren open,3,3
1174,paperclip,deuren open maken,5,3,deuren open,3,3
1188,paperclip,deuren openen,5,3,deuren openen,3,3
1190,paperclip,deuropener,5,3,deuropener,3,3
1166,paperclip,deurslot openen,5,3,deurslot openen,3,3
1223,paperclip,een deurstop,5,3,deurstopper,4,4
1177,paperclip,dief,5,3,dief,0,0
1238,paperclip,tot een dier vouwen,5,3,dier vouwen,2,2
1207,paperclip,2 dingen,5,3,dingen,0,0
1140,paperclip,om dingen mee aan elkaar te binden,5,3,dingen elkaar binden,1,1
1174,paperclip,andere dingen bij elkaar houden,5,3,dingen elkaar houden,1,1
1220,paperclip,om dingen mee bij elkaar te houden (papier bijv.),5,3,dingen elkaar houden,1,1
1140,paperclip,dingen bij elkaar te klippen,5,3,dingen elkaar klippen,1,1
1174,paperclip,gebruiken om dingen aan elkaar vast te maken,5,3,dingen elkaar vast,1,1
1208,paperclip,dingen aan elkaar vast maken,5,3,dingen elkaar vast,1,1
1226,paperclip,dingen aan elkaar vastmaken,5,3,dingen elkaar vastmaken,1,1
1227,paperclip,dinen aan elkaar verbinden,5,3,dingen elkaar verbinden,1,1
1134,paperclip,om dingen niet kwijt te raken,5,3,dingen niet kwijt raken,1,2
1212,paperclip,dingen ophangen,5,3,dingen ophangen,2,2
1153,paperclip,dingen vastmaken,5,3,dingen vastmaken,1,1
1212,paperclip,dingen verbinden,5,3,dingen verbinden,1,1
1200,paperclip,documenten bij elkaar te houden,5,3,documenten elkaar houden,1,1
1153,paperclip,doe het zelf tatoeage mee maken,5,3,doe tatoeage,5,5
1151,paperclip,doorknippen ,5,3,doorknippen,3,2
1192,paperclip,doorprikken,5,3,doorprikken,2,2
1192,paperclip,douchputje ontstoppen,5,3,douche putje ontstoppen,4,4
1160,paperclip,een draaitol oneindig laten draaien,5,3,draaitol oneindig laten draaien,5,5
1158,paperclip,ÌÄå©ÌÄå©n lang recht draad van maken,5,3,Ì©Ì©n lang recht draad,1,2
1194,paperclip,elastiekje ,5,3,elastiekje,3,3
1137,paperclip,Je kunt een elastiekje voor je haar ervan maken,5,3,elastiekje haar ervan,3,3
1169,paperclip,elektrische geleider,5,3,elektrische geleider,3,3
1196,paperclip,bij elkaar houden,5,3,elkaar houden,1,1
1165,paperclip,ergens iets mee doorprikken,5,3,ergens doorprikken,2,2
1130,paperclip,je kan het gebruiken om ergens een gat in te maken,5,3,ergens gat,2,2
1165,paperclip,ergens aan vastmaken,5,3,ergens vastmaken,1,2
1238,paperclip,mee eten,5,3,eten,4,4
1208,paperclip,fidget ding,5,3,fidget ding,2,3
1128,paperclip,figuurtje mee maken,5,3,figuurtje,2,1
1142,paperclip,figuurtjes van te maken,5,3,figuurtjes,2,1
1211,paperclip,figuurtjes van buigen,5,3,figuurtjes buigen,2,1
1186,paperclip,fotos ophangen,5,3,foto s ophangen,3,2
1229,paperclip,gaatje mee prikken,5,3,gaatje prikken,2,2
1191,paperclip,gaatjes maken ,5,3,gaatjes,2,2
1216,paperclip,gaatjes mee maken in een papiertje,5,3,gaatjes papiertje,2,2
1195,paperclip,gaatjes prikken in bijvoorbeeld papier,5,3,gaatjes prikken oorbeeld papier,2,2
1141,paperclip,gaatjes prikker,5,3,gaatjes prikker,2,2
1142,paperclip,gaatjes prikker,5,3,gaatjes prikker,2,2
1173,paperclip,gaten te prikken,5,3,gaten prikken,2,2
1148,paperclip,gatenprikker,5,3,gatenprikker,2,2
1239,paperclip,heb ik ook al egdaan,5,3,gedaan,0,0
1237,paperclip,Je kunt er geld mee bij elkaar houden (papiergeld),5,3,geld elkaar houden,1,2
1173,paperclip,geld vast te houden,5,3,geld vast houden,1,2
1155,paperclip,geldclip,5,3,geldclip,1,2
1138,paperclip,Geleider,5,3,geleider,3,3
1145,paperclip,als geleider voor twee elektrische signalen gebruiken,5,3,geleider elektrische signalen,3,3
1153,paperclip,geleiding voor draadjes van bijv computer,5,3,geleiding draadjes oorbeeld computer,3,3
1190,paperclip,gelijkdingsdraadje,5,3,geleidingsdraadje,3,3
1220,paperclip,als gesp gebruiken,5,3,gesp,4,3
1148,paperclip,gewicht,5,3,gewicht,3,3
1240,paperclip,dit heb ik al gezien,5,3,gezien,0,0
1144,paperclip,Op glas om aan te geven dat deze van jou is,5,3,glas geven jou,5,5
1167,paperclip,goedkoop,5,3,goedkoop,0,0
1196,paperclip,goedkoop,5,3,goedkoop,0,0
1151,paperclip,gooien ,5,3,gooien,1,2
1228,paperclip,gooien,5,3,gooien,1,2
1206,paperclip,te grote broek bij elkaar houden,5,3,grote broek elkaar houden,3,2
1148,paperclip,haakje,5,3,haakje,2,2
1227,paperclip,in je haar doen,5,3,haar,3,3
1178,paperclip,haaraccesoire,5,3,haar accessoire,3,3
1139,paperclip,haarclip,5,3,haar clip,3,3
1147,paperclip,haarclip,5,3,haar clip,3,3
1156,paperclip,haarclip,5,3,haar clip,3,3
1159,paperclip,haar clip,5,3,haar clip,3,3
1175,paperclip,haarclip,5,3,haar clip,3,3
1219,paperclip,haarclip,5,3,haar clip,3,3
1136,paperclip,haar klipje,5,3,haar clipje,3,3
1141,paperclip,haarclipje,5,3,haar clipje,3,3
1142,paperclip,haar klipje,5,3,haar clipje,3,3
1186,paperclip,haar clipje,5,3,haar clipje,3,3
1201,paperclip,haarklipje,5,3,haar clipje,3,3
1220,paperclip,als haarclipje,5,3,haar clipje,3,3
1231,paperclip,haarclipje van maken,5,3,haar clipje,3,3
1223,paperclip,haarelastiek,5,3,haar elastiek,3,3
1163,paperclip,Haar bij elkaar houden,5,3,haar elkaar houden,3,3
1188,paperclip,je haar uit je gezicht houden,5,3,haar gezicht houden,3,3
1144,paperclip,Haarschuifje,5,3,haar schuifje,3,3
1180,paperclip,in je haar stoppen,5,3,haar stoppen,3,3
1130,paperclip,om je haar vast te zetten,5,3,haar vast zetten,3,3
1235,paperclip,om je haar vast te zetten,5,3,haar vast zetten,3,3
1181,paperclip,haar vasthouden,5,3,haar vasthouden,3,3
1192,paperclip,haar vasthouden,5,3,haar vasthouden,3,3
1129,paperclip,haarspeld,5,3,haarspeld,3,3
1154,paperclip,haarspeld,5,3,haarspeld,3,3
1161,paperclip,haarspeld,5,3,haarspeld,3,3
1164,paperclip,haarspeld,5,3,haarspeld,3,3
1179,paperclip,haarspeld,5,3,haarspeld,3,3
1198,paperclip,haarspeld,5,3,haarspeld,3,3
1206,paperclip,haarspeld,5,3,haarspeld,3,3
1230,paperclip,als haarspeld,5,3,haarspeld,3,3
1132,paperclip,als haarspeldje?,5,3,haarspeldje,3,3
1177,paperclip,haarspeldje,5,3,haarspeldje,3,3
1210,paperclip,haarspeltje,5,3,haarspeldje,3,3
1196,paperclip,handig,5,3,handig,0,0
1225,paperclip,handig,5,3,handig,0,0
1159,paperclip,hands-on verdediging,5,3,hands on verdediging,4,4
1235,paperclip,om iets aan op te hangen,5,3,hangen,2,2
1223,paperclip,hanger aan ketting,5,3,hanger ketting,2,2
1175,paperclip,hangertje,5,3,hangertje,2,2
1187,paperclip,in een hartjesvorm maken en als cadeautje geven op Valentijnsdag,5,3,hartjes vorm cadeautje geven Valentijnsdag,2,3
1193,paperclip, van heel veel paperclips,5,3,heel paperclips,0,0
1181,paperclip,om iets heen wikkelen,5,3,heen wikkelen,2,2
1208,paperclip,hek bovenkant,5,3,hek bovenkant,3,4
1208,paperclip,hele nauwe knopjes mee indrukken,5,3,hele nauwe knopjes indrukken,2,2
1174,paperclip,helemaal uit elkaar trekken en gebruiken als ijzerdraadje,5,3,helemaal elkaar trekken ijzerdraadje,1,2
1221,paperclip,hoofdband maken,5,3,hoofdband,4,4
1173,paperclip,horloge banden losmaken,5,3,horloge banden losmaken,4,3
1132,paperclip,om je horlogebandjes te verwisselen,5,3,horlogebandjes verwisselen,4,3
1202,paperclip,houdt een gat dicht,5,3,houdt gat dicht,3,3
1196,paperclip,huiswerk,5,3,huiswerk,0,0
1148,paperclip,hulpstuk,5,3,hulpstuk,0,0
1148,paperclip,ijzer,5,3,ijzer,1,1
1217,paperclip,ijzer,5,3,ijzer,1,1
1155,paperclip,ijzerdraad van maken,5,3,ijzerdraad,1,2
1156,paperclip,ijzerdraad,5,3,ijzerdraad,1,1
1233,paperclip,gebruiken als ijzerdraad,5,3,ijzerdraad,1,1
1159,paperclip,ijzerdraad om dingen opte hangen,5,3,ijzerdraad dingen hangen,2,2
1221,paperclip,ijzerdraad ergens voor gebruiken,5,3,ijzerdraad ergens,1,1
1132,paperclip,als ijzerdraad om een slot open te maken,5,3,ijzerdraad slot open,3,3
1190,paperclip,ijzerdraadje,5,3,ijzerdraadje,1,1
1198,paperclip,ijzerdraadje om iets mee te prikken,5,3,ijzerdraadje prikken,2,2
1201,paperclip,inbraakmiddel,5,3,inbraakmiddel,3,3
1177,paperclip,inbreken,5,3,inbreken,3,3
1188,paperclip,inbreken,5,3,inbreken,3,3
1148,paperclip,inhaken,5,3,inhaken,1,2
1151,paperclip,inpakken ,5,3,inpakken,1,2
1160,paperclip,iphone open maken,5,3,iPhone open,2,2
1142,paperclip,iphone mee te openen,5,3,iPhone openen,2,2
1211,paperclip,iphone openmaken om de simkaart erin te kunnen doen,5,3,iPhone openmaken simkaart erin,2,2
1174,paperclip,gebruiken om je iphone sim kaart mee te vervangen,5,3,iPhone sim kaart vervangen,2,2
1156,paperclip,iphone simcard remover,5,3,iPhone simcard remover,2,2
1188,paperclip,iphone simkaarthouder openen,5,3,iPhone simkaart houder openen,2,2
1215,paperclip,iphone simkaart opendrukken,5,3,iPhone simkaart open drukken,2,2
1193,paperclip,iphone simkaart vakje openen,5,3,iPhone simkaart vakje openen,2,2
1207,paperclip,jas mee dicht maken,5,3,jas dicht,3,2
1168,paperclip,jurk van maken,5,3,jurk,3,3
1143,paperclip,kaasprikker,5,3,kaasprikker,4,4
1164,paperclip,kabelbinder,5,3,kabelbinder,3,2
1177,paperclip,kantoor,5,3,kantoor,0,0
1196,paperclip,kantoor,5,3,kantoor,0,0
1148,paperclip,kantoorartikel,5,3,kantoorartikel,1,1
1196,paperclip,kantoorspullen,5,3,kantoorspullen,1,1
1166,paperclip,kapot knippen,5,3,kapot knippen,3,2
1135,paperclip,kapot maken en met het puntje je iphone geheugenkaart eruit halen,5,3,kapot puntje iPhone geheugenkaart eruit halen,2,2
1135,paperclip,kapot maken en met de scherpe kant een lot krassen,5,3,kapot scherpe kant lot krassen,2,2
1136,paperclip,om een kapotte rits aan je knoop te laten zitten,5,3,kapotte rits knoop laten zitten,3,3
1183,paperclip,kapstok,5,3,kapstok,5,4
1225,paperclip,karton,5,3,karton,0,0
1172,paperclip,als kerstbal haakje gebruiken,5,3,kerstbal haakje,3,3
1159,paperclip,kerstballen in kerstboom hangen,5,3,kerstballen kerstboom hangen,3,3
1145,paperclip,kerstboom versieren,5,3,kerstboom versieren,3,3
1191,paperclip,kerven,5,3,kerven,2,2
1136,paperclip,ketting maken,5,3,ketting,2,2
1144,paperclip,Als ketting,5,3,ketting,2,2
1148,paperclip,ketting vanmaken,5,3,ketting,2,2
1152,paperclip,ketting,5,3,ketting,2,2
1153,paperclip,ketting,5,3,ketting,2,2
1158,paperclip,ketting mee maken ,5,3,ketting,2,2
1168,paperclip,ketting van maken,5,3,ketting,2,2
1176,paperclip,ketting,5,3,ketting,2,2
1177,paperclip,ketting,5,3,ketting,2,2
1183,paperclip,ketting,5,3,ketting,2,2
1184,paperclip,ketting,5,3,ketting,2,2
1194,paperclip,ketting,5,3,ketting,2,2
1199,paperclip,Je kan er een ketting van maken,5,3,ketting,2,2
1207,paperclip,ketting van maken,5,3,ketting,2,2
1208,paperclip,ketting ,5,3,ketting,2,2
1212,paperclip,ketting maken,5,3,ketting,2,2
1221,paperclip,ketting mee maken,5,3,ketting,2,2
1222,paperclip,ketting van maken,5,3,ketting,2,2
1233,paperclip,ketting maken,5,3,ketting,2,2
1157,paperclip,een ketting van maken door ze aan elkaar te verbinden,5,3,ketting elkaar verbinden,2,2
1169,paperclip,ketting maken met meerdere,5,3,ketting meerdere,2,2
1224,paperclip,ketting maken van meerdere paperclips aan elkaar,5,3,ketting meerdere paperclips elkaar,2,2
1188,paperclip,een ketting van paperclips maken,5,3,ketting paperclips,2,2
1232,paperclip,ketting rijgen,5,3,ketting rijgen,2,2
1218,paperclip,kettingen van maken,5,3,kettingen,2,2
1201,paperclip,kettinghangertje,5,3,kettinghangertje,2,2
1184,paperclip,kleding assecoire,5,3,kleding accessoire,2,2
1223,paperclip,bij kleding decolotte bij elkaar te houden,5,3,kleding decolletÌ© elkaar houden,2,2
1153,paperclip,kleding bij elkaar hoe ehet zoiets ook alweer,5,3,kleding elkaar heet zoiets alweer,0,0
1182,paperclip,kleding hanger shirt en broek aan elkaar koppelen,5,3,kleding hanger shirt broek elkaar koppelen,3,2
1198,paperclip,kleding mee innemen,5,3,kleding innemen,4,3
1212,paperclip,om je kleding vast te maken,5,3,kleding vast,2,2
1196,paperclip,klein,5,3,klein,0,0
1207,paperclip,gebruiken om iets uit een klein gaatje te halen,5,3,klein gaatje halen,2,2
1220,paperclip,gebruiken om kleine dingen mee los te krijgen,5,3,kleine dingen los krijgen,2,2
1213,paperclip,Om kleine dingen mee los te wrikken,5,3,kleine dingen los wrikken,2,2
1189,paperclip,Kleine oppervlakte schoon maken,5,3,kleine oppervlakte schoon,2,4
1167,paperclip,klem,5,3,klem,3,3
1167,paperclip,kleuren,5,3,kleuren,3,3
1176,paperclip,kleuren,5,3,kleuren,3,3
1128,paperclip,klimrek mee maken,5,3,klimrek,5,5
1180,paperclip,als knoop voor je broek,5,3,knoop broek,3,3
1139,paperclip,om een knop ingedrukt te houden,5,3,knop ingedrukt houden,3,3
1134,paperclip,om mee te knutselen,5,3,knutselen,2,3
1160,paperclip,kompas maken,5,3,kompas,5,4
1152,paperclip,kompas bouwen,5,3,kompas bouwen,5,4
1176,paperclip,koord,5,3,koord,2,2
1148,paperclip,koppelen,5,3,koppelen,1,1
1129,paperclip,kortsluiting maken,5,3,kortsluiting,3,3
1159,paperclip,kortsluiting maken,5,3,kortsluiting,3,3
1238,paperclip,kortsluiting maken,5,3,kortsluiting,3,3
1184,paperclip,krabber om vies hoekje schoon te maken,5,3,krabber vies hoekje schoon,2,3
1162,paperclip,om kralen aan te rijgen,5,3,kralen rijgen,3,3
1179,paperclip,om krasloten mee tekrassen,5,3,krasloten krassen,2,2
1166,paperclip,krassen,5,3,krassen,2,2
1191,paperclip,krassen maken ,5,3,krassen,2,2
1181,paperclip,gebruiken om te krassen in dingen,5,3,krassen dingen,2,2
1188,paperclip,iets krassen in een opppervlak,5,3,krassen oppervlak,2,2
1219,paperclip,kunst,5,3,kunst,3,3
1223,paperclip,Iets van kunst ervan maken,5,3,kunst ervan,3,3
1162,paperclip,kunstwerj\k,5,3,kunstwerk,3,3
1162,paperclip,kunstwerk,5,3,kunstwerk,3,3
1193,paperclip,kunstwerk mee maken,5,3,kunstwerk,3,3
1202,paperclip,kunstwerk,5,3,kunstwerk,3,3
1207,paperclip,kunstwerk van maken,5,3,kunstwerk,3,3
1225,paperclip,kwijt,5,3,kwijt,0,0
1194,paperclip,lamp,5,3,lamp,0,0
1171,paperclip,lampion aan ophangen,5,3,lampion ophangen,3,3
1151,paperclip,laten vallen ,5,3,laten vallen,1,2
1196,paperclip,ligt,5,3,ligt,0,0
1148,paperclip,lineaal,5,3,liniaal,4,3
1135,paperclip,aan je lip hangen,5,3,lip hangen,3,3
1159,paperclip,lockpick,5,3,lock pick,3,3
1163,paperclip,Lockpick,5,3,lock pick,3,3
1179,paperclip,lockpicker,5,3,lock picker,3,3
1145,paperclip,lockpicking,5,3,lock picking,3,3
1155,paperclip,lockpicking,5,3,lock picking,3,3
1208,paperclip,loper,5,3,loper,3,3
1130,paperclip,je kan er iets mee los trekken/haken (zoals een etiketje aan kleding),5,3,los trekken haken,3,2
1198,paperclip,gebruiken om een magneet aan te trekken,5,3,magneet trekken,3,3
1141,paperclip,magneetje,5,3,magneetje,3,3
1221,paperclip,malienkolder ervan maken,5,3,maliÌÇnkolder ervan,5,5
1180,paperclip,als manchet knoop,5,3,manchet knoop,4,4
1212,paperclip,mapjes van paperclips,5,3,mapjes paperclips,1,1
1187,paperclip,gebruiken als markering van een bladzijde in een boek,5,3,markering bladzijde boek,2,2
1174,paperclip,meerdere paperclips aan elkaar vast maken om iets te verlengen,5,3,meerdere paperclips elkaar vast verlengen,2,2
1179,paperclip,mes,5,3,mes,4,4
1225,paperclip,metaak,5,3,metaal,1,1
1225,paperclip,metaal,5,3,metaal,1,1
1195,paperclip,mini schommel maken,5,3,mini schommel,4,5
1149,paperclip,mobiel openen ,5,3,mobiel openen,2,2
1228,paperclip,mobiel resetten,5,3,mobiel resetten,2,2
1241,paperclip,moordwapen,5,3,moordwapen,3,4
1148,paperclip,naai gerei,5,3,naai gerei,3,3
1139,paperclip,als naald gebruiken,5,3,naald,3,3
1141,paperclip,naald,5,3,naald,3,3
1142,paperclip,naald,5,3,naald,3,3
1155,paperclip,gebruiken als naald,5,3,naald,3,3
1156,paperclip,naald,5,3,naald,3,3
1175,paperclip,naald,5,3,naald,3,3
1179,paperclip,naald,5,3,naald,3,3
1223,paperclip,als een naald,5,3,naald,3,3
1231,paperclip,gebruiken als naald,5,3,naald,3,3
1241,paperclip,naald,5,3,naald,3,3
1169,paperclip,nagels mee schoonmaken,5,3,nagels schoonmaken,3,3
1143,paperclip,nagelvijltje,5,3,nagelvijltje,0,0
1191,paperclip,neus peuteren,5,3,neus peuteren,3,3
1231,paperclip,neuspiercing van maken,5,3,neuspiercing,3,3
1148,paperclip,nietje,5,3,nietje,1,2
1153,paperclip,nietje,5,3,nietje,1,2
1225,paperclip,nuttig,5,3,nuttig,0,0
1153,paperclip,oh ja veiligheidsspeld,5,3,oh veiligheidsspeld,3,2
1148,paperclip,ombuigen ,5,3,ombuigen,1,2
1165,paperclip,ombuigen,5,3,ombuigen,1,2
1195,paperclip,ombuigen,5,3,ombuigen,1,2
1216,paperclip,ombuigen,5,3,ombuigen,1,2
1195,paperclip,ombuigen tot mini-wip,5,3,ombuigen mini wip,3,3
1220,paperclip,ombuigen tot een oorbel,5,3,ombuigen oorbel,2,2
1195,paperclip,ombuigen tot poppetje,5,3,ombuigen poppetje,2,2
1220,paperclip,ombuigen tot een ring,5,3,ombuigen ring,2,2
1195,paperclip,ombuigen tot ringetje,5,3,ombuigen ringetje,2,2
1145,paperclip,ombuigen tot vishaak,5,3,ombuigen vishaak,3,2
1225,paperclip,omvormen,5,3,omvormen,1,2
1228,paperclip,omvormen tot een figuur,5,3,omvormen figuur,2,2
1224,paperclip,Omvormen tot leuke vormpjes,5,3,omvormen leuke vormpjes,2,2
1225,paperclip,onmisbaar,5,3,onmisbaar,0,0
1145,paperclip,ontsnappen uit een gevangenis,5,3,ontsnappen gevangenis,3,2
1166,paperclip,ontvouwen,5,3,ontvouwen,1,2
1183,paperclip,oog mee uit te steken,5,3,oog steken,3,3
1183,paperclip,in je oor jeuken ,5,3,oor jeuken,3,3
1129,paperclip,je oor mee schoonmaken,5,3,oor schoonmaken,3,3
1238,paperclip,oor mee schoonmaken,5,3,oor schoonmaken,3,3
1153,paperclip,oorstaafje,5,3,oor staafje,3,3
1138,paperclip,Oorbel,5,3,oorbel,2,2
1141,paperclip,oorbel,5,3,oorbel,2,2
1142,paperclip,oorbel,5,3,oorbel,2,2
1144,paperclip,Als oorbel,5,3,oorbel,2,2
1148,paperclip,oorbel,5,3,oorbel,2,2
1149,paperclip,oorbel,5,3,oorbel,2,2
1164,paperclip,oorbel,5,3,oorbel,2,2
1175,paperclip,oorbel,5,3,oorbel,2,2
1183,paperclip,oorbel,5,3,oorbel,2,2
1184,paperclip,oorbel,5,3,oorbel,2,2
1195,paperclip,als oorbel gebruiken,5,3,oorbel,2,2
1201,paperclip,oorbel,5,3,oorbel,2,2
1203,paperclip,oorbel ,5,3,oorbel,2,2
1207,paperclip,oorbel,5,3,oorbel,2,2
1210,paperclip,oorbel,5,3,oorbel,2,2
1212,paperclip,oorbel,5,3,oorbel,2,2
1223,paperclip,oorbee\l,5,3,oorbel,2,2
1223,paperclip,oorbel,5,3,oorbel,2,2
1229,paperclip,oorbel,5,3,oorbel,2,2
1230,paperclip,oorbel,5,3,oorbel,2,2
1235,paperclip,oorbel,5,3,oorbel,2,2
1241,paperclip,oorbel,5,3,oorbel,2,2
1130,paperclip,als oorbel dragen,5,3,oorbel dragen,2,2
1199,paperclip,Een oorbel ervan maken,5,3,oorbel ervan,2,2
1164,paperclip,oorbelhanger,5,3,oorbel hanger,2,2
1131,paperclip,oorbellen van maken,5,3,oorbellen,2,2
1136,paperclip,oorbellen,5,3,oorbellen,2,2
1151,paperclip,als oorbellen gebruiken ,5,3,oorbellen,2,2
1176,paperclip,oorbellen,5,3,oorbellen,2,2
1218,paperclip,oorbellen van maken,5,3,oorbellen,2,2
1222,paperclip,oorring van maken,5,3,oorring,2,2
1191,paperclip,oorsmeer uit je oor halen ,5,3,oorsmeer oor halen,3,3
1143,paperclip,oortjesbinder zodat ze niet in de knoop komen,5,3,oortjesbinder zodat niet knoop komen,3,3
1225,paperclip,opbergen,5,3,opbergen,1,2
1225,paperclip,opdracht,5,3,opdracht,0,0
1151,paperclip,open buigen,5,3,open buigen,1,2
1219,paperclip,openhouder,5,3,open houder,1,2
1232,paperclip,openen iphone simkaart gleufje ,5,3,openen iPhone simkaart gleufje,2,2
1180,paperclip,openen van een slot,5,3,openen slot,2,3
1237,paperclip,Je kunt het openmaken en in resetgaatjes van modems duwen ,5,3,openmaken resetgaatjes modems duwen,2,2
1221,paperclip,ophangrekje ervan maken,5,3,ophang rekje ervan,3,3
1136,paperclip,iets ophangen,5,3,ophangen,2,2
1151,paperclip,ophangen ,5,3,ophangen,2,2
1174,paperclip,iets aan ophangen,5,3,ophangen,2,2
1226,paperclip,iets aan ophangen,5,3,ophangen,2,2
1151,paperclip,oprollen ,5,3,oprollen,1,2
1196,paperclip,ordenen,5,3,ordenen,1,1
1224,paperclip,ordenen met paperclips,5,3,ordenen paperclips,1,1
1217,paperclip,ovaal,5,3,ovaal,0,0
1161,paperclip,paperclip,5,3,paperclip,0,0
1214,paperclip,paperclip armband,5,3,paperclip armband,2,2
1214,paperclip,paperclip voor in je haar,5,3,paperclip haar,3,3
1214,paperclip,paperclip ketting,5,3,paperclip ketting,2,2
1214,paperclip,paperclip laars,5,3,paperclip laars,4,4
1214,paperclip,paperclip oorbel,5,3,paperclip oorbel,2,2
1200,paperclip,je kan een paperclip open vouwen en de uiteinden ervan gebruiken om je simkaart vakje van je telefoo,5,3,paperclip open vouwen uiteinden ervan simkaart vakje telefoon,2,2
1214,paperclip,paperclip portomonee,5,3,paperclip portemonnee,3,4
1193,paperclip,paperclip recht maken zodat je dingen vastb kan maken,5,3,paperclip recht zodat dingen vast,1,2
1214,paperclip,paperclip shirt,5,3,paperclip shirt,4,4
1214,paperclip,paperclip slinger,5,3,paperclip slinger,2,2
1214,paperclip,paperclip tas,5,3,paperclip tas,4,4
1231,paperclip,paperclippen,5,3,paperclippen,1,1
1198,paperclip,veel paperclips in een doosje als muziekinstrument,5,3,paperclips doosje muziekinstrument,4,4
1187,paperclip,paperclips aan elkaar en een slinger van maken,5,3,paperclips elkaar slinger,2,2
1187,paperclip,paperclips op een ondergrond plakken in een bepaalde vorm,5,3,paperclips ondergrond plakken bepaalde vorm,4,3
1167,paperclip,papier,5,3,papier,1,1
1177,paperclip,papier,5,3,papier,1,1
1217,paperclip,papier,5,3,papier,1,1
1225,paperclip,papier,5,3,papier,1,1
1145,paperclip,papier bijeenhouden,5,3,papier bijeenhouden,1,1
1149,paperclip,papier binden,5,3,papier binden,1,1
1234,paperclip,Papier binden,5,3,papier binden,1,1
1148,paperclip,papier binder,5,3,papier binder,1,1
1186,paperclip,papier bundelen,5,3,papier bundelen,1,1
1213,paperclip,papier bundelen,5,3,papier bundelen,1,1
1129,paperclip,papier aan elkaar maken,5,3,papier elkaar,1,1
1139,paperclip,papier aan elkaar maken,5,3,papier elkaar,1,1
1153,paperclip,papier bij elkaar,5,3,papier elkaar,1,1
1238,paperclip,papier aan elkaar doen,5,3,papier elkaar,1,1
1131,paperclip,papier bij elkaar houden,5,3,papier elkaar houden,1,1
1142,paperclip,papier bij elkaar te houden,5,3,papier elkaar houden,1,1
1151,paperclip,papier bij elkaar houden ,5,3,papier elkaar houden,1,1
1154,paperclip,papier bij elkaar houden,5,3,papier elkaar houden,1,1
1158,paperclip,papier bij elkaar houden,5,3,papier elkaar houden,1,1
1162,paperclip,om papier bij elkaar te houden,5,3,papier elkaar houden,1,1
1163,paperclip,Papier bij elkaar houden,5,3,papier elkaar houden,1,1
1172,paperclip,papier bij elkaar houden,5,3,papier elkaar houden,1,1
1173,paperclip,papier bij elkaar te houden,5,3,papier elkaar houden,1,1
1182,paperclip,papier bij elkaar houden,5,3,papier elkaar houden,1,1
1184,paperclip,papier bij elkaar houden,5,3,papier elkaar houden,1,1
1185,paperclip,om papier bij elkaar te houden,5,3,papier elkaar houden,1,1
1189,paperclip,Papier bijelkaar houden,5,3,papier elkaar houden,1,1
1190,paperclip,papier bij elkaar houden,5,3,papier elkaar houden,1,1
1191,paperclip,papier bij elkaar houden,5,3,papier elkaar houden,1,1
1193,paperclip,papier bij elkaar houden,5,3,papier elkaar houden,1,1
1204,paperclip,papier bij elkaar houden,5,3,papier elkaar houden,1,1
1208,paperclip,papier bij elkaar houden,5,3,papier elkaar houden,1,1
1209,paperclip,papier bij elkaar houden,5,3,papier elkaar houden,1,1
1211,paperclip,papier bij elkaar houden,5,3,papier elkaar houden,1,1
1212,paperclip,papier bij elkaar houden,5,3,papier elkaar houden,1,1
1215,paperclip,papier bij elkaar houden,5,3,papier elkaar houden,1,1
1216,paperclip,papier bij elkaar houden,5,3,papier elkaar houden,1,1
1221,paperclip,papier bij elkaar houden,5,3,papier elkaar houden,1,1
1228,paperclip,papier bij elkaar houden,5,3,papier elkaar houden,1,1
1232,paperclip,papier bij elkaar houden,5,3,papier elkaar houden,1,1
1155,paperclip,"papier aan elkaar ""clippen""",5,3,papier elkaar klippen,1,1
1166,paperclip,papier aan elkaar voegen,5,3,papier elkaar voegen,1,1
1195,paperclip,in papier haken,5,3,papier haken,1,1
1159,paperclip,papier clippen,5,3,papier klippen,1,1
1222,paperclip,papier organiseren,5,3,papier organiseren,1,1
1152,paperclip,papier samenhouen,5,3,papier samenhouden,1,1
1179,paperclip,papier samenouden,5,3,papier samenhouden,1,1
1160,paperclip,papier samenvoegen,5,3,papier samenvoegen,1,1
1157,paperclip,papier vast binden,5,3,papier vast binden,1,1
1171,paperclip,om papier mee vast te houden,5,3,papier vast houden,1,1
1135,paperclip,papier mee vast klippen,5,3,papier vast klippen,1,1
1241,paperclip,papier vastclippen,5,3,papier vast klippen,1,1
1174,paperclip,papier vastbinden,5,3,papier vastbinden,1,1
1233,paperclip,papier vastbinden,5,3,papier vastbinden,1,1
1137,paperclip,papier mee vasthouden,5,3,papier vasthouden,1,1
1231,paperclip,papier mee vasthouden,5,3,papier vasthouden,1,1
1147,paperclip,papier vasthouder,5,3,papier vasthouder,1,1
1202,paperclip,papiervasthouder,5,3,papier vasthouder,1,1
1134,paperclip,papier vastmaken,5,3,papier vastmaken,1,1
1169,paperclip, papier vastmaken,5,3,papier vastmaken,1,1
1181,paperclip,papier vastmaken,5,3,papier vastmaken,1,1
1201,paperclip,papier vastmaken,5,3,papier vastmaken,1,1
1230,paperclip,papier vastmaken,5,3,papier vastmaken,1,1
1150,paperclip,papieren bij elkaar houden,5,3,papieren elkaar houden,1,1
1199,paperclip,Om papieren mee bij elkaar te houden,5,3,papieren elkaar houden,1,1
1223,paperclip,papieren bij elkaar houden,5,3,papieren elkaar houden,1,1
1132,paperclip,papieren aan elkaar vast houden,5,3,papieren elkaar vast houden,1,1
1130,paperclip,papieren samenhouden,5,3,papieren samenhouden,1,1
1188,paperclip,papieren vastmaken,5,3,papieren vastmaken,1,1
1194,paperclip,papieren vliegtuig,5,3,papieren vliegtuig,2,3
1219,paperclip,papierenbinder,5,3,papierenbinder,1,1
1165,paperclip,om een papiertje doen,5,3,papiertje,1,1
1229,paperclip,papiertjes vast clippen,5,3,papiertjes vast klippen,1,1
1137,paperclip,je kan hem als passer gebruiken,5,3,passer,4,5
1161,paperclip,pen,5,3,pen,3,3
1147,paperclip,piercer,5,3,piercer,3,3
1172,paperclip,gebruiken als piercing,5,3,piercing,2,3
1183,paperclip,piercing,5,3,piercing,2,3
1210,paperclip,piercing,5,3,piercing,2,3
1161,paperclip,pincet,5,3,pincet,4,3
1225,paperclip,plastic,5,3,plastic,0,0
1172,paperclip,poppetjes maken van het ijzerdraad van de paperclip,5,3,poppetjes ijzerdraad paperclip,2,3
1232,paperclip,poster ophangen aan haakje,5,3,poster ophangen haakje,3,3
1160,paperclip,prikken,5,3,prikken,2,2
1163,paperclip,Prikken,5,3,prikken,2,2
1181,paperclip,mee prikken,5,3,prikken,2,2
1217,paperclip,prikken,5,3,prikken,2,2
1224,paperclip,iemand prikken,5,3,prikken,2,2
1228,paperclip,prikken,5,3,prikken,2,2
1147,paperclip,prikker,5,3,prikker,2,2
1148,paperclip,doorprikker,5,3,prikker,2,2
1179,paperclip,prikker,5,3,prikker,2,2
1190,paperclip,prikker,5,3,prikker,2,2
1228,paperclip,2 producten verbinden,5,3,producten verbinden,1,2
1169,paperclip,proefje met magneet,5,3,proefje magneet,3,3
1208,paperclip,prul,5,3,prul,0,0
1231,paperclip,puistjes uitsteken,5,3,puistjes uitsteken,4,4
1156,paperclip,punaise,5,3,punaise,3,3
1209,paperclip,Als puntig voorwerp gebruiken voor bijvoorbeeld resetknop,5,3,puntig voorwerp oorbeeld resetknop,2,2
1148,paperclip,puxxzzle,5,3,puzzel,3,3
1187,paperclip,een rand van paperclips maken om een spiegel heen,5,3,rand paperclips spiegel heen,4,3
1173,paperclip,reset knopjes drukken (die erg klein zijn),5,3,reset knopjes drukken,2,2
1139,paperclip,gebruiken om iets te resetten,5,3,resetten,2,2
1145,paperclip,om iets te resetten (bijv. mobiele telefoon),5,3,resetten,2,2
1208,paperclip,bij riem om samen te houden,5,3,riem samen houden,3,2
1129,paperclip,een ring van maken,5,3,ring,2,2
1137,paperclip,Een ring van maken,5,3,ring,2,2
1141,paperclip,ring,5,3,ring,2,2
1142,paperclip,ring,5,3,ring,2,2
1148,paperclip,ring,5,3,ring,2,2
1156,paperclip,ring,5,3,ring,2,2
1161,paperclip,ring,5,3,ring,2,2
1162,paperclip,om een ring van te maken,5,3,ring,2,2
1168,paperclip,ring van maken,5,3,ring,2,2
1175,paperclip,ring,5,3,ring,2,2
1183,paperclip,ring van maken ,5,3,ring,2,2
1190,paperclip,ring,5,3,ring,2,2
1194,paperclip,ring,5,3,ring,2,2
1201,paperclip,ring,5,3,ring,2,2
1221,paperclip,ring van maken,5,3,ring,2,2
1229,paperclip,ring,5,3,ring,2,2
1238,paperclip,als ring gebruiken,5,3,ring,2,2
1137,paperclip,Je kan hem gebruiken als rits,5,3,ring,3,NA
1175,paperclip,rits dingetje,5,3,rits dingetje,3,2
1180,paperclip,om je rits omhoog te houden,5,3,rits omhoog houden,3,3
1164,paperclip,ritsophouder,5,3,rits ophouder,3,3
1151,paperclip,aan je rits vastmaken ,5,3,rits vastmaken,3,2
1141,paperclip,ritshangertje,5,3,ritshangertje,3,2
1142,paperclip,ritshangertje,5,3,ritshangertje,3,2
1177,paperclip,ritssluiting,5,3,ritssluiting,3,3
1163,paperclip,Roller,5,3,roller,0,0
1202,paperclip,samenbinder,5,3,samenbinder,1,1
1143,paperclip,satÌÄå©prikker,5,3,satÌ©prikker,4,3
1145,paperclip,als satÌÄå©prikker,5,3,satÌ©prikker,4,3
1146,paperclip,sateprikker,5,3,satÌ©prikker,4,3
1156,paperclip,sateprikker,5,3,satÌ©prikker,4,3
1201,paperclip,sateprikker,5,3,satÌ©prikker,4,3
1231,paperclip,met de scherpe punt de baksteen beeldhouden,5,3,scherpe punt baksteen beeldhouwen,3,3
1148,paperclip,schieten ermee,5,3,schieten,4,3
1227,paperclip,schieten met iets tussen de paperclip ,5,3,schieten tussen paperclip,3,3
1145,paperclip,schilderen en verkopen als kunst,5,3,schilderen verkopen kunst,3,3
1225,paperclip,school,5,3,school,0,0
1177,paperclip,schrift,5,3,schrift,0,0
1178,paperclip,schrijfmiddel ,5,3,schrijfmiddel,3,3
1228,paperclip,schrijven,5,3,schrijven,3,3
1230,paperclip,sierraad van maken,5,3,sieraad,2,2
1199,paperclip,Sieraden van maken,5,3,sieraden,2,2
1159,paperclip,sigarettenhouder maken die je op je hand kan vastmaken,5,3,sigarettenhouder hand vastmaken,5,4
1241,paperclip,sim-dock van iphone (en andere telefoons) openen,5,3,sim dock iPhone openen,2,2
1171,paperclip,gebruiken om sim kaart iphone eruit te halen,5,3,sim kaart iPhone eruit halen,2,2
1173,paperclip,sim kaart van telefoon eruit te halen,5,3,sim kaart telefoon eruit halen,2,2
1152,paperclip,simcard eruit halen,5,3,simkaart eruit halen,2,2
1162,paperclip,om de simkaart uit een iphone te kunnen halen,5,3,simkaart iPhone halen,2,2
1132,paperclip,om je simkaartje uit je mobiel te halen,5,3,simkaart mobiel halen,2,2
1138,paperclip,Simkaart uit telefoon drukken,5,3,simkaart telefoon drukken,2,2
1146,paperclip,simkaart uit de telefoon halen,5,3,simkaart telefoon halen,2,2
1150,paperclip,je simkaart uit je telefoon halen,5,3,simkaart telefoon halen,2,2
1216,paperclip,simkaart uit telefoon mee halen,5,3,simkaart telefoon halen,2,2
1143,paperclip,simkaart tool,5,3,simkaart tool,2,2
1140,paperclip,sleutel,5,3,sleutel,3,3
1141,paperclip,sleutel,5,3,sleutel,3,3
1156,paperclip,sleutel,5,3,sleutel,3,3
1177,paperclip,sleutel,5,3,sleutel,3,3
1178,paperclip,sleutel,5,3,sleutel,3,3
1215,paperclip,sleutel,5,3,sleutel,3,3
1219,paperclip,sleutel,5,3,sleutel,3,3
1201,paperclip,sleutelbos,5,3,sleutelbos,3,3
1168,paperclip,sluitelhanger van maken,5,3,sleutelhanger,3,3
1175,paperclip,sleutelhanger,5,3,sleutelhanger,3,3
1184,paperclip,sleutelhanger,5,3,sleutelhanger,3,3
1235,paperclip,sleutelhanger-rondje,5,3,sleutelhanger rondje,3,3
1147,paperclip,sleutelhouder,5,3,sleutelhouder,3,3
1143,paperclip,sleutelopener,5,3,sleutelopener,3,3
1164,paperclip,sleutelring,5,3,sleutelring,3,3
1162,paperclip,om sleutels aan te hangen,5,3,sleutels hangen,3,3
1169,paperclip,slijpen om als naald te gebruiken,5,3,slijpen naald,3,3
1128,paperclip,slinger mee maken,5,3,slinger,2,2
1171,paperclip,slinger mee maken,5,3,slinger,2,2
1186,paperclip,slinger van maken,5,3,slinger,2,2
1194,paperclip,slinger,5,3,slinger,2,2
1171,paperclip,slinger mee vastmaken,5,3,slinger vastmaken,2,2
1178,paperclip,slingers,5,3,slingers,2,2
1142,paperclip,slot op te breken,5,3,slot breken,3,3
1129,paperclip,het slot van een deur mee openen,5,3,slot deur openen,3,3
1151,paperclip,een slot van een deur mee openen ,5,3,slot deur openen,3,3
1136,paperclip,slot open maken,5,3,slot open,3,3
1137,paperclip,Een slot ermee open maken,5,3,slot open,3,3
1153,paperclip,slot mee open maken,5,3,slot open,3,3
1154,paperclip,slot open maken,5,3,slot open,3,3
1160,paperclip,slot open maken,5,3,slot open,3,3
1183,paperclip,om een slot open te maken,5,3,slot open,3,3
1185,paperclip,een slot open maken,5,3,slot open,3,3
1191,paperclip,slot open maken,5,3,slot open,3,3
1134,paperclip,om een slot mee open te breken,5,3,slot open breken,3,3
1138,paperclip,Slot open forceren,5,3,slot open forceren,3,3
1169,paperclip,slot openen,5,3,slot openen,3,3
1181,paperclip,slot openen,5,3,slot openen,3,3
1186,paperclip,slot openen,5,3,slot openen,3,3
1195,paperclip,slot mee openen,5,3,slot openen,3,3
1199,paperclip,Om een slot mee te openen,5,3,slot openen,3,3
1216,paperclip,slot openen,5,3,slot openen,3,3
1234,paperclip,slot openen,5,3,slot openen,3,3
1165,paperclip,een slot mee openmaken,5,3,slot openmaken,3,3
1206,paperclip,slot openmaken,5,3,slot openmaken,3,3
1226,paperclip,een slot openmaken,5,3,slot openmaken,3,3
1231,paperclip,slot openmaken,5,3,slot openmaken,3,3
1144,paperclip,Om sloten open te maken,5,3,sloten open,3,3
1189,paperclip,Sloten mee openen,5,3,sloten openen,3,3
1192,paperclip,sloten openen,5,3,sloten openen,3,3
1207,paperclip,sloten mee openen,5,3,sloten openen,3,3
1224,paperclip,Sloten proberen te openen,5,3,sloten proberen openen,3,3
1235,paperclip,slotje van een ketting vervangen,5,3,slotje ketting vervangen,3,3
1213,paperclip,sluiting van een kledingstuk,5,3,sluiting kledingstuk,3,2
1168,paperclip,sluiting voor rits maken,5,3,sluiting rits,4,2
1228,paperclip,smelten,5,3,smelten,2,2
1184,paperclip,snack prikker,5,3,snack prikker,4,4
1153,paperclip,iets snijden,5,3,snijden,4,4
1228,paperclip,snijden,5,3,snijden,4,4
1141,paperclip,snijplank,5,3,snijplank,0,0
1187,paperclip, soort schilderij,5,3,soort schilderij,3,3
1193,paperclip,dus gebruiken als een soort ti-rip?,5,3,soort tiewrap,2,2
1196,paperclip,sorteren,5,3,sorteren,1,2
1204,paperclip,sparen,5,3,sparen,1,2
1130,paperclip,je kan er een spel mee doen,5,3,spel,2,2
1153,paperclip,speld,5,3,speld,2,3
1155,paperclip,gebruiken als speld,5,3,speld,2,3
1202,paperclip,speld,5,3,speld,2,3
1158,paperclip,mee spelen,5,3,spelen,2,2
1173,paperclip,spelen,5,3,spelen,2,2
1180,paperclip,mee spelen,5,3,spelen,2,2
1148,paperclip,spelletje,5,3,spelletje,2,2
1179,paperclip,spies,5,3,spies,3,3
1139,paperclip,om een spijker uit de muur te krijgen,5,3,spijker muur krijgen,4,3
1138,paperclip,Springveertje,5,3,springveertje,4,4
1181,paperclip,met staal letters uitbeelden,5,3,staal letters uitbeelden,2,3
1157,paperclip,staaldraad om iets mee te binden,5,3,staaldraad binden,1,2
1165,paperclip,om een stapel papiertjes doen,5,3,stapel papiertjes,1,1
1143,paperclip,Steekwapen,5,3,steekwapen,3,3
1145,paperclip,steekwapen van maken,5,3,steekwapen,3,3
1189,paperclip,Stof ergens uit krijgen,5,3,stof ergens krijgen,2,2
1174,paperclip,stoffen bij elkaar houden,5,3,stoffen elkaar houden,2,1
1141,paperclip,straat,5,3,straat,0,0
1132,paperclip,ipv een stressballetje,5,3,stressballetje,2,3
1159,paperclip,stroom verbinden,5,3,stroom verbinden,3,3
1231,paperclip,suikerpak dichtmaken,5,3,suiker pak dichtmaken,2,2
1189,paperclip,Tshirt mouwen mee opgerold houden,5,3,t shirt mouwen opgerold houden,5,4
1229,paperclip,tanden stoker,5,3,tanden stoker,3,3
1131,paperclip,tandenstoker,5,3,tandenstoker,3,3
1156,paperclip,tandenstoker,5,3,tandenstoker,3,3
1178,paperclip,tandenstoker,5,3,tandenstoker,3,3
1183,paperclip,als tandenstoker,5,3,tandenstoker,3,3
1201,paperclip,tandenstoker,5,3,tandenstoker,3,3
1206,paperclip,tandenstoker,5,3,tandenstoker,3,3
1213,paperclip,tandenstoker ,5,3,tandenstoker,3,3
1188,paperclip,tas repareren,5,3,tas repareren,3,3
1151,paperclip,aan je tas vastmaken ,5,3,tas vastmaken,3,3
1157,paperclip,telefoon openmaken (iphone),5,3,telefoon openmaken,2,2
1223,paperclip,aan je telefoon plakken als houder,5,3,telefoon plakken houder,5,3
1130,paperclip,je kan je telefoon resetten,5,3,telefoon resetten,2,2
1163,paperclip,Telefoon resetten,5,3,telefoon resetten,2,2
1199,paperclip,Je telefoonsimkaart eruit halen door dit te gebruiken (iphone),5,3,telefoon simkaart eruit halen,2,2
1210,paperclip,tepelklem,5,3,tepelklem,5,5
1134,paperclip,tijdens het leren je werk geordend houden,5,3,tijdens leren werk geordend houden,1,1
1167,paperclip,tin,5,3,tin,0,0
1212,paperclip,touw van paperclips,5,3,touw paperclips,2,2
1183,paperclip,touw aan het plafond haken ,5,3,touw plafond haken,3,2
1230,paperclip,twee touwen aan elkaar verbinden door paperclip uit te buigen,5,3,touwen elkaar verbinden paperclip buigen,2,2
1129,paperclip,tussen de deur doen om te kijken of ie open is geweest,5,3,tussen deur kijken ie open,5,4
1140,paperclip,om tussen kleine kiertjes iets te kunnen pakken,5,3,tussen kleine kiertjes pakken,2,2
1203,paperclip,tussen je plakband plakken zodat je het beginnetje niet kwijt raakt,5,3,tussen plakband plakken zodat beginnetje niet kwijt raakt,4,4
1157,paperclip,iets tussen je tanden weghalen (tandenstoker),5,3,tussen tanden weghalen,3,3
1220,paperclip,uitbuigen en gebruiken om twee dingen aan elkaar te binden,5,3,uitbuigen dingen elkaar binden,1,2
1220,paperclip,uitbuigen en als elastiekje voor je haar gebruiken,5,3,uitbuigen elastiekje haar,3,3
1191,paperclip,uittrekken,5,3,uittrekken,1,2
1219,paperclip,uitvouwen,5,3,uitvouwen,1,2
1230,paperclip,uitvouwen en tekensjabloon van maken,5,3,uitvouwen tekensjabloon,5,4
1139,paperclip,om iets vast te houden,5,3,vast houden,1,1
1177,paperclip,vastklippen,5,3,vast klippen,1,1
1225,paperclip,vastklippen,5,3,vast klippen,1,1
1134,paperclip,iets vast koppelen,5,3,vast koppelen,1,1
1141,paperclip,iets vasthouden,5,3,vasthouden,1,1
1225,paperclip,vasthouden,5,3,vasthouden,1,1
1202,paperclip,vasthouder van je naam op t-shirt,5,3,vasthouder naam t shirt,2,2
1136,paperclip,iets vastmaken,5,3,vastmaken,1,1
1177,paperclip,vastmaken,5,3,vastmaken,1,1
1207,paperclip,iets mee vastmaken,5,3,vastmaken,1,1
1225,paperclip,vastmaken,5,3,vastmaken,1,1
1135,paperclip,vastmaken aan een andere paperclip,5,3,vastmaken paperclip,1,1
1180,paperclip,vastmaken van papier,5,3,vastmaken papier,1,1
1218,paperclip,vastmaken van papier aan voorwerpen zoals een plantenbak,5,3,vastmaken papier voorwerpen zoals plantenbak,1,1
1170,paperclip,vastzet mechanisme,5,3,vastzet mechanisme,1,1
1170,paperclip,veiligheidsspel,5,3,veiligheidsspel,3,2
1170,paperclip,veiligheidsspeld,5,3,veiligheidsspeld,3,2
1235,paperclip,veiligheidsspeld,5,3,veiligheidsspeld,3,2
1192,paperclip,verbinden,5,3,verbinden,1,1
1164,paperclip,verbindingsstuk,5,3,verbindingsstuk,1,1
1148,paperclip,verbuigen,5,3,verbuigen,1,2
1176,paperclip,verbuigen,5,3,verbuigen,1,2
1213,paperclip,verbuigen en dan dingen aan ophangen ,5,3,verbuigen dingen ophangen,2,2
1166,paperclip,verhitten,5,3,verhitten,2,2
1145,paperclip,als verhoging voor een stoel die wiebelt,5,3,verhoging stoel wiebelt,4,4
1189,paperclip,Gebruiken als verlengstuk,5,3,verlengstuk,2,2
1241,paperclip,vervanging voor een gebroken rits,5,3,vervanging gebroken rits,3,2
1146,paperclip,vervanging van een naald,5,3,vervanging naald,3,3
1210,paperclip,vervanging van wattenstaafje,5,3,vervanging wattenstaafje,3,3
1151,paperclip,verven ,5,3,verven,3,3
1138,paperclip,Vervormbaar ijzerdraad,5,3,vervormbaar ijzerdraad,1,2
1217,paperclip,vervormen,5,3,vervormen,1,2
1158,paperclip,vervormen tot armband,5,3,vervormen armband,3,2
1158,paperclip,vervormen tot oorbel,5,3,vervormen oorbel,3,2
1158,paperclip,vervormen tot ring,5,3,vervormen ring,3,2
1191,paperclip,iemand verwonden,5,3,verwonden,3,4
1224,paperclip,verzamelen,5,3,verzamelen,1,2
1219,paperclip,veter,5,3,veter,5,5
1137,paperclip,Je kunt hem ook gebruiken om viezige dingen uit je oor/neus te halen,5,3,viezige dingen oor neus halen,3,3
1203,paperclip,om viezigheid onder je nagels vandaan te halen ,5,3,viezigheid onder nagels vandaan halen,3,3
1132,paperclip,om viezigheid/stof uit kleine gaatjes te halen,5,3,viezigheid stof kleine gaatjes halen,2,2
1152,paperclip,vishaak,5,3,vishaak,3,3
1161,paperclip,vishaak,5,3,vishaak,3,3
1169,paperclip,vishaak,5,3,vishaak,3,3
1241,paperclip,vishaak,5,3,vishaak,3,3
1155,paperclip,vishaakje,5,3,vishaakje,3,3
1182,paperclip,vodafone chip uit mobiel krijgen (iphone) ,5,3,Vodafone chip mobiel krijgen,2,2
1149,paperclip,voorwerpen aan elkaar binden,5,3,voorwerpen elkaar binden,1,1
1207,paperclip, voorwerpen met elkaar verbinden,5,3,voorwerpen elkaar verbinden,1,1
1192,paperclip,vormen maken,5,3,vormen,2,2
1171,paperclip,vormpjes mee maken,5,3,vormpjes,2,2
1193,paperclip,vormpjes mee maken,5,3,vormpjes,2,2
1137,paperclip,of vuil onder je nagels vandaan,5,3,vuil onder nagels vandaan,3,3
1147,paperclip,vuilwroeter,5,3,vuil wroeter,3,3
1152,paperclip,vuur maken,5,3,vuur,0,0
1156,paperclip,wapen,5,3,wapen,3,4
1208,paperclip,wapen,5,3,wapen,3,4
1219,paperclip,wapen,5,3,wapen,3,4
1179,paperclip,wasknijper,5,3,wasknijper,4,3
1186,paperclip,als wasknijper,5,3,wasknijper,4,3
1230,paperclip,wasknijper,5,3,wasknijper,4,3
1212,paperclip,waslijn ,5,3,waslijn,5,4
1196,paperclip,werk,5,3,werk,0,0
1217,paperclip,word,5,3,word,0,0
1169,paperclip,zak dicht maken,5,3,zak dicht,2,2
1144,paperclip,Zakjes dichtklemmen,5,3,zakjes dichtklemmen,2,2
1143,paperclip,zelfelectrocutie tool voor in het stopcontact,5,3,zelfelektrocutie tool stopcontact,4,4
1209,paperclip, zie Sporthal de Paperclip in leidsche rijn,5,3,zie sporthal paperclip Leidsche Rijn,0,0
1167,paperclip,zilver,5,3,zilver,0,0
1196,paperclip,zilver,5,3,zilver,0,0
1225,paperclip,zilver,5,3,zilver,0,0
