"ID","prompt","response","comb","komposita","fluency","rater1","rater2","rater3","ori","set","rwa1","rwa2","rwa3","rwa4","rwa5","rwa6","rwa7","rwa8","rwa9","rwa10","rwa11","rwa12","rwa13","rwa14","rwa15","aggression","conventionalism","submission.r","value.tier","value.super","value.letters","value.letterf"
"1298LAOK168","Büroklammer","Cd Laufwerk aufschieben","1298LAOK168-Büroklammer",NA,4,3,3,3,3,2,1,5,3,4,1,3,1,3,3,5,3,4,4,3,3,3.25,1.5,2.4,17,NA,16,13
"1298LAOK168","Büroklammer","Ketten basteln","1298LAOK168-Büroklammer",NA,4,2,2,2,2,2,1,5,3,4,1,3,1,3,3,5,3,4,4,3,3,3.25,1.5,2.4,17,NA,16,13
"1298LAOK168","Büroklammer","PC Tastatur säubern ","1298LAOK168-Büroklammer",NA,4,3,3,3,3,2,1,5,3,4,1,3,1,3,3,5,3,4,4,3,3,3.25,1.5,2.4,17,NA,16,13
"1298LAOK168","Büroklammer","Schlösser knacken","1298LAOK168-Büroklammer",NA,4,3,2,2,2.3333333333333335,2,1,5,3,4,1,3,1,3,3,5,3,4,4,3,3,3.25,1.5,2.4,17,NA,16,13
"1298LAOK168","Mülltüte","Kleider schneidern","1298LAOK168-Mülltüte",NA,4,3,2,2,2.3333333333333335,2,1,5,3,4,1,3,1,3,3,5,3,4,4,3,3,3.25,1.5,2.4,17,NA,16,13
"1298LAOK168","Mülltüte","Luftkissen","1298LAOK168-Mülltüte",1,4,5,3,3,3.6666666666666665,2,1,5,3,4,1,3,1,3,3,5,3,4,4,3,3,3.25,1.5,2.4,17,NA,16,13
"1298LAOK168","Mülltüte","Sackhüpfen","1298LAOK168-Mülltüte",1,4,3,1,3,2.3333333333333335,2,1,5,3,4,1,3,1,3,3,5,3,4,4,3,3,3.25,1.5,2.4,17,NA,16,13
"1298LAOK168","Mülltüte","Schlitten fahren","1298LAOK168-Mülltüte",NA,4,5,2,3,3.3333333333333335,2,1,5,3,4,1,3,1,3,3,5,3,4,4,3,3,3.25,1.5,2.4,17,NA,16,13
"1298LAOK168","Seil","Art Attack Riesenbild legen","1298LAOK168-Seil",1,5,4,3,3,3.3333333333333335,2,1,5,3,4,1,3,1,3,3,5,3,4,4,3,3,3.25,1.5,2.4,17,NA,16,13
"1298LAOK168","Seil","Indianer spielen","1298LAOK168-Seil",NA,5,4,3,2,3,2,1,5,3,4,1,3,1,3,3,5,3,4,4,3,3,3.25,1.5,2.4,17,NA,16,13
"1298LAOK168","Seil","Kleiderstange","1298LAOK168-Seil",1,5,3,3,2,2.6666666666666665,2,1,5,3,4,1,3,1,3,3,5,3,4,4,3,3,3.25,1.5,2.4,17,NA,16,13
"1298LAOK168","Seil","Seemannsknoten üben","1298LAOK168-Seil",1,5,2,1,2,1.6666666666666667,2,1,5,3,4,1,3,1,3,3,5,3,4,4,3,3,3.25,1.5,2.4,17,NA,16,13
"1298LAOK168","Seil","Wäscheleine bauen","1298LAOK168-Seil",1,5,3,3,2,2.6666666666666665,2,1,5,3,4,1,3,1,3,3,5,3,4,4,3,3,3.25,1.5,2.4,17,NA,16,13
"1300KAUS195","Büroklammer","Modeaccessoire - wie ein Lippenpiercing oder Ohrring","1300KAUS195-Büroklammer",1,2,2,1,2,1.6666666666666667,2,3,5,1,4,1,4,2,5,3,5,4,5,3,4,2,3,1.5,1.5999999999999996,18,17,16,12
"1300KAUS195","Büroklammer","zum erstellen von Kunst, indem die Klammen verbogen werden und/oder an Draht befestigt werden","1300KAUS195-Büroklammer",NA,2,3,2,2,2.3333333333333335,2,3,5,1,4,1,4,2,5,3,5,4,5,3,4,2,3,1.5,1.5999999999999996,18,17,16,12
"1300KAUS195","Mülltüte"," Tragbare Sauna , wenn der ganze Körper eingewickelt wird","1300KAUS195-Mülltüte",NA,3,5,5,5,5,2,3,5,1,4,1,4,2,5,3,5,4,5,3,4,2,3,1.5,1.5999999999999996,18,17,16,12
"1300KAUS195","Mülltüte","Mordwaffe","1300KAUS195-Mülltüte",1,3,4,2,2,2.6666666666666665,2,3,5,1,4,1,4,2,5,3,5,4,5,3,4,2,3,1.5,1.5999999999999996,18,17,16,12
"1300KAUS195","Mülltüte","Verkleidung zu bestimmten Anlässen, z.b. Parties oder Halloween","1300KAUS195-Mülltüte",NA,3,4,2,2,2.6666666666666665,2,3,5,1,4,1,4,2,5,3,5,4,5,3,4,2,3,1.5,1.5999999999999996,18,17,16,12
"1300KAUS195","Seil","Halterung für Gegenstände, z.B. um Gegenstände, wie Küchengegenstände, daran zu hängen","1300KAUS195-Seil",1,3,3,3,2,2.6666666666666665,2,3,5,1,4,1,4,2,5,3,5,4,5,3,4,2,3,1.5,1.5999999999999996,18,17,16,12
"1300KAUS195","Seil","Sitzgelegenheit, wenn das Seil z.B. an zwei Bäume gebunden wird","1300KAUS195-Seil",1,3,5,2,2,3,2,3,5,1,4,1,4,2,5,3,5,4,5,3,4,2,3,1.5,1.5999999999999996,18,17,16,12
"1300KAUS195","Seil","Stirnband (Modeaccessoire)","1300KAUS195-Seil",1,3,2,3,2,2.3333333333333335,2,3,5,1,4,1,4,2,5,3,5,4,5,3,4,2,3,1.5,1.5999999999999996,18,17,16,12
"1303IEDE175","Büroklammer","als Aufhänger für Christbaumkugeln benutzen","1303IEDE175-Büroklammer",1,6,3,3,3,3,2,3,4,1,5,1,4,2,1,3,4,4,4,4,3,2,3.25,1.8333333333333333,2.6,18,19,9,9
"1303IEDE175","Büroklammer","als Haarspange benutzen","1303IEDE175-Büroklammer",1,6,2,1,3,2,2,3,4,1,5,1,4,2,1,3,4,4,4,4,3,2,3.25,1.8333333333333333,2.6,18,19,9,9
"1303IEDE175","Büroklammer","Gebilde basteln","1303IEDE175-Büroklammer",NA,6,3,2,2,2.3333333333333335,2,3,4,1,5,1,4,2,1,3,4,4,4,4,3,2,3.25,1.8333333333333333,2.6,18,19,9,9
"1303IEDE175","Büroklammer","Handschellen öffnen","1303IEDE175-Büroklammer",1,6,4,2,3,3,2,3,4,1,5,1,4,2,1,3,4,4,4,4,3,2,3.25,1.8333333333333333,2.6,18,19,9,9
"1303IEDE175","Büroklammer","Schlösser knacken","1303IEDE175-Büroklammer",NA,6,3,2,2,2.3333333333333335,2,3,4,1,5,1,4,2,1,3,4,4,4,4,3,2,3.25,1.8333333333333333,2.6,18,19,9,9
"1303IEDE175","Büroklammer","Schmuck daraus basteln (Ketten)","1303IEDE175-Büroklammer",NA,6,2,1,2,1.6666666666666667,2,3,4,1,5,1,4,2,1,3,4,4,4,4,3,2,3.25,1.8333333333333333,2.6,18,19,9,9
"1303IEDE175","Mülltüte","als Duschvorhang benutzen","1303IEDE175-Mülltüte",1,8,4,3,3,3.3333333333333335,2,3,4,1,5,1,4,2,1,3,4,4,4,4,3,2,3.25,1.8333333333333333,2.6,18,19,9,9
"1303IEDE175","Mülltüte","als Einkaufstüte verwenden","1303IEDE175-Mülltüte",1,8,2,1,1,1.3333333333333333,2,3,4,1,5,1,4,2,1,3,4,4,4,4,3,2,3.25,1.8333333333333333,2.6,18,19,9,9
"1303IEDE175","Mülltüte","als Kleidung/Kleid tragen (totschick)","1303IEDE175-Mülltüte",1,8,4,2,2,2.6666666666666665,2,3,4,1,5,1,4,2,1,3,4,4,4,4,3,2,3.25,1.8333333333333333,2.6,18,19,9,9
"1303IEDE175","Mülltüte","als Regenponcho nutzen","1303IEDE175-Mülltüte",1,8,3,1,1,1.6666666666666667,2,3,4,1,5,1,4,2,1,3,4,4,4,4,3,2,3.25,1.8333333333333333,2.6,18,19,9,9
"1303IEDE175","Mülltüte","als Schlitten benutzen (drauf rumrutschen)","1303IEDE175-Mülltüte",NA,8,5,2,3,3.3333333333333335,2,3,4,1,5,1,4,2,1,3,4,4,4,4,3,2,3.25,1.8333333333333333,2.6,18,19,9,9
"1303IEDE175","Mülltüte","als Wäschesack nutzen","1303IEDE175-Mülltüte",1,8,2,1,2,1.6666666666666667,2,3,4,1,5,1,4,2,1,3,4,4,4,4,3,2,3.25,1.8333333333333333,2.6,18,19,9,9
"1303IEDE175","Mülltüte","Ehefrau  ersticken","1303IEDE175-Mülltüte",1,8,3,3,2,2.6666666666666665,2,3,4,1,5,1,4,2,1,3,4,4,4,4,3,2,3.25,1.8333333333333333,2.6,18,19,9,9
"1303IEDE175","Mülltüte","Wasserbomben daraus bauen","1303IEDE175-Mülltüte",1,8,4,2,2,2.6666666666666665,2,3,4,1,5,1,4,2,1,3,4,4,4,4,3,2,3.25,1.8333333333333333,2.6,18,19,9,9
"1303IEDE175","Seil","als Pferdestrick nutzen","1303IEDE175-Seil",1,11,1,3,1,1.6666666666666667,2,3,4,1,5,1,4,2,1,3,4,4,4,4,3,2,3.25,1.8333333333333333,2.6,18,19,9,9
"1303IEDE175","Seil","Autos ziehen/abschleppen","1303IEDE175-Seil",NA,11,2,2,1,1.6666666666666667,2,3,4,1,5,1,4,2,1,3,4,4,4,4,3,2,3.25,1.8333333333333333,2.6,18,19,9,9
"1303IEDE175","Seil","Flaschenzug bauen","1303IEDE175-Seil",1,11,3,2,2,2.3333333333333335,2,3,4,1,5,1,4,2,1,3,4,4,4,4,3,2,3.25,1.8333333333333333,2.6,18,19,9,9
"1303IEDE175","Seil","klettern","1303IEDE175-Seil",NA,11,2,2,2,2,2,3,4,1,5,1,4,2,1,3,4,4,4,4,3,2,3.25,1.8333333333333333,2.6,18,19,9,9
"1303IEDE175","Seil","Knoten knüpfen","1303IEDE175-Seil",NA,11,2,1,2,1.6666666666666667,2,3,4,1,5,1,4,2,1,3,4,4,4,4,3,2,3.25,1.8333333333333333,2.6,18,19,9,9
"1303IEDE175","Seil","Leute fesseln","1303IEDE175-Seil",NA,11,3,1,2,2,2,3,4,1,5,1,4,2,1,3,4,4,4,4,3,2,3.25,1.8333333333333333,2.6,18,19,9,9
"1303IEDE175","Seil","Seil springen","1303IEDE175-Seil",NA,11,1,1,1,1,2,3,4,1,5,1,4,2,1,3,4,4,4,4,3,2,3.25,1.8333333333333333,2.6,18,19,9,9
"1303IEDE175","Seil","sich aufhängen","1303IEDE175-Seil",NA,11,2,2,2,2,2,3,4,1,5,1,4,2,1,3,4,4,4,4,3,2,3.25,1.8333333333333333,2.6,18,19,9,9
"1303IEDE175","Seil","Tau","1303IEDE175-Seil",NA,11,1,1,1,1,2,3,4,1,5,1,4,2,1,3,4,4,4,4,3,2,3.25,1.8333333333333333,2.6,18,19,9,9
"1303IEDE175","Seil","Wassereimer aus Brunnen holen","1303IEDE175-Seil",1,11,2,3,2,2.3333333333333335,2,3,4,1,5,1,4,2,1,3,4,4,4,4,3,2,3.25,1.8333333333333333,2.6,18,19,9,9
"1303IEDE175","Seil","Wunden abbinden (Blutstoppung)","1303IEDE175-Seil",1,11,3,4,3,3.3333333333333335,2,3,4,1,5,1,4,2,1,3,4,4,4,4,3,2,3.25,1.8333333333333333,2.6,18,19,9,9
"1307urok178","Büroklammer","als  Steinchen auf dem Weg  den Weg weisen","1307urok178-Büroklammer",NA,7,4,3,3,3.3333333333333335,2,3,2,3,1,1,2,1,1,3,3,5,1,4,3,3,3.75,2.6666666666666665,4.2,15,18,8,10
"1307urok178","Büroklammer","eine Glühbirne bauen und als Draht verwenden","1307urok178-Büroklammer",1,7,5,4,3,4,2,3,2,3,1,1,2,1,1,3,3,5,1,4,3,3,3.75,2.6666666666666665,4.2,15,18,8,10
"1307urok178","Büroklammer","eine Kette basteln","1307urok178-Büroklammer",NA,7,2,1,2,1.6666666666666667,2,3,2,3,1,1,2,1,1,3,3,5,1,4,3,3,3.75,2.6666666666666665,4.2,15,18,8,10
"1307urok178","Büroklammer","Jemanden pieksen/pieken","1307urok178-Büroklammer",NA,7,3,1,3,2.3333333333333335,2,3,2,3,1,1,2,1,1,3,3,5,1,4,3,3,3.75,2.6666666666666665,4.2,15,18,8,10
"1307urok178","Büroklammer","Männchen formen ","1307urok178-Büroklammer",NA,7,3,1,2,2,2,3,2,3,1,1,2,1,1,3,3,5,1,4,3,3,3.75,2.6666666666666665,4.2,15,18,8,10
"1307urok178","Büroklammer","Ohrringe basteln","1307urok178-Büroklammer",1,7,2,1,2,1.6666666666666667,2,3,2,3,1,1,2,1,1,3,3,5,1,4,3,3,3.75,2.6666666666666665,4.2,15,18,8,10
"1307urok178","Büroklammer","Weihnachtskugeln aufhängen","1307urok178-Büroklammer",1,7,3,3,3,3,2,3,2,3,1,1,2,1,1,3,3,5,1,4,3,3,3.75,2.6666666666666665,4.2,15,18,8,10
"1307urok178","Mülltüte","als Drachen steigen lassen","1307urok178-Mülltüte",NA,7,4,3,3,3.3333333333333335,2,3,2,3,1,1,2,1,1,3,3,5,1,4,3,3,3.75,2.6666666666666665,4.2,15,18,8,10
"1307urok178","Mülltüte","Aquarium bauen","1307urok178-Mülltüte",NA,7,5,5,3,4.333333333333333,2,3,2,3,1,1,2,1,1,3,3,5,1,4,3,3,3.75,2.6666666666666665,4.2,15,18,8,10
"1307urok178","Mülltüte","Brötchen verpacken","1307urok178-Mülltüte",NA,7,2,2,2,2,2,3,2,3,1,1,2,1,1,3,3,5,1,4,3,3,3.75,2.6666666666666665,4.2,15,18,8,10
"1307urok178","Mülltüte","ein Licht am Himmel aufsteigen lassen","1307urok178-Mülltüte",NA,7,5,4,4,4.333333333333333,2,3,2,3,1,1,2,1,1,3,3,5,1,4,3,3,3.75,2.6666666666666665,4.2,15,18,8,10
"1307urok178","Mülltüte","eine Knalltüte bauen","1307urok178-Mülltüte",1,7,4,3,2,3,2,3,2,3,1,1,2,1,1,3,3,5,1,4,3,3,3.75,2.6666666666666665,4.2,15,18,8,10
"1307urok178","Mülltüte","Heißluftballon","1307urok178-Mülltüte",1,7,5,3,3,3.6666666666666665,2,3,2,3,1,1,2,1,1,3,3,5,1,4,3,3,3.75,2.6666666666666665,4.2,15,18,8,10
"1307urok178","Mülltüte","um den Schuh wickeln und als Gummistiefel verwenden","1307urok178-Mülltüte",1,7,3,2,2,2.3333333333333335,2,3,2,3,1,1,2,1,1,3,3,5,1,4,3,3,3.75,2.6666666666666665,4.2,15,18,8,10
"1307urok178","Seil","als Gürtel nutzen","1307urok178-Seil",NA,14,2,2,1,1.6666666666666667,2,3,2,3,1,1,2,1,1,3,3,5,1,4,3,3,3.75,2.6666666666666665,4.2,15,18,8,10
"1307urok178","Seil","als Kette tragen","1307urok178-Seil",NA,14,2,2,2,2,2,3,2,3,1,1,2,1,1,3,3,5,1,4,3,3,3.75,2.6666666666666665,4.2,15,18,8,10
"1307urok178","Seil","als Peitsche benutzen","1307urok178-Seil",NA,14,4,2,2,2.6666666666666665,2,3,2,3,1,1,2,1,1,3,3,5,1,4,3,3,3.75,2.6666666666666665,4.2,15,18,8,10
"1307urok178","Seil","als Schnürsenkel nutzen","1307urok178-Seil",NA,14,3,2,2,2.3333333333333335,2,3,2,3,1,1,2,1,1,3,3,5,1,4,3,3,3.75,2.6666666666666665,4.2,15,18,8,10
"1307urok178","Seil","am Haus abseilen","1307urok178-Seil",NA,14,2,1,2,1.6666666666666667,2,3,2,3,1,1,2,1,1,3,3,5,1,4,3,3,3.75,2.6666666666666665,4.2,15,18,8,10
"1307urok178","Seil","auseinander nehmen und eine Perücke daraus machen","1307urok178-Seil",NA,14,5,3,5,4.333333333333333,2,3,2,3,1,1,2,1,1,3,3,5,1,4,3,3,3.75,2.6666666666666665,4.2,15,18,8,10
"1307urok178","Seil","auseinander nehmen und neu verstricken","1307urok178-Seil",NA,14,3,2,3,2.6666666666666665,2,3,2,3,1,1,2,1,1,3,3,5,1,4,3,3,3.75,2.6666666666666665,4.2,15,18,8,10
"1307urok178","Seil","ein Auto abschleppen","1307urok178-Seil",NA,14,1,2,1,1.3333333333333333,2,3,2,3,1,1,2,1,1,3,3,5,1,4,3,3,3.75,2.6666666666666665,4.2,15,18,8,10
"1307urok178","Seil","eine Acht legen","1307urok178-Seil",NA,14,1,1,2,1.3333333333333333,2,3,2,3,1,1,2,1,1,3,3,5,1,4,3,3,3.75,2.6666666666666665,4.2,15,18,8,10
"1307urok178","Seil","eine Bindung signalisieren (aneinander ketten)","1307urok178-Seil",NA,14,4,3,2,3,2,3,2,3,1,1,2,1,1,3,3,5,1,4,3,3,3.75,2.6666666666666665,4.2,15,18,8,10
"1307urok178","Seil","etwas zusammenbinden","1307urok178-Seil",1,14,2,1,1,1.3333333333333333,2,3,2,3,1,1,2,1,1,3,3,5,1,4,3,3,3.75,2.6666666666666665,4.2,15,18,8,10
"1307urok178","Seil","Fallen stellen","1307urok178-Seil",NA,14,5,4,2,3.6666666666666665,2,3,2,3,1,1,2,1,1,3,3,5,1,4,3,3,3.75,2.6666666666666665,4.2,15,18,8,10
"1307urok178","Seil","Haare zusammenbinden ","1307urok178-Seil",1,14,2,2,2,2,2,3,2,3,1,1,2,1,1,3,3,5,1,4,3,3,3.75,2.6666666666666665,4.2,15,18,8,10
"1307urok178","Seil","Zusammenhalt signalisieren","1307urok178-Seil",1,14,4,5,4,4.333333333333333,2,3,2,3,1,1,2,1,1,3,3,5,1,4,3,3,3.75,2.6666666666666665,4.2,15,18,8,10
"1320THMA152","Büroklammer","als Ohrring benutzen","1320THMA152-Büroklammer",1,9,2,1,2,1.6666666666666667,2,2,5,2,4,1,4,4,2,4,2,4,5,2,4,4,3.5,2.3333333333333335,2.2,13,12,10,7
"1320THMA152","Büroklammer","als Ring biegen","1320THMA152-Büroklammer",NA,9,2,1,2,1.6666666666666667,2,2,5,2,4,1,4,4,2,4,2,4,5,2,4,4,3.5,2.3333333333333335,2.2,13,12,10,7
"1320THMA152","Büroklammer","einen Stuhl damit bekleben","1320THMA152-Büroklammer",NA,9,3,3,3,3,2,2,5,2,4,1,4,4,2,4,2,4,5,2,4,4,3.5,2.3333333333333335,2.2,13,12,10,7
"1320THMA152","Büroklammer","Figuren biegen","1320THMA152-Büroklammer",NA,9,3,1,2,2,2,2,5,2,4,1,4,4,2,4,2,4,5,2,4,4,3.5,2.3333333333333335,2.2,13,12,10,7
"1320THMA152","Büroklammer","Fingernägel sauber machen","1320THMA152-Büroklammer",1,9,3,2,3,2.6666666666666665,2,2,5,2,4,1,4,4,2,4,2,4,5,2,4,4,3.5,2.3333333333333335,2.2,13,12,10,7
"1320THMA152","Büroklammer","Kette basteln","1320THMA152-Büroklammer",NA,9,2,1,2,1.6666666666666667,2,2,5,2,4,1,4,4,2,4,2,4,5,2,4,4,3.5,2.3333333333333335,2.2,13,12,10,7
"1320THMA152","Büroklammer","magnetisieren und dann an eine Tafel packen","1320THMA152-Büroklammer",NA,9,4,4,3,3.6666666666666665,2,2,5,2,4,1,4,4,2,4,2,4,5,2,4,4,3.5,2.3333333333333335,2.2,13,12,10,7
"1320THMA152","Büroklammer","Muster in Kerzen kratzen","1320THMA152-Büroklammer",NA,9,3,3,2,2.6666666666666665,2,2,5,2,4,1,4,4,2,4,2,4,5,2,4,4,3.5,2.3333333333333335,2.2,13,12,10,7
"1320THMA152","Büroklammer","Tür aufbrechen","1320THMA152-Büroklammer",NA,9,3,2,2,2.3333333333333335,2,2,5,2,4,1,4,4,2,4,2,4,5,2,4,4,3.5,2.3333333333333335,2.2,13,12,10,7
"1320THMA152","Mülltüte","als Handtasche benutzen","1320THMA152-Mülltüte",1,5,2,1,2,1.6666666666666667,2,2,5,2,4,1,4,4,2,4,2,4,5,2,4,4,3.5,2.3333333333333335,2.2,13,12,10,7
"1320THMA152","Mülltüte","als Spritzbeutel verwenden","1320THMA152-Mülltüte",1,5,5,4,4,4.333333333333333,2,2,5,2,4,1,4,4,2,4,2,4,5,2,4,4,3.5,2.3333333333333335,2.2,13,12,10,7
"1320THMA152","Mülltüte","Löcher rein schneiden, anmalen und als Maske benutzen","1320THMA152-Mülltüte",NA,5,4,2,2,2.6666666666666665,2,2,5,2,4,1,4,4,2,4,2,4,5,2,4,4,3.5,2.3333333333333335,2.2,13,12,10,7
"1320THMA152","Mülltüte","Sackhüpfen","1320THMA152-Mülltüte",1,5,3,1,3,2.3333333333333335,2,2,5,2,4,1,4,4,2,4,2,4,5,2,4,4,3.5,2.3333333333333335,2.2,13,12,10,7
"1320THMA152","Mülltüte","über die Schuhe ziehen, damit die nicht schmutzig werden","1320THMA152-Mülltüte",NA,5,3,2,2,2.3333333333333335,2,2,5,2,4,1,4,4,2,4,2,4,5,2,4,4,3.5,2.3333333333333335,2.2,13,12,10,7
"1320THMA152","Seil","als Schleife um den Kopf binden","1320THMA152-Seil",NA,7,2,2,3,2.3333333333333335,2,2,5,2,4,1,4,4,2,4,2,4,5,2,4,4,3.5,2.3333333333333335,2.2,13,12,10,7
"1320THMA152","Seil","als Schnürsenkel verwenden","1320THMA152-Seil",NA,7,3,2,2,2.3333333333333335,2,2,5,2,4,1,4,4,2,4,2,4,5,2,4,4,3.5,2.3333333333333335,2.2,13,12,10,7
"1320THMA152","Seil","Füße zusammenbinden","1320THMA152-Seil",NA,7,3,1,2,2,2,2,5,2,4,1,4,4,2,4,2,4,5,2,4,4,3.5,2.3333333333333335,2.2,13,12,10,7
"1320THMA152","Seil","Hundeleine","1320THMA152-Seil",1,7,1,1,1,1,2,2,5,2,4,1,4,4,2,4,2,4,5,2,4,4,3.5,2.3333333333333335,2.2,13,12,10,7
"1320THMA152","Seil","Seil an einen Ast hängen und daran hoch klettern","1320THMA152-Seil",NA,7,3,1,2,2,2,2,5,2,4,1,4,4,2,4,2,4,5,2,4,4,3.5,2.3333333333333335,2.2,13,12,10,7
"1320THMA152","Seil","Türen zubinden","1320THMA152-Seil",NA,7,3,2,2,2.3333333333333335,2,2,5,2,4,1,4,4,2,4,2,4,5,2,4,4,3.5,2.3333333333333335,2.2,13,12,10,7
"1320THMA152","Seil","um einen Blumenstrauß zusammenzubinden","1320THMA152-Seil",1,7,3,3,2,2.6666666666666665,2,2,5,2,4,1,4,4,2,4,2,4,5,2,4,4,3.5,2.3333333333333335,2.2,13,12,10,7
"1339NESE172","Büroklammer","als  Kerzenständer  (zum Aufspießen der Kerze in z.b. Adventskranz)","1339NESE172-Büroklammer",1,7,5,4,3,4,2,2,4,2,4,1,3,2,3,3,4,3,3,4,2,2,3,2,2.8,16,17,20,13
"1339NESE172","Büroklammer","als Armband (mehrere aneinander)","1339NESE172-Büroklammer",1,7,2,1,2,1.6666666666666667,2,2,4,2,4,1,3,2,3,3,4,3,3,4,2,2,3,2,2.8,16,17,20,13
"1339NESE172","Büroklammer","als Haarspange","1339NESE172-Büroklammer",1,7,2,1,3,2,2,2,4,2,4,1,3,2,3,3,4,3,3,4,2,2,3,2,2.8,16,17,20,13
"1339NESE172","Büroklammer","als Kette (mehrere aneinander)","1339NESE172-Büroklammer",NA,7,2,1,2,1.6666666666666667,2,2,4,2,4,1,3,2,3,3,4,3,3,4,2,2,3,2,2.8,16,17,20,13
"1339NESE172","Büroklammer","als Nadel","1339NESE172-Büroklammer",NA,7,4,1,2,2.3333333333333335,2,2,4,2,4,1,3,2,3,3,4,3,3,4,2,2,3,2,2.8,16,17,20,13
"1339NESE172","Büroklammer","als Ring (wenn man sie verbiegt)","1339NESE172-Büroklammer",NA,7,2,1,2,1.6666666666666667,2,2,4,2,4,1,3,2,3,3,4,3,3,4,2,2,3,2,2.8,16,17,20,13
"1339NESE172","Büroklammer","zum Kratzen am Rücken","1339NESE172-Büroklammer",NA,7,4,2,3,3,2,2,4,2,4,1,3,2,3,3,4,3,3,4,2,2,3,2,2.8,16,17,20,13
"1339NESE172","Mülltüte","als Fahne nutzen","1339NESE172-Mülltüte",NA,7,5,3,3,3.6666666666666665,2,2,4,2,4,1,3,2,3,3,4,3,3,4,2,2,3,2,2.8,16,17,20,13
"1339NESE172","Mülltüte","als Kopfbedeckung","1339NESE172-Mülltüte",1,7,3,2,2,2.3333333333333335,2,2,4,2,4,1,3,2,3,3,4,3,3,4,2,2,3,2,2.8,16,17,20,13
"1339NESE172","Mülltüte","als Musikinstrument (unterschiedlich rascheln)","1339NESE172-Mülltüte",1,7,5,4,3,4,2,2,4,2,4,1,3,2,3,3,4,3,3,4,2,2,3,2,2.8,16,17,20,13
"1339NESE172","Mülltüte","als Regenschutz","1339NESE172-Mülltüte",1,7,3,1,2,2,2,2,4,2,4,1,3,2,3,3,4,3,3,4,2,2,3,2,2.8,16,17,20,13
"1339NESE172","Mülltüte","als Schlafsack","1339NESE172-Mülltüte",1,7,4,3,3,3.3333333333333335,2,2,4,2,4,1,3,2,3,3,4,3,3,4,2,2,3,2,2.8,16,17,20,13
"1339NESE172","Mülltüte","als Tasche","1339NESE172-Mülltüte",NA,7,3,1,2,2,2,2,4,2,4,1,3,2,3,3,4,3,3,4,2,2,3,2,2.8,16,17,20,13
"1339NESE172","Mülltüte","als transportable Toilette / Klo","1339NESE172-Mülltüte",NA,7,4,4,2,3.3333333333333335,2,2,4,2,4,1,3,2,3,3,4,3,3,4,2,2,3,2,2.8,16,17,20,13
"1339NESE172","Seil","auf Seil schaukeln","1339NESE172-Seil",NA,9,3,2,3,2.6666666666666665,2,2,4,2,4,1,3,2,3,3,4,3,3,4,2,2,3,2,2.8,16,17,20,13
"1339NESE172","Seil","Bilderrahmen = Seil","1339NESE172-Seil",1,9,3,3,3,3,2,2,4,2,4,1,3,2,3,3,4,3,3,4,2,2,3,2,2.8,16,17,20,13
"1339NESE172","Seil","mit Seil Geschenk verpacken","1339NESE172-Seil",NA,9,3,3,2,2.6666666666666665,2,2,4,2,4,1,3,2,3,3,4,3,3,4,2,2,3,2,2.8,16,17,20,13
"1339NESE172","Seil","mit Seil Korb nach unten lassen","1339NESE172-Seil",NA,9,3,2,2,2.3333333333333335,2,2,4,2,4,1,3,2,3,3,4,3,3,4,2,2,3,2,2.8,16,17,20,13
"1339NESE172","Seil","Seil ","1339NESE172-Seil",NA,9,1,1,1,1,2,2,4,2,4,1,3,2,3,3,4,3,3,4,2,2,3,2,2.8,16,17,20,13
"1339NESE172","Seil","Seil als Haarreifen","1339NESE172-Seil",1,9,2,2,2,2,2,2,4,2,4,1,3,2,3,3,4,3,3,4,2,2,3,2,2.8,16,17,20,13
"1339NESE172","Seil","Seil als Schuhband","1339NESE172-Seil",1,9,3,2,2,2.3333333333333335,2,2,4,2,4,1,3,2,3,3,4,3,3,4,2,2,3,2,2.8,16,17,20,13
"1339NESE172","Seil","Seil= Adventskranz","1339NESE172-Seil",1,9,5,4,2,3.6666666666666665,2,2,4,2,4,1,3,2,3,3,4,3,3,4,2,2,3,2,2.8,16,17,20,13
"1339NESE172","Seil","sich in Seil einwickeln als Decke","1339NESE172-Seil",NA,9,5,2,3,3.3333333333333335,2,2,4,2,4,1,3,2,3,3,4,3,3,4,2,2,3,2,2.8,16,17,20,13
"1345kemä172","Büroklammer","anderen ins Ohr stecken ","1345kemä172-Büroklammer",NA,16,2,2,3,2.3333333333333335,2,5,5,3,4,1,5,5,5,4,5,5,4,5,5,5,4.75,2.8333333333333335,1.2000000000000002,9,5,9,9
"1345kemä172","Büroklammer","biegen ","1345kemä172-Büroklammer",NA,16,1,1,2,1.3333333333333333,2,5,5,3,4,1,5,5,5,4,5,5,4,5,5,5,4.75,2.8333333333333335,1.2000000000000002,9,5,9,9
"1345kemä172","Büroklammer","drauf kauen ","1345kemä172-Büroklammer",NA,16,3,2,3,2.6666666666666665,2,5,5,3,4,1,5,5,5,4,5,5,4,5,5,5,4.75,2.8333333333333335,1.2000000000000002,9,5,9,9
"1345kemä172","Büroklammer","Fingernägel reinigen ","1345kemä172-Büroklammer",1,16,2,2,2,2,2,5,5,3,4,1,5,5,5,4,5,5,4,5,5,5,4.75,2.8333333333333335,1.2000000000000002,9,5,9,9
"1345kemä172","Büroklammer","heften ","1345kemä172-Büroklammer",NA,16,1,1,1,1,2,5,5,3,4,1,5,5,5,4,5,5,4,5,5,5,4.75,2.8333333333333335,1.2000000000000002,9,5,9,9
"1345kemä172","Büroklammer","Kette","1345kemä172-Büroklammer",NA,16,2,1,2,1.6666666666666667,2,5,5,3,4,1,5,5,5,4,5,5,4,5,5,5,4.75,2.8333333333333335,1.2000000000000002,9,5,9,9
"1345kemä172","Büroklammer","kitzeln ","1345kemä172-Büroklammer",NA,16,3,2,3,2.6666666666666665,2,5,5,3,4,1,5,5,5,4,5,5,4,5,5,5,4.75,2.8333333333333335,1.2000000000000002,9,5,9,9
"1345kemä172","Büroklammer","kratzen","1345kemä172-Büroklammer",NA,16,3,2,2,2.3333333333333335,2,5,5,3,4,1,5,5,5,4,5,5,4,5,5,5,4.75,2.8333333333333335,1.2000000000000002,9,5,9,9
"1345kemä172","Büroklammer","Ohrpopeln ","1345kemä172-Büroklammer",1,16,3,2,3,2.6666666666666665,2,5,5,3,4,1,5,5,5,4,5,5,4,5,5,5,4.75,2.8333333333333335,1.2000000000000002,9,5,9,9
"1345kemä172","Büroklammer","picken ","1345kemä172-Büroklammer",NA,16,2,2,2,2,2,5,5,3,4,1,5,5,5,4,5,5,4,5,5,5,4.75,2.8333333333333335,1.2000000000000002,9,5,9,9
"1345kemä172","Büroklammer","sammeln ","1345kemä172-Büroklammer",NA,16,1,1,2,1.3333333333333333,2,5,5,3,4,1,5,5,5,4,5,5,4,5,5,5,4.75,2.8333333333333335,1.2000000000000002,9,5,9,9
"1345kemä172","Büroklammer","schippen","1345kemä172-Büroklammer",NA,16,4,1,2,2.3333333333333335,2,5,5,3,4,1,5,5,5,4,5,5,4,5,5,5,4.75,2.8333333333333335,1.2000000000000002,9,5,9,9
"1345kemä172","Büroklammer","schwimmen lassen ","1345kemä172-Büroklammer",NA,16,2,2,2,2,2,5,5,3,4,1,5,5,5,4,5,5,4,5,5,5,4.75,2.8333333333333335,1.2000000000000002,9,5,9,9
"1345kemä172","Büroklammer","Spiele ","1345kemä172-Büroklammer",NA,16,2,2,2,2,2,5,5,3,4,1,5,5,5,4,5,5,4,5,5,5,4.75,2.8333333333333335,1.2000000000000002,9,5,9,9
"1345kemä172","Büroklammer","spielen ","1345kemä172-Büroklammer",NA,16,1,1,1,1,2,5,5,3,4,1,5,5,5,4,5,5,4,5,5,5,4.75,2.8333333333333335,1.2000000000000002,9,5,9,9
"1345kemä172","Büroklammer","Unfug ","1345kemä172-Büroklammer",NA,16,1,2,2,1.6666666666666667,2,5,5,3,4,1,5,5,5,4,5,5,4,5,5,5,4.75,2.8333333333333335,1.2000000000000002,9,5,9,9
"1345kemä172","Mülltüte","anziehen","1345kemä172-Mülltüte",NA,13,3,2,1,2,2,5,5,3,4,1,5,5,5,4,5,5,4,5,5,5,4.75,2.8333333333333335,1.2000000000000002,9,5,9,9
"1345kemä172","Mülltüte","aufheben ","1345kemä172-Mülltüte",NA,13,1,1,1,1,2,5,5,3,4,1,5,5,5,4,5,5,4,5,5,5,4.75,2.8333333333333335,1.2000000000000002,9,5,9,9
"1345kemä172","Mülltüte","befüllen ","1345kemä172-Mülltüte",NA,13,1,1,1,1,2,5,5,3,4,1,5,5,5,4,5,5,4,5,5,5,4.75,2.8333333333333335,1.2000000000000002,9,5,9,9
"1345kemä172","Mülltüte","duften ","1345kemä172-Mülltüte",NA,13,1,2,2,1.6666666666666667,2,5,5,3,4,1,5,5,5,4,5,5,4,5,5,5,4.75,2.8333333333333335,1.2000000000000002,9,5,9,9
"1345kemä172","Mülltüte","ersticken ","1345kemä172-Mülltüte",NA,13,2,2,2,2,2,5,5,3,4,1,5,5,5,4,5,5,4,5,5,5,4.75,2.8333333333333335,1.2000000000000002,9,5,9,9
"1345kemä172","Mülltüte","hinstellen ","1345kemä172-Mülltüte",NA,13,1,1,1,1,2,5,5,3,4,1,5,5,5,4,5,5,4,5,5,5,4.75,2.8333333333333335,1.2000000000000002,9,5,9,9
"1345kemä172","Mülltüte","Müllmann erstellen ","1345kemä172-Mülltüte",1,13,4,3,2,3,2,5,5,3,4,1,5,5,5,4,5,5,4,5,5,5,4.75,2.8333333333333335,1.2000000000000002,9,5,9,9
"1345kemä172","Mülltüte","reinigen ","1345kemä172-Mülltüte",NA,13,2,2,2,2,2,5,5,3,4,1,5,5,5,4,5,5,4,5,5,5,4.75,2.8333333333333335,1.2000000000000002,9,5,9,9
"1345kemä172","Mülltüte","sammeln ","1345kemä172-Mülltüte",NA,13,2,2,2,2,2,5,5,3,4,1,5,5,5,4,5,5,4,5,5,5,4.75,2.8333333333333335,1.2000000000000002,9,5,9,9
"1345kemä172","Mülltüte","sortieren ","1345kemä172-Mülltüte",NA,13,1,1,2,1.3333333333333333,2,5,5,3,4,1,5,5,5,4,5,5,4,5,5,5,4.75,2.8333333333333335,1.2000000000000002,9,5,9,9
"1345kemä172","Mülltüte","überstulpen","1345kemä172-Mülltüte",NA,13,1,1,2,1.3333333333333333,2,5,5,3,4,1,5,5,5,4,5,5,4,5,5,5,4.75,2.8333333333333335,1.2000000000000002,9,5,9,9
"1345kemä172","Mülltüte","Unfug ","1345kemä172-Mülltüte",NA,13,1,2,3,2,2,5,5,3,4,1,5,5,5,4,5,5,4,5,5,5,4.75,2.8333333333333335,1.2000000000000002,9,5,9,9
"1345kemä172","Mülltüte","wegwerfen ","1345kemä172-Mülltüte",NA,13,1,1,1,1,2,5,5,3,4,1,5,5,5,4,5,5,4,5,5,5,4.75,2.8333333333333335,1.2000000000000002,9,5,9,9
"1345kemä172","Seil","abschleppen ","1345kemä172-Seil",NA,17,1,2,2,1.6666666666666667,2,5,5,3,4,1,5,5,5,4,5,5,4,5,5,5,4.75,2.8333333333333335,1.2000000000000002,9,5,9,9
"1345kemä172","Seil","anbinden ","1345kemä172-Seil",NA,17,1,1,2,1.3333333333333333,2,5,5,3,4,1,5,5,5,4,5,5,4,5,5,5,4.75,2.8333333333333335,1.2000000000000002,9,5,9,9
"1345kemä172","Seil","angeln ","1345kemä172-Seil",NA,17,4,4,2,3.3333333333333335,2,5,5,3,4,1,5,5,5,4,5,5,4,5,5,5,4.75,2.8333333333333335,1.2000000000000002,9,5,9,9
"1345kemä172","Seil","anleinen ","1345kemä172-Seil",NA,17,1,1,1,1,2,5,5,3,4,1,5,5,5,4,5,5,4,5,5,5,4.75,2.8333333333333335,1.2000000000000002,9,5,9,9
"1345kemä172","Seil","anschleppen","1345kemä172-Seil",NA,17,2,2,1,1.6666666666666667,2,5,5,3,4,1,5,5,5,4,5,5,4,5,5,5,4.75,2.8333333333333335,1.2000000000000002,9,5,9,9
"1345kemä172","Seil","ausbrechen ","1345kemä172-Seil",NA,17,3,3,2,2.6666666666666665,2,5,5,3,4,1,5,5,5,4,5,5,4,5,5,5,4.75,2.8333333333333335,1.2000000000000002,9,5,9,9
"1345kemä172","Seil","binden ","1345kemä172-Seil",NA,17,1,1,1,1,2,5,5,3,4,1,5,5,5,4,5,5,4,5,5,5,4.75,2.8333333333333335,1.2000000000000002,9,5,9,9
"1345kemä172","Seil","erhängen ","1345kemä172-Seil",NA,17,3,2,2,2.3333333333333335,2,5,5,3,4,1,5,5,5,4,5,5,4,5,5,5,4.75,2.8333333333333335,1.2000000000000002,9,5,9,9
"1345kemä172","Seil","erlangen ","1345kemä172-Seil",NA,17,1,1,1,1,2,5,5,3,4,1,5,5,5,4,5,5,4,5,5,5,4.75,2.8333333333333335,1.2000000000000002,9,5,9,9
"1345kemä172","Seil","fallen","1345kemä172-Seil",NA,17,2,3,1,2,2,5,5,3,4,1,5,5,5,4,5,5,4,5,5,5,4.75,2.8333333333333335,1.2000000000000002,9,5,9,9
"1345kemä172","Seil","fangen ","1345kemä172-Seil",NA,17,2,2,1,1.6666666666666667,2,5,5,3,4,1,5,5,5,4,5,5,4,5,5,5,4.75,2.8333333333333335,1.2000000000000002,9,5,9,9
"1345kemä172","Seil","fliegen ","1345kemä172-Seil",NA,17,3,2,2,2.3333333333333335,2,5,5,3,4,1,5,5,5,4,5,5,4,5,5,5,4.75,2.8333333333333335,1.2000000000000002,9,5,9,9
"1345kemä172","Seil","flüchten ","1345kemä172-Seil",NA,17,2,2,2,2,2,5,5,3,4,1,5,5,5,4,5,5,4,5,5,5,4.75,2.8333333333333335,1.2000000000000002,9,5,9,9
"1345kemä172","Seil","häkeln","1345kemä172-Seil",NA,17,4,2,3,3,2,5,5,3,4,1,5,5,5,4,5,5,4,5,5,5,4.75,2.8333333333333335,1.2000000000000002,9,5,9,9
"1345kemä172","Seil","Leiter bauen ","1345kemä172-Seil",NA,17,3,2,2,2.3333333333333335,2,5,5,3,4,1,5,5,5,4,5,5,4,5,5,5,4.75,2.8333333333333335,1.2000000000000002,9,5,9,9
"1345kemä172","Seil","sticken ","1345kemä172-Seil",NA,17,5,2,2,3,2,5,5,3,4,1,5,5,5,4,5,5,4,5,5,5,4.75,2.8333333333333335,1.2000000000000002,9,5,9,9
"1345kemä172","Seil","werfen ","1345kemä172-Seil",NA,17,1,1,1,1,2,5,5,3,4,1,5,5,5,4,5,5,4,5,5,5,4.75,2.8333333333333335,1.2000000000000002,9,5,9,9
"1352NAMA180","Büroklammer","als Lockenwickler für den Bart benützen","1352NAMA180-Büroklammer",1,6,5,5,5,5,2,5,5,1,4,1,4,4,4,3,1,2,5,1,4,4,2.5,2.8333333333333335,1.7999999999999998,4,6,8,9
"1352NAMA180","Büroklammer","die Augen in langweiligen Vorlesungen offen sperren","1352NAMA180-Büroklammer",NA,6,3,5,3,3.6666666666666665,2,5,5,1,4,1,4,4,4,3,1,2,5,1,4,4,2.5,2.8333333333333335,1.7999999999999998,4,6,8,9
"1352NAMA180","Büroklammer","die Steckdose auf vorhanden sein von Elektrizität überprüfen","1352NAMA180-Büroklammer",1,6,4,4,2,3.3333333333333335,2,5,5,1,4,1,4,4,4,3,1,2,5,1,4,4,2.5,2.8333333333333335,1.7999999999999998,4,6,8,9
"1352NAMA180","Büroklammer","Leute mit piercen.... yolo","1352NAMA180-Büroklammer",NA,6,3,1,3,2.3333333333333335,2,5,5,1,4,1,4,4,4,3,1,2,5,1,4,4,2.5,2.8333333333333335,1.7999999999999998,4,6,8,9
"1352NAMA180","Büroklammer","macgyver mäßig mir damit die Ohren reinigen","1352NAMA180-Büroklammer",NA,6,4,3,3,3.3333333333333335,2,5,5,1,4,1,4,4,4,3,1,2,5,1,4,4,2.5,2.8333333333333335,1.7999999999999998,4,6,8,9
"1352NAMA180","Büroklammer","mir ein Kettenhemd aus mehreren basteln","1352NAMA180-Büroklammer",1,6,5,3,4,4,2,5,5,1,4,1,4,4,4,3,1,2,5,1,4,4,2.5,2.8333333333333335,1.7999999999999998,4,6,8,9
"1352NAMA180","Mülltüte","ganz sicher keinen Leuten über den Kopf ziehen, die ich nicht mag :d","1352NAMA180-Mülltüte",NA,7,2,3,2,2.3333333333333335,2,5,5,1,4,1,4,4,4,3,1,2,5,1,4,4,2.5,2.8333333333333335,1.7999999999999998,4,6,8,9
"1352NAMA180","Mülltüte","Kondom Ersatz ;)","1352NAMA180-Mülltüte",NA,7,4,5,3,4,2,5,5,1,4,1,4,4,4,3,1,2,5,1,4,4,2.5,2.8333333333333335,1.7999999999999998,4,6,8,9
"1352NAMA180","Mülltüte","Menschen fangen","1352NAMA180-Mülltüte",NA,7,4,3,3,3.3333333333333335,2,5,5,1,4,1,4,4,4,3,1,2,5,1,4,4,2.5,2.8333333333333335,1.7999999999999998,4,6,8,9
"1352NAMA180","Mülltüte","mir einen Rock daraus schneidern","1352NAMA180-Mülltüte",NA,7,4,2,2,2.6666666666666665,2,5,5,1,4,1,4,4,4,3,1,2,5,1,4,4,2.5,2.8333333333333335,1.7999999999999998,4,6,8,9
"1352NAMA180","Mülltüte","mit Eiscreme füllen und auf katholische Schulmädchen werfen","1352NAMA180-Mülltüte",1,7,5,5,3,4.333333333333333,2,5,5,1,4,1,4,4,4,3,1,2,5,1,4,4,2.5,2.8333333333333335,1.7999999999999998,4,6,8,9
"1352NAMA180","Mülltüte","mit Helium füllen und damit nach Asgard fliegen","1352NAMA180-Mülltüte",NA,7,5,5,5,5,2,5,5,1,4,1,4,4,4,3,1,2,5,1,4,4,2.5,2.8333333333333335,1.7999999999999998,4,6,8,9
"1352NAMA180","Mülltüte","Mülltüten Origami","1352NAMA180-Mülltüte",1,7,4,4,3,3.6666666666666665,2,5,5,1,4,1,4,4,4,3,1,2,5,1,4,4,2.5,2.8333333333333335,1.7999999999999998,4,6,8,9
"1352NAMA180","Seil","auf keinen Fall Leute erhängen, die ich nicht mag","1352NAMA180-Seil",NA,8,3,5,2,3.3333333333333335,2,5,5,1,4,1,4,4,4,3,1,2,5,1,4,4,2.5,2.8333333333333335,1.7999999999999998,4,6,8,9
"1352NAMA180","Seil","besoffen Leute fangen :d","1352NAMA180-Seil",NA,8,3,3,2,2.6666666666666665,2,5,5,1,4,1,4,4,4,3,1,2,5,1,4,4,2.5,2.8333333333333335,1.7999999999999998,4,6,8,9
"1352NAMA180","Seil","Bondage you know...","1352NAMA180-Seil",NA,8,4,4,2,3.3333333333333335,2,5,5,1,4,1,4,4,4,3,1,2,5,1,4,4,2.5,2.8333333333333335,1.7999999999999998,4,6,8,9
"1352NAMA180","Seil","eine Seilwinde konstruieren um das Bier leichter durchs Fenster zu hiefen","1352NAMA180-Seil",1,8,4,4,3,3.6666666666666665,2,5,5,1,4,1,4,4,4,3,1,2,5,1,4,4,2.5,2.8333333333333335,1.7999999999999998,4,6,8,9
"1352NAMA180","Seil","Flugzeuge fischen","1352NAMA180-Seil",1,8,4,2,2,2.6666666666666665,2,5,5,1,4,1,4,4,4,3,1,2,5,1,4,4,2.5,2.8333333333333335,1.7999999999999998,4,6,8,9
"1352NAMA180","Seil","Häkeln mit einer verdammt großen Nadel","1352NAMA180-Seil",NA,8,5,3,3,3.6666666666666665,2,5,5,1,4,1,4,4,4,3,1,2,5,1,4,4,2.5,2.8333333333333335,1.7999999999999998,4,6,8,9
"1352NAMA180","Seil","mich Geisseln um morgens wach zu werden","1352NAMA180-Seil",NA,8,4,3,2,3,2,5,5,1,4,1,4,4,4,3,1,2,5,1,4,4,2.5,2.8333333333333335,1.7999999999999998,4,6,8,9
"1352NAMA180","Seil","mir einen String draus flechten","1352NAMA180-Seil",NA,8,4,3,2,3,2,5,5,1,4,1,4,4,4,3,1,2,5,1,4,4,2.5,2.8333333333333335,1.7999999999999998,4,6,8,9
"1366GAER180","Büroklammer","als Halterung in einem Fotorahmen nutzen","1366GAER180-Büroklammer",1,4,3,3,3,3,2,4,4,3,3,1,4,4,4,4,5,4,3,2,3,4,3.5,2.6666666666666665,2.4,21,NA,19,13
"1366GAER180","Büroklammer","als Klammer/Tacker nutzen/verbiegen wenn man Kleidung flicken will","1366GAER180-Büroklammer",NA,4,3,2,2,2.3333333333333335,2,4,4,3,3,1,4,4,4,4,5,4,3,2,3,4,3.5,2.6666666666666665,2.4,21,NA,19,13
"1366GAER180","Büroklammer","eine Kette daraus mache, indem man viele aneinander reiht","1366GAER180-Büroklammer",NA,4,2,1,2,1.6666666666666667,2,4,4,3,3,1,4,4,4,4,5,4,3,2,3,4,3.5,2.6666666666666665,2.4,21,NA,19,13
"1366GAER180","Büroklammer","Figuren daraus bauen","1366GAER180-Büroklammer",NA,4,3,1,2,2,2,4,4,3,3,1,4,4,4,4,5,4,3,2,3,4,3.5,2.6666666666666665,2.4,21,NA,19,13
"1366GAER180","Mülltüte","bemalen und auf eine Leinwand aufziehen - als Bild nutzen","1366GAER180-Mülltüte",1,4,4,3,3,3.3333333333333335,2,4,4,3,3,1,4,4,4,4,5,4,3,2,3,4,3.5,2.6666666666666665,2.4,21,NA,19,13
"1366GAER180","Mülltüte","einen Berg runterrodeln","1366GAER180-Mülltüte",NA,4,4,2,3,3,2,4,4,3,3,1,4,4,4,4,5,4,3,2,3,4,3.5,2.6666666666666665,2.4,21,NA,19,13
"1366GAER180","Mülltüte","zu einer Tunika an Karneval umfunktionieren","1366GAER180-Mülltüte",NA,4,4,2,2,2.6666666666666665,2,4,4,3,3,1,4,4,4,4,5,4,3,2,3,4,3.5,2.6666666666666665,2.4,21,NA,19,13
"1366GAER180","Mülltüte","zum Aufbewahren von Kleinkram","1366GAER180-Mülltüte",1,4,2,2,1,1.6666666666666667,2,4,4,3,3,1,4,4,4,4,5,4,3,2,3,4,3.5,2.6666666666666665,2.4,21,NA,19,13
"1366GAER180","Seil","abgebrochenen Auspuff am Auto fixieren","1366GAER180-Seil",NA,4,4,5,2,3.6666666666666665,2,4,4,3,3,1,4,4,4,4,5,4,3,2,3,4,3.5,2.6666666666666665,2.4,21,NA,19,13
"1366GAER180","Seil","als Gardinenstange nutzen","1366GAER180-Seil",1,4,3,2,2,2.3333333333333335,2,4,4,3,3,1,4,4,4,4,5,4,3,2,3,4,3.5,2.6666666666666665,2.4,21,NA,19,13
"1366GAER180","Seil","als Gürtel nutzen","1366GAER180-Seil",NA,4,2,2,1,1.6666666666666667,2,4,4,3,3,1,4,4,4,4,5,4,3,2,3,4,3.5,2.6666666666666665,2.4,21,NA,19,13
"1366GAER180","Seil","eine Katze damit locken und spielen","1366GAER180-Seil",NA,4,2,3,2,2.3333333333333335,2,4,4,3,3,1,4,4,4,4,5,4,3,2,3,4,3.5,2.6666666666666665,2.4,21,NA,19,13
"1368LAAU172","Büroklammer","als Ring benutzen","1368LAAU172-Büroklammer",NA,6,2,1,2,1.6666666666666667,2,3,5,1,5,1,4,1,4,3,5,5,5,4,4,5,4.25,1.3333333333333333,1.5999999999999996,15,16,16,12
"1368LAAU172","Büroklammer","als Tagesmarkierung am Kalender","1368LAAU172-Büroklammer",1,6,1,3,3,2.3333333333333335,2,3,5,1,5,1,4,1,4,3,5,5,5,4,4,5,4.25,1.3333333333333333,1.5999999999999996,15,16,16,12
"1368LAAU172","Büroklammer","Gepäckschloss","1368LAAU172-Büroklammer",1,6,4,3,3,3.3333333333333335,2,3,5,1,5,1,4,1,4,3,5,5,5,4,4,5,4.25,1.3333333333333333,1.5999999999999996,15,16,16,12
"1368LAAU172","Büroklammer","Lesezeichen","1368LAAU172-Büroklammer",1,6,1,2,3,2,2,3,5,1,5,1,4,1,4,3,5,5,5,4,4,5,4.25,1.3333333333333333,1.5999999999999996,15,16,16,12
"1368LAAU172","Büroklammer","Männchen formen","1368LAAU172-Büroklammer",NA,6,3,1,2,2,2,3,5,1,5,1,4,1,4,3,5,5,5,4,4,5,4.25,1.3333333333333333,1.5999999999999996,15,16,16,12
"1368LAAU172","Büroklammer","Zahnstocher","1368LAAU172-Büroklammer",1,6,3,2,3,2.6666666666666665,2,3,5,1,5,1,4,1,4,3,5,5,5,4,4,5,4.25,1.3333333333333333,1.5999999999999996,15,16,16,12
"1368LAAU172","Mülltüte","als Handschuhe benutzen","1368LAAU172-Mülltüte",1,6,4,3,2,3,2,3,5,1,5,1,4,1,4,3,5,5,5,4,4,5,4.25,1.3333333333333333,1.5999999999999996,15,16,16,12
"1368LAAU172","Mülltüte","als Schuhe benutzen","1368LAAU172-Mülltüte",NA,6,4,3,2,3,2,3,5,1,5,1,4,1,4,3,5,5,5,4,4,5,4.25,1.3333333333333333,1.5999999999999996,15,16,16,12
"1368LAAU172","Mülltüte","als Tapete an der Wand","1368LAAU172-Mülltüte",NA,6,3,3,2,2.6666666666666665,2,3,5,1,5,1,4,1,4,3,5,5,5,4,4,5,4.25,1.3333333333333333,1.5999999999999996,15,16,16,12
"1368LAAU172","Mülltüte","Hundekot aufsammeln","1368LAAU172-Mülltüte",1,6,2,3,2,2.3333333333333335,2,3,5,1,5,1,4,1,4,3,5,5,5,4,4,5,4.25,1.3333333333333333,1.5999999999999996,15,16,16,12
"1368LAAU172","Mülltüte","Kopfhaube basteln","1368LAAU172-Mülltüte",1,6,4,2,2,2.6666666666666665,2,3,5,1,5,1,4,1,4,3,5,5,5,4,4,5,4.25,1.3333333333333333,1.5999999999999996,15,16,16,12
"1368LAAU172","Mülltüte","Regenschutz","1368LAAU172-Mülltüte",1,6,3,1,2,2,2,3,5,1,5,1,4,1,4,3,5,5,5,4,4,5,4.25,1.3333333333333333,1.5999999999999996,15,16,16,12
"1368LAAU172","Seil","als Armband tragen","1368LAAU172-Seil",1,10,2,2,2,2,2,3,5,1,5,1,4,1,4,3,5,5,5,4,4,5,4.25,1.3333333333333333,1.5999999999999996,15,16,16,12
"1368LAAU172","Seil","als Deko aufhängen","1368LAAU172-Seil",NA,10,3,2,2,2.3333333333333335,2,3,5,1,5,1,4,1,4,3,5,5,5,4,4,5,4.25,1.3333333333333333,1.5999999999999996,15,16,16,12
"1368LAAU172","Seil","als Gürtel benutzen","1368LAAU172-Seil",NA,10,2,2,2,2,2,3,5,1,5,1,4,1,4,3,5,5,5,4,4,5,4.25,1.3333333333333333,1.5999999999999996,15,16,16,12
"1368LAAU172","Seil","als Zopfgummi verwenden","1368LAAU172-Seil",1,10,2,2,2,2,2,3,5,1,5,1,4,1,4,3,5,5,5,4,4,5,4.25,1.3333333333333333,1.5999999999999996,15,16,16,12
"1368LAAU172","Seil","darauf balancieren","1368LAAU172-Seil",NA,10,3,2,1,2,2,3,5,1,5,1,4,1,4,3,5,5,5,4,4,5,4.25,1.3333333333333333,1.5999999999999996,15,16,16,12
"1368LAAU172","Seil","die Taille damit messen","1368LAAU172-Seil",NA,10,4,4,2,3.3333333333333335,2,3,5,1,5,1,4,1,4,3,5,5,5,4,4,5,4.25,1.3333333333333333,1.5999999999999996,15,16,16,12
"1368LAAU172","Seil","eine Falle stellen","1368LAAU172-Seil",NA,10,4,4,2,3.3333333333333335,2,3,5,1,5,1,4,1,4,3,5,5,5,4,4,5,4.25,1.3333333333333333,1.5999999999999996,15,16,16,12
"1368LAAU172","Seil","eine Schleife machen","1368LAAU172-Seil",NA,10,1,2,2,1.6666666666666667,2,3,5,1,5,1,4,1,4,3,5,5,5,4,4,5,4.25,1.3333333333333333,1.5999999999999996,15,16,16,12
"1368LAAU172","Seil","einen Baum entwurzeln","1368LAAU172-Seil",NA,10,4,4,2,3.3333333333333335,2,3,5,1,5,1,4,1,4,3,5,5,5,4,4,5,4.25,1.3333333333333333,1.5999999999999996,15,16,16,12
"1368LAAU172","Seil","flechten","1368LAAU172-Seil",NA,10,4,2,2,2.6666666666666665,2,3,5,1,5,1,4,1,4,3,5,5,5,4,4,5,4.25,1.3333333333333333,1.5999999999999996,15,16,16,12
"1389ELLI173","Büroklammer","als Draht, um Dinge miteinander zu umwickeln","1389ELLI173-Büroklammer",1,5,4,2,2,2.6666666666666665,2,4,5,1,4,1,4,1,2,2,5,5,5,1,4,3,2.75,1.5,2.2,19,18,17,18
"1389ELLI173","Büroklammer","Büroklammerende benutzen, um winzigen Knopf zu drücken","1389ELLI173-Büroklammer",1,5,3,3,3,3,2,4,5,1,4,1,4,1,2,2,5,5,5,1,4,3,2.75,1.5,2.2,19,18,17,18
"1389ELLI173","Büroklammer","umformen zur Haarklammer","1389ELLI173-Büroklammer",1,5,2,1,3,2,2,4,5,1,4,1,4,1,2,2,5,5,5,1,4,3,2.75,1.5,2.2,19,18,17,18
"1389ELLI173","Büroklammer","Wäscheklammer für kleine, leichte Textilien","1389ELLI173-Büroklammer",1,5,3,2,2,2.3333333333333335,2,4,5,1,4,1,4,1,2,2,5,5,5,1,4,3,2.75,1.5,2.2,19,18,17,18
"1389ELLI173","Büroklammer","zum Löten von Platinen, um die einzelnen Elemente elektronisch zu verbinden","1389ELLI173-Büroklammer",NA,5,5,5,4,4.666666666666667,2,4,5,1,4,1,4,1,2,2,5,5,5,1,4,3,2.75,1.5,2.2,19,18,17,18
"1389ELLI173","Mülltüte","in einer sauberen Mülltüte Dinge für den Umzug verstauen","1389ELLI173-Mülltüte",1,4,2,1,2,1.6666666666666667,2,4,5,1,4,1,4,1,2,2,5,5,5,1,4,3,2.75,1.5,2.2,19,18,17,18
"1389ELLI173","Mülltüte","Leute ermorden (ersticken)","1389ELLI173-Mülltüte",NA,4,2,2,2,2,2,4,5,1,4,1,4,1,2,2,5,5,5,1,4,3,2.75,1.5,2.2,19,18,17,18
"1389ELLI173","Mülltüte","Mülltüte als Plane benutzen, um z.b. Dreck im Auto zu vermeiden","1389ELLI173-Mülltüte",1,4,2,2,2,2,2,4,5,1,4,1,4,1,2,2,5,5,5,1,4,3,2.75,1.5,2.2,19,18,17,18
"1389ELLI173","Mülltüte","Sackhüpfen","1389ELLI173-Mülltüte",1,4,3,1,3,2.3333333333333335,2,4,5,1,4,1,4,1,2,2,5,5,5,1,4,3,2.75,1.5,2.2,19,18,17,18
"1389ELLI173","Seil","als Wäscheleine durch den Raum gespannt","1389ELLI173-Seil",1,4,2,3,1,2,2,4,5,1,4,1,4,1,2,2,5,5,5,1,4,3,2.75,1.5,2.2,19,18,17,18
"1389ELLI173","Seil","Dekoartikel (z.b. bunte Seile um einen Blumentopf spannen)","1389ELLI173-Seil",1,4,3,2,3,2.6666666666666665,2,4,5,1,4,1,4,1,2,2,5,5,5,1,4,3,2.75,1.5,2.2,19,18,17,18
"1389ELLI173","Seil","Dosentelefon  - zwei Dosen mit einem Seil verbunden, womit man kommunizieren kann","1389ELLI173-Seil",1,4,4,3,2,3,2,4,5,1,4,1,4,1,2,2,5,5,5,1,4,3,2.75,1.5,2.2,19,18,17,18
"1389ELLI173","Seil","Seil kann in Collagen verarbeiten, um dem Bild eine gewisse Struktur zu geben","1389ELLI173-Seil",NA,4,4,2,3,3,2,4,5,1,4,1,4,1,2,2,5,5,5,1,4,3,2.75,1.5,2.2,19,18,17,18
"1415NEMÄ178","Büroklammer","anklammern ","1415NEMÄ178-Büroklammer",NA,14,1,1,1,1,2,1,2,1,4,3,3,5,3,3,3,4,3,3,4,3,3.25,2.6666666666666665,2.8,14,13,11,7
"1415NEMÄ178","Büroklammer","ansehen","1415NEMÄ178-Büroklammer",NA,14,1,1,1,1,2,1,2,1,4,3,3,5,3,3,3,4,3,3,4,3,3.25,2.6666666666666665,2.8,14,13,11,7
"1415NEMÄ178","Büroklammer","aufmachen","1415NEMÄ178-Büroklammer",NA,14,1,1,1,1,2,1,2,1,4,3,3,5,3,3,3,4,3,3,4,3,3.25,2.6666666666666665,2.8,14,13,11,7
"1415NEMÄ178","Büroklammer","biegen","1415NEMÄ178-Büroklammer",NA,14,1,1,2,1.3333333333333333,2,1,2,1,4,3,3,5,3,3,3,4,3,3,4,3,3.25,2.6666666666666665,2.8,14,13,11,7
"1415NEMÄ178","Büroklammer","brechen ","1415NEMÄ178-Büroklammer",NA,14,3,2,2,2.3333333333333335,2,1,2,1,4,3,3,5,3,3,3,4,3,3,4,3,3.25,2.6666666666666665,2.8,14,13,11,7
"1415NEMÄ178","Büroklammer","kratzen","1415NEMÄ178-Büroklammer",NA,14,2,1,2,1.6666666666666667,2,1,2,1,4,3,3,5,3,3,3,4,3,3,4,3,3.25,2.6666666666666665,2.8,14,13,11,7
"1415NEMÄ178","Büroklammer","langmachen","1415NEMÄ178-Büroklammer",NA,14,3,1,1,1.6666666666666667,2,1,2,1,4,3,3,5,3,3,3,4,3,3,4,3,3.25,2.6666666666666665,2.8,14,13,11,7
"1415NEMÄ178","Büroklammer","malen","1415NEMÄ178-Büroklammer",NA,14,3,2,2,2.3333333333333335,2,1,2,1,4,3,3,5,3,3,3,4,3,3,4,3,3.25,2.6666666666666665,2.8,14,13,11,7
"1415NEMÄ178","Büroklammer","sammeln","1415NEMÄ178-Büroklammer",NA,14,1,1,2,1.3333333333333333,2,1,2,1,4,3,3,5,3,3,3,4,3,3,4,3,3.25,2.6666666666666665,2.8,14,13,11,7
"1415NEMÄ178","Büroklammer","schreiben","1415NEMÄ178-Büroklammer",NA,14,4,2,2,2.6666666666666665,2,1,2,1,4,3,3,5,3,3,3,4,3,3,4,3,3.25,2.6666666666666665,2.8,14,13,11,7
"1415NEMÄ178","Büroklammer","sehen","1415NEMÄ178-Büroklammer",NA,14,1,1,1,1,2,1,2,1,4,3,3,5,3,3,3,4,3,3,4,3,3.25,2.6666666666666665,2.8,14,13,11,7
"1415NEMÄ178","Büroklammer","stechen","1415NEMÄ178-Büroklammer",NA,14,2,2,2,2,2,1,2,1,4,3,3,5,3,3,3,4,3,3,4,3,3.25,2.6666666666666665,2.8,14,13,11,7
"1415NEMÄ178","Büroklammer","verbiegen","1415NEMÄ178-Büroklammer",NA,14,1,1,1,1,2,1,2,1,4,3,3,5,3,3,3,4,3,3,4,3,3.25,2.6666666666666665,2.8,14,13,11,7
"1415NEMÄ178","Büroklammer","zusammen machen","1415NEMÄ178-Büroklammer",NA,14,1,1,1,1,2,1,2,1,4,3,3,5,3,3,3,4,3,3,4,3,3.25,2.6666666666666665,2.8,14,13,11,7
"1415NEMÄ178","Mülltüte","abdecken","1415NEMÄ178-Mülltüte",NA,17,2,1,1,1.3333333333333333,2,1,2,1,4,3,3,5,3,3,3,4,3,3,4,3,3.25,2.6666666666666665,2.8,14,13,11,7
"1415NEMÄ178","Mülltüte","auflegen","1415NEMÄ178-Mülltüte",NA,17,2,1,1,1.3333333333333333,2,1,2,1,4,3,3,5,3,3,3,4,3,3,4,3,3.25,2.6666666666666665,2.8,14,13,11,7
"1415NEMÄ178","Mülltüte","durchblicken","1415NEMÄ178-Mülltüte",NA,17,2,1,2,1.6666666666666667,2,1,2,1,4,3,3,5,3,3,3,4,3,3,4,3,3.25,2.6666666666666665,2.8,14,13,11,7
"1415NEMÄ178","Mülltüte","füllen","1415NEMÄ178-Mülltüte",NA,17,1,1,1,1,2,1,2,1,4,3,3,5,3,3,3,4,3,3,4,3,3.25,2.6666666666666665,2.8,14,13,11,7
"1415NEMÄ178","Mülltüte","glätten","1415NEMÄ178-Mülltüte",NA,17,4,2,2,2.6666666666666665,2,1,2,1,4,3,3,5,3,3,3,4,3,3,4,3,3.25,2.6666666666666665,2.8,14,13,11,7
"1415NEMÄ178","Mülltüte","hinlegen","1415NEMÄ178-Mülltüte",NA,17,1,1,1,1,2,1,2,1,4,3,3,5,3,3,3,4,3,3,4,3,3.25,2.6666666666666665,2.8,14,13,11,7
"1415NEMÄ178","Mülltüte","knautschen","1415NEMÄ178-Mülltüte",NA,17,2,1,2,1.6666666666666667,2,1,2,1,4,3,3,5,3,3,3,4,3,3,4,3,3.25,2.6666666666666665,2.8,14,13,11,7
"1415NEMÄ178","Mülltüte","knistern","1415NEMÄ178-Mülltüte",NA,17,4,2,2,2.6666666666666665,2,1,2,1,4,3,3,5,3,3,3,4,3,3,4,3,3.25,2.6666666666666665,2.8,14,13,11,7
"1415NEMÄ178","Mülltüte","knoten","1415NEMÄ178-Mülltüte",NA,17,3,1,2,2,2,1,2,1,4,3,3,5,3,3,3,4,3,3,4,3,3.25,2.6666666666666665,2.8,14,13,11,7
"1415NEMÄ178","Mülltüte","knubbeln","1415NEMÄ178-Mülltüte",NA,17,3,1,2,2,2,1,2,1,4,3,3,5,3,3,3,4,3,3,4,3,3.25,2.6666666666666665,2.8,14,13,11,7
"1415NEMÄ178","Mülltüte","quetschen","1415NEMÄ178-Mülltüte",NA,17,2,1,2,1.6666666666666667,2,1,2,1,4,3,3,5,3,3,3,4,3,3,4,3,3.25,2.6666666666666665,2.8,14,13,11,7
"1415NEMÄ178","Mülltüte","reinfüllen","1415NEMÄ178-Mülltüte",NA,17,1,1,1,1,2,1,2,1,4,3,3,5,3,3,3,4,3,3,4,3,3.25,2.6666666666666665,2.8,14,13,11,7
"1415NEMÄ178","Mülltüte","reißen ","1415NEMÄ178-Mülltüte",NA,17,1,1,1,1,2,1,2,1,4,3,3,5,3,3,3,4,3,3,4,3,3.25,2.6666666666666665,2.8,14,13,11,7
"1415NEMÄ178","Mülltüte","reißen","1415NEMÄ178-Mülltüte",NA,17,2,1,2,1.6666666666666667,2,1,2,1,4,3,3,5,3,3,3,4,3,3,4,3,3.25,2.6666666666666665,2.8,14,13,11,7
"1415NEMÄ178","Mülltüte","sammeln","1415NEMÄ178-Mülltüte",NA,17,1,1,2,1.3333333333333333,2,1,2,1,4,3,3,5,3,3,3,4,3,3,4,3,3.25,2.6666666666666665,2.8,14,13,11,7
"1415NEMÄ178","Mülltüte","stülpen","1415NEMÄ178-Mülltüte",NA,17,2,1,2,1.6666666666666667,2,1,2,1,4,3,3,5,3,3,3,4,3,3,4,3,3.25,2.6666666666666665,2.8,14,13,11,7
"1415NEMÄ178","Mülltüte","umhängen","1415NEMÄ178-Mülltüte",NA,17,2,2,1,1.6666666666666667,2,1,2,1,4,3,3,5,3,3,3,4,3,3,4,3,3.25,2.6666666666666665,2.8,14,13,11,7
"1415NEMÄ178","Seil","aufhängen","1415NEMÄ178-Seil",NA,14,2,1,1,1.3333333333333333,2,1,2,1,4,3,3,5,3,3,3,4,3,3,4,3,3.25,2.6666666666666665,2.8,14,13,11,7
"1415NEMÄ178","Seil","binden","1415NEMÄ178-Seil",NA,14,1,1,1,1,2,1,2,1,4,3,3,5,3,3,3,4,3,3,4,3,3.25,2.6666666666666665,2.8,14,13,11,7
"1415NEMÄ178","Seil","herunterhängen ","1415NEMÄ178-Seil",NA,14,1,1,1,1,2,1,2,1,4,3,3,5,3,3,3,4,3,3,4,3,3.25,2.6666666666666665,2.8,14,13,11,7
"1415NEMÄ178","Seil","hinlegen","1415NEMÄ178-Seil",NA,14,1,1,1,1,2,1,2,1,4,3,3,5,3,3,3,4,3,3,4,3,3.25,2.6666666666666665,2.8,14,13,11,7
"1415NEMÄ178","Seil","klettern","1415NEMÄ178-Seil",NA,14,2,1,1,1.3333333333333333,2,1,2,1,4,3,3,5,3,3,3,4,3,3,4,3,3.25,2.6666666666666665,2.8,14,13,11,7
"1415NEMÄ178","Seil","knoten","1415NEMÄ178-Seil",NA,14,1,1,1,1,2,1,2,1,4,3,3,5,3,3,3,4,3,3,4,3,3.25,2.6666666666666665,2.8,14,13,11,7
"1415NEMÄ178","Seil","kringeln","1415NEMÄ178-Seil",NA,14,2,2,2,2,2,1,2,1,4,3,3,5,3,3,3,4,3,3,4,3,3.25,2.6666666666666665,2.8,14,13,11,7
"1415NEMÄ178","Seil","loslassen","1415NEMÄ178-Seil",NA,14,2,1,1,1.3333333333333333,2,1,2,1,4,3,3,5,3,3,3,4,3,3,4,3,3.25,2.6666666666666665,2.8,14,13,11,7
"1415NEMÄ178","Seil","rollen","1415NEMÄ178-Seil",NA,14,2,2,1,1.6666666666666667,2,1,2,1,4,3,3,5,3,3,3,4,3,3,4,3,3.25,2.6666666666666665,2.8,14,13,11,7
"1415NEMÄ178","Seil","schlagen","1415NEMÄ178-Seil",NA,14,4,1,1,2,2,1,2,1,4,3,3,5,3,3,3,4,3,3,4,3,3.25,2.6666666666666665,2.8,14,13,11,7
"1415NEMÄ178","Seil","schmeißen","1415NEMÄ178-Seil",NA,14,1,2,2,1.6666666666666667,2,1,2,1,4,3,3,5,3,3,3,4,3,3,4,3,3.25,2.6666666666666665,2.8,14,13,11,7
"1415NEMÄ178","Seil","schnüren ","1415NEMÄ178-Seil",NA,14,2,1,2,1.6666666666666667,2,1,2,1,4,3,3,5,3,3,3,4,3,3,4,3,3.25,2.6666666666666665,2.8,14,13,11,7
"1415NEMÄ178","Seil","umbinden","1415NEMÄ178-Seil",NA,14,2,1,2,1.6666666666666667,2,1,2,1,4,3,3,5,3,3,3,4,3,3,4,3,3.25,2.6666666666666665,2.8,14,13,11,7
"1415NEMÄ178","Seil","ziehen","1415NEMÄ178-Seil",NA,14,2,1,1,1.3333333333333333,2,1,2,1,4,3,3,5,3,3,3,4,3,3,4,3,3.25,2.6666666666666665,2.8,14,13,11,7
"1417nama152","Büroklammer","als Haarklammer benutzen ","1417nama152-Büroklammer",1,10,2,1,3,2,2,4,5,1,3,4,1,4,3,4,4,5,4,5,2,4,4.5,2.8333333333333335,3.2,11,10,13,10
"1417nama152","Büroklammer","als Schmuck ","1417nama152-Büroklammer",NA,10,2,1,2,1.6666666666666667,2,4,5,1,3,4,1,4,3,4,4,5,4,5,2,4,4.5,2.8333333333333335,3.2,11,10,13,10
"1417nama152","Büroklammer","aus Langeweile verbiegen ","1417nama152-Büroklammer",NA,10,1,1,2,1.3333333333333333,2,4,5,1,3,4,1,4,3,4,4,5,4,5,2,4,4.5,2.8333333333333335,3.2,11,10,13,10
"1417nama152","Büroklammer","Fingernägel sauber machen ","1417nama152-Büroklammer",1,10,3,2,3,2.6666666666666665,2,4,5,1,3,4,1,4,3,4,4,5,4,5,2,4,4.5,2.8333333333333335,3.2,11,10,13,10
"1417nama152","Büroklammer","Halterung wenn ein Träger kaputt ist ","1417nama152-Büroklammer",NA,10,3,2,2,2.3333333333333335,2,4,5,1,3,4,1,4,3,4,4,5,4,5,2,4,4.5,2.8333333333333335,3.2,11,10,13,10
"1417nama152","Büroklammer","Leute abwerfen ","1417nama152-Büroklammer",NA,10,2,2,2,2,2,4,5,1,3,4,1,4,3,4,4,5,4,5,2,4,4.5,2.8333333333333335,3.2,11,10,13,10
"1417nama152","Büroklammer","Tastatur sauber machen ","1417nama152-Büroklammer",NA,10,3,2,3,2.6666666666666665,2,4,5,1,3,4,1,4,3,4,4,5,4,5,2,4,4.5,2.8333333333333335,3.2,11,10,13,10
"1417nama152","Büroklammer","um Sachen aus kleinen Rillen zu bekommen ","1417nama152-Büroklammer",NA,10,3,2,3,2.6666666666666665,2,4,5,1,3,4,1,4,3,4,4,5,4,5,2,4,4.5,2.8333333333333335,3.2,11,10,13,10
"1417nama152","Büroklammer","um Schmuck zu reparieren","1417nama152-Büroklammer",NA,10,3,3,3,3,2,4,5,1,3,4,1,4,3,4,4,5,4,5,2,4,4.5,2.8333333333333335,3.2,11,10,13,10
"1417nama152","Büroklammer","was basteln und als Deko benutzen ","1417nama152-Büroklammer",NA,10,2,1,2,1.6666666666666667,2,4,5,1,3,4,1,4,3,4,4,5,4,5,2,4,4.5,2.8333333333333335,3.2,11,10,13,10
"1417nama152","Mülltüte","als Deko verwenden ","1417nama152-Mülltüte",NA,8,2,2,2,2,2,4,5,1,3,4,1,4,3,4,4,5,4,5,2,4,4.5,2.8333333333333335,3.2,11,10,13,10
"1417nama152","Mülltüte","aufpusten und platzen lassen ","1417nama152-Mülltüte",NA,8,4,3,3,3.3333333333333335,2,4,5,1,3,4,1,4,3,4,4,5,4,5,2,4,4.5,2.8333333333333335,3.2,11,10,13,10
"1417nama152","Mülltüte","dreckige Wäsche sammeln ","1417nama152-Mülltüte",NA,8,2,1,2,1.6666666666666667,2,4,5,1,3,4,1,4,3,4,4,5,4,5,2,4,4.5,2.8333333333333335,3.2,11,10,13,10
"1417nama152","Mülltüte","Maske basteln ","1417nama152-Mülltüte",NA,8,4,2,2,2.6666666666666665,2,4,5,1,3,4,1,4,3,4,4,5,4,5,2,4,4.5,2.8333333333333335,3.2,11,10,13,10
"1417nama152","Mülltüte","Möbel abdecken ","1417nama152-Mülltüte",NA,8,3,1,2,2,2,4,5,1,3,4,1,4,3,4,4,5,4,5,2,4,4.5,2.8333333333333335,3.2,11,10,13,10
"1417nama152","Mülltüte","Staub wischen ","1417nama152-Mülltüte",NA,8,3,3,2,2.6666666666666665,2,4,5,1,3,4,1,4,3,4,4,5,4,5,2,4,4.5,2.8333333333333335,3.2,11,10,13,10
"1417nama152","Mülltüte","über den Kopf ziehen ","1417nama152-Mülltüte",NA,8,2,2,2,2,2,4,5,1,3,4,1,4,3,4,4,5,4,5,2,4,4.5,2.8333333333333335,3.2,11,10,13,10
"1417nama152","Mülltüte","Wasserbomben bauen ","1417nama152-Mülltüte",1,8,5,3,3,3.6666666666666665,2,4,5,1,3,4,1,4,3,4,4,5,4,5,2,4,4.5,2.8333333333333335,3.2,11,10,13,10
"1417nama152","Seil","als Leine benutzen ","1417nama152-Seil",NA,10,1,1,2,1.3333333333333333,2,4,5,1,3,4,1,4,3,4,4,5,4,5,2,4,4.5,2.8333333333333335,3.2,11,10,13,10
"1417nama152","Seil","als Schal benutzen ","1417nama152-Seil",NA,10,4,2,2,2.6666666666666665,2,4,5,1,3,4,1,4,3,4,4,5,4,5,2,4,4.5,2.8333333333333335,3.2,11,10,13,10
"1417nama152","Seil","andere damit einfangen ","1417nama152-Seil",NA,10,4,1,1,2,2,4,5,1,3,4,1,4,3,4,4,5,4,5,2,4,4.5,2.8333333333333335,3.2,11,10,13,10
"1417nama152","Seil","die Wohnung dekorieren ","1417nama152-Seil",NA,10,3,2,2,2.3333333333333335,2,4,5,1,3,4,1,4,3,4,4,5,4,5,2,4,4.5,2.8333333333333335,3.2,11,10,13,10
"1417nama152","Seil","eine Falle bauen","1417nama152-Seil",NA,10,3,4,2,3,2,4,5,1,3,4,1,4,3,4,4,5,4,5,2,4,4.5,2.8333333333333335,3.2,11,10,13,10
"1417nama152","Seil","einen Kopfschmuck basteln","1417nama152-Seil",1,10,3,2,3,2.6666666666666665,2,4,5,1,3,4,1,4,3,4,4,5,4,5,2,4,4.5,2.8333333333333335,3.2,11,10,13,10
"1417nama152","Seil","seine Haare zusammenbinden ","1417nama152-Seil",NA,10,2,2,2,2,2,4,5,1,3,4,1,4,3,4,4,5,4,5,2,4,4.5,2.8333333333333335,3.2,11,10,13,10
"1417nama152","Seil","sich damit erhängen","1417nama152-Seil",NA,10,3,2,2,2.3333333333333335,2,4,5,1,3,4,1,4,3,4,4,5,4,5,2,4,4.5,2.8333333333333335,3.2,11,10,13,10
"1417nama152","Seil","sich damit kratzen","1417nama152-Seil",NA,10,4,2,3,3,2,4,5,1,3,4,1,4,3,4,4,5,4,5,2,4,4.5,2.8333333333333335,3.2,11,10,13,10
"1417nama152","Seil","sich damit Wunden abbinden ","1417nama152-Seil",NA,10,4,4,3,3.6666666666666665,2,4,5,1,3,4,1,4,3,4,4,5,4,5,2,4,4.5,2.8333333333333335,3.2,11,10,13,10
"1433LAJU172","Büroklammer","basteln","1433LAJU172-Büroklammer",NA,5,2,1,2,1.6666666666666667,2,1,4,4,5,1,4,2,3,2,4,3,4,1,2,3,2.25,2,2.4,18,9,11,8
"1433LAJU172","Büroklammer","Haarschmuck","1433LAJU172-Büroklammer",1,5,2,1,3,2,2,1,4,4,5,1,4,2,3,2,4,3,4,1,2,3,2.25,2,2.4,18,9,11,8
"1433LAJU172","Büroklammer","Ohrring","1433LAJU172-Büroklammer",1,5,2,1,2,1.6666666666666667,2,1,4,4,5,1,4,2,3,2,4,3,4,1,2,3,2.25,2,2.4,18,9,11,8
"1433LAJU172","Büroklammer","Zahnstocher","1433LAJU172-Büroklammer",1,5,3,2,3,2.6666666666666665,2,1,4,4,5,1,4,2,3,2,4,3,4,1,2,3,2.25,2,2.4,18,9,11,8
"1433LAJU172","Büroklammer","zum Gestalten von Kunst (z.B. mit Ton)","1433LAJU172-Büroklammer",NA,5,3,2,3,2.6666666666666665,2,1,4,4,5,1,4,2,3,2,4,3,4,1,2,3,2.25,2,2.4,18,9,11,8
"1433LAJU172","Mülltüte","Blumentopf","1433LAJU172-Mülltüte",1,6,4,3,3,3.3333333333333335,2,1,4,4,5,1,4,2,3,2,4,3,4,1,2,3,2.25,2,2.4,18,9,11,8
"1433LAJU172","Mülltüte","einen Drachen basteln","1433LAJU172-Mülltüte",NA,6,5,3,3,3.6666666666666665,2,1,4,4,5,1,4,2,3,2,4,3,4,1,2,3,2.25,2,2.4,18,9,11,8
"1433LAJU172","Mülltüte","Kopfschmuck","1433LAJU172-Mülltüte",1,6,3,2,2,2.3333333333333335,2,1,4,4,5,1,4,2,3,2,4,3,4,1,2,3,2.25,2,2.4,18,9,11,8
"1433LAJU172","Mülltüte","Pantoffel","1433LAJU172-Mülltüte",NA,6,4,3,2,3,2,1,4,4,5,1,4,2,3,2,4,3,4,1,2,3,2.25,2,2.4,18,9,11,8
"1433LAJU172","Mülltüte","Regenschirm","1433LAJU172-Mülltüte",1,6,3,1,2,2,2,1,4,4,5,1,4,2,3,2,4,3,4,1,2,3,2.25,2,2.4,18,9,11,8
"1433LAJU172","Mülltüte","Schlitten","1433LAJU172-Mülltüte",NA,6,4,2,3,3,2,1,4,4,5,1,4,2,3,2,4,3,4,1,2,3,2.25,2,2.4,18,9,11,8
"1433LAJU172","Seil","als Kissen","1433LAJU172-Seil",NA,5,4,3,3,3.3333333333333335,2,1,4,4,5,1,4,2,3,2,4,3,4,1,2,3,2.25,2,2.4,18,9,11,8
"1433LAJU172","Seil","als Kleidung den Körper umwickeln","1433LAJU172-Seil",NA,5,4,3,2,3,2,1,4,4,5,1,4,2,3,2,4,3,4,1,2,3,2.25,2,2.4,18,9,11,8
"1433LAJU172","Seil","als Schmuck","1433LAJU172-Seil",NA,5,2,2,2,2,2,1,4,4,5,1,4,2,3,2,4,3,4,1,2,3,2.25,2,2.4,18,9,11,8
"1433LAJU172","Seil","Dekoration","1433LAJU172-Seil",NA,5,2,2,2,2,2,1,4,4,5,1,4,2,3,2,4,3,4,1,2,3,2.25,2,2.4,18,9,11,8
"1433LAJU172","Seil","schaukeln","1433LAJU172-Seil",NA,5,2,2,2,2,2,1,4,4,5,1,4,2,3,2,4,3,4,1,2,3,2.25,2,2.4,18,9,11,8
"1435TEMÄ180","Büroklammer","Ballons platzen lassen","1435TEMÄ180-Büroklammer",NA,2,2,2,3,2.3333333333333335,2,3,5,1,5,1,3,1,4,2,5,3,5,2,5,5,3,1.3333333333333333,1.5999999999999996,18,10,15,14
"1435TEMÄ180","Büroklammer","Zahnstocher","1435TEMÄ180-Büroklammer",1,2,3,2,3,2.6666666666666665,2,3,5,1,5,1,3,1,4,2,5,3,5,2,5,5,3,1.3333333333333333,1.5999999999999996,18,10,15,14
"1435TEMÄ180","Mülltüte","Basketballkorb","1435TEMÄ180-Mülltüte",1,6,5,4,3,4,2,3,5,1,5,1,3,1,4,2,5,3,5,2,5,5,3,1.3333333333333333,1.5999999999999996,18,10,15,14
"1435TEMÄ180","Mülltüte","Brottüte","1435TEMÄ180-Mülltüte",1,6,2,2,2,2,2,3,5,1,5,1,3,1,4,2,5,3,5,2,5,5,3,1.3333333333333333,1.5999999999999996,18,10,15,14
"1435TEMÄ180","Mülltüte","Handtasche","1435TEMÄ180-Mülltüte",1,6,3,1,2,2,2,3,5,1,5,1,3,1,4,2,5,3,5,2,5,5,3,1.3333333333333333,1.5999999999999996,18,10,15,14
"1435TEMÄ180","Mülltüte","Hut","1435TEMÄ180-Mülltüte",NA,6,3,2,2,2.3333333333333335,2,3,5,1,5,1,3,1,4,2,5,3,5,2,5,5,3,1.3333333333333333,1.5999999999999996,18,10,15,14
"1435TEMÄ180","Mülltüte","Kondom","1435TEMÄ180-Mülltüte",NA,6,4,5,3,4,2,3,5,1,5,1,3,1,4,2,5,3,5,2,5,5,3,1.3333333333333333,1.5999999999999996,18,10,15,14
"1435TEMÄ180","Mülltüte","Luftballon","1435TEMÄ180-Mülltüte",1,6,4,3,3,3.3333333333333335,2,3,5,1,5,1,3,1,4,2,5,3,5,2,5,5,3,1.3333333333333333,1.5999999999999996,18,10,15,14
"1435TEMÄ180","Seil","essen","1435TEMÄ180-Seil",NA,2,3,1,2,2,2,3,5,1,5,1,3,1,4,2,5,3,5,2,5,5,3,1.3333333333333333,1.5999999999999996,18,10,15,14
"1435TEMÄ180","Seil","Gürtel für die Hose","1435TEMÄ180-Seil",NA,2,2,2,1,1.6666666666666667,2,3,5,1,5,1,3,1,4,2,5,3,5,2,5,5,3,1.3333333333333333,1.5999999999999996,18,10,15,14
"1442NAMÄ165","Büroklammer","als Brosche ","1442NAMÄ165-Büroklammer",NA,5,3,1,3,2.3333333333333335,2,3,5,2,5,3,3,3,3,3,4,4,4,4,4,3,3.5,2.5,2,21,4,16,12
"1442NAMÄ165","Büroklammer","als Glücksbringer immer bei sich tragen","1442NAMÄ165-Büroklammer",1,5,3,3,2,2.6666666666666665,2,3,5,2,5,3,3,3,3,3,4,4,4,4,4,3,3.5,2.5,2,21,4,16,12
"1442NAMÄ165","Büroklammer","als Haarspange","1442NAMÄ165-Büroklammer",1,5,2,2,3,2.3333333333333335,2,3,5,2,5,3,3,3,3,3,4,4,4,4,4,3,3.5,2.5,2,21,4,16,12
"1442NAMÄ165","Büroklammer","Piercing/Ohrring","1442NAMÄ165-Büroklammer",1,5,2,1,2,1.6666666666666667,2,3,5,2,5,3,3,3,3,3,4,4,4,4,4,3,3.5,2.5,2,21,4,16,12
"1442NAMÄ165","Büroklammer","Zahnzwischenräume reinigen","1442NAMÄ165-Büroklammer",1,5,3,2,3,2.6666666666666665,2,3,5,2,5,3,3,3,3,3,4,4,4,4,4,3,3.5,2.5,2,21,4,16,12
"1442NAMÄ165","Mülltüte","als Mütze","1442NAMÄ165-Mülltüte",NA,7,3,2,2,2.3333333333333335,2,3,5,2,5,3,3,3,3,3,4,4,4,4,4,3,3.5,2.5,2,21,4,16,12
"1442NAMÄ165","Mülltüte","als Versteck für geheime Sachen","1442NAMÄ165-Mülltüte",NA,7,2,2,2,2,2,3,5,2,5,3,3,3,3,3,4,4,4,4,4,3,3.5,2.5,2,21,4,16,12
"1442NAMÄ165","Mülltüte","Kopf verdecken, wenn man sich unattraktiv fühlt","1442NAMÄ165-Mülltüte",NA,7,4,4,2,3.3333333333333335,2,3,5,2,5,3,3,3,3,3,4,4,4,4,4,3,3.5,2.5,2,21,4,16,12
"1442NAMÄ165","Mülltüte","Musikinstrument","1442NAMÄ165-Mülltüte",1,7,4,4,3,3.6666666666666665,2,3,5,2,5,3,3,3,3,3,4,4,4,4,4,3,3.5,2.5,2,21,4,16,12
"1442NAMÄ165","Mülltüte","Regenwasser auffangen","1442NAMÄ165-Mülltüte",1,7,4,2,2,2.6666666666666665,2,3,5,2,5,3,3,3,3,3,4,4,4,4,4,3,3.5,2.5,2,21,4,16,12
"1442NAMÄ165","Mülltüte","Windstärke testen","1442NAMÄ165-Mülltüte",1,7,4,4,3,3.6666666666666665,2,3,5,2,5,3,3,3,3,3,4,4,4,4,4,3,3.5,2.5,2,21,4,16,12
"1442NAMÄ165","Mülltüte","zum Putzen","1442NAMÄ165-Mülltüte",NA,7,3,3,2,2.6666666666666665,2,3,5,2,5,3,3,3,3,3,4,4,4,4,4,3,3.5,2.5,2,21,4,16,12
"1442NAMÄ165","Seil","als Gürtel","1442NAMÄ165-Seil",NA,6,2,2,1,1.6666666666666667,2,3,5,2,5,3,3,3,3,3,4,4,4,4,4,3,3.5,2.5,2,21,4,16,12
"1442NAMÄ165","Seil","als Lasso","1442NAMÄ165-Seil",NA,6,4,1,1,2,2,3,5,2,5,3,3,3,3,3,4,4,4,4,4,3,3.5,2.5,2,21,4,16,12
"1442NAMÄ165","Seil","als Liane zum Schwingen","1442NAMÄ165-Seil",NA,6,5,2,2,3,2,3,5,2,5,3,3,3,3,3,4,4,4,4,4,3,3.5,2.5,2,21,4,16,12
"1442NAMÄ165","Seil","als Verteidigungsmittel","1442NAMÄ165-Seil",1,6,4,3,3,3.3333333333333335,2,3,5,2,5,3,3,3,3,3,4,4,4,4,4,3,3.5,2.5,2,21,4,16,12
"1442NAMÄ165","Seil","Grenze erstellen","1442NAMÄ165-Seil",NA,6,3,2,2,2.3333333333333335,2,3,5,2,5,3,3,3,3,3,4,4,4,4,4,3,3.5,2.5,2,21,4,16,12
"1442NAMÄ165","Seil","zum Klettern","1442NAMÄ165-Seil",NA,6,2,1,1,1.3333333333333333,2,3,5,2,5,3,3,3,3,3,4,4,4,4,4,3,3.5,2.5,2,21,4,16,12
"1445GAMA175","Büroklammer","als Armband","1445GAMA175-Büroklammer",1,7,2,1,2,1.6666666666666667,2,1,3,3,5,3,3,1,3,5,1,4,5,3,3,3,3.75,2.3333333333333335,2.6,11,11,14,13
