"ID","prompt","response","set","lab","rater1","rater2","rater3","RAPM-Gf","BFI-Extraversion","BFI-Agreeableness","BFI-Consciousness","BFI-Openness","BFI-Neuroticism"
1,"картонная коробка","Сделать из коробки тумбу с ящиками",22,13,2,2,2,8,28,19,24,39,34
2,"картонная коробка","Сделать полноценный жилой дом",22,13,1,2,1,8,28,19,24,39,34
3,"картонная коробка","Раскрасить и расклеить вместо обоев",22,13,2,2,2,8,28,19,24,39,34
4,"картонная коробка","Использовать в качестве декора",22,13,2,2,2,8,28,19,24,39,34
5,"картонная коробка","Изготовление блокнотов",22,13,3,2,2,8,28,19,24,39,34
6,"картонная коробка","Домик для детей",22,13,1,1,1,8,28,19,24,39,34
7,"картонная коробка","Сделать крылья",22,13,2,3,2,8,28,19,24,39,34
8,"картонная коробка","Склеить из маленьких коробок одну большую",22,13,1,2,1,8,28,19,24,39,34
9,"картонная коробка","Использовать материал для изготовления масок",22,13,2,2,2,8,28,19,24,39,34
10,"картонная коробка","Использовать в качестве холста",22,13,1,1,2,8,28,19,24,39,34
11,"картонная коробка","Вырезать фигурки из коробок разных цветов, делая картину",22,13,2,2,2,8,28,19,24,39,34
12,"картонная коробка","Вырезать различные декорации и инвентарь",22,13,2,2,2,8,28,19,24,39,34
13,"картонная коробка","Вырезать тонкие полосочки и повесить их вместо занавесок",22,13,4,4,3,8,28,19,24,39,34
14,"картонная коробка","Сделать шляпу",22,13,2,3,3,8,28,19,24,39,34
15,"картонная коробка","Использовать их в качестве стаканчиков для воды",22,13,3,3,2,8,28,19,24,39,34
16,"картонная коробка","Картон - прекрасные пробники для акварели и акрила",22,13,3,2,2,8,28,19,24,39,34
17,"картонная коробка","Использовать их как основу для изделий",22,13,1,1,2,8,28,19,24,39,34
18,"картонная коробка","Подставка для пишущих принадлежностей",22,13,2,3,2,13,36,31,30,36,26
19,"картонная коробка","Ловушки для воров (если они разбросаны по помещению)",22,13,4,4,4,13,36,31,30,36,26
20,"картонная коробка","Часть коробки - толстая обложка для блокнота (самодельного)",22,13,3,2,2,13,36,31,30,36,26
21,"картонная коробка","Модели зданий для архитекторов",22,13,3,3,2,13,36,31,30,36,26
22,"картонная коробка","Модели роботов",22,13,3,3,2,13,36,31,30,36,26
23,"картонная коробка","Домик для кошки (из нескольких)",22,13,1,1,1,13,36,31,30,36,26
24,"картонная коробка","Ёмкость для сбора макулатуры",22,13,1,2,2,13,36,31,30,36,26
25,"картонная коробка","Горшок для рассады (временный)",22,13,1,3,3,13,36,31,30,36,26
26,"картонная коробка","Кашпо для цветов на даче (если красивая и небольшая коробка)",22,13,1,2,2,13,36,31,30,36,26
27,"картонная коробка","Корзина для ягод/грибов",22,13,2,2,1,13,36,31,30,36,26
28,"картонная коробка","Ящик для журналов и прочих безделушек",22,13,1,1,1,13,36,31,30,36,26
29,"картонная коробка","Шкаф для книг (из нескольких коробок)",22,13,2,3,2,13,36,31,30,36,26
30,"картонная коробка","Штаб для игры в войну (большие коробки + другие материалы)",22,13,2,3,2,13,36,31,30,36,26
31,"картонная коробка","Домик для кота",22,13,1,1,1,9,39,31,34,32,28
32,"картонная коробка","Сделать два выреза, один под размер телефона, а другой под размер головы (мини кинотеатр)",22,13,4,3,4,9,39,31,34,32,28
33,"картонная коробка","Сделать из них обои и разрисовать их",22,13,2,2,2,9,39,31,34,32,28
34,"картонная коробка","Детские игрушки",22,13,2,2,2,9,39,31,34,32,28
35,"картонная коробка","Значки разных ферм",22,13,1,2,1,9,39,31,34,32,28
36,"картонная коробка","Подставка для ботинок в прихожей",22,13,3,3,2,9,39,31,34,32,28
37,"картонная коробка","Обложка для тетради",22,13,3,2,2,9,39,31,34,32,28
38,"картонная коробка","Повесить как шторы",22,13,4,4,3,9,39,31,34,32,28
39,"картонная коробка","Шляпа от солнца",22,13,3,3,3,9,39,31,34,32,28
40,"картонная коробка","Зонт",22,13,3,3,2,9,39,31,34,32,28
41,"картонная коробка","Сделать пенал",22,13,2,3,2,9,39,31,34,32,28
42,"картонная коробка","Часы (солнечные)",22,13,3,5,3,9,39,31,34,32,28
43,"картонная коробка","Дом для кота",22,13,1,1,1,13,23,25,23,29,23
44,"картонная коробка","Санки",22,13,2,2,3,13,23,25,23,29,23
45,"картонная коробка","Машина",22,13,2,2,1,13,23,25,23,29,23
46,"картонная коробка","Ракета",22,13,2,2,2,13,23,25,23,29,23
47,"картонная коробка","Замок",22,13,1,2,1,13,23,25,23,29,23
48,"картонная коробка","Звёздное небо (проколоть дырки)",22,13,1,5,5,13,23,25,23,29,23
49,"картонная коробка","Костюм ""Кубик Рубика""",22,13,4,3,2,13,23,25,23,29,23
50,"картонная коробка","Лабиринт",22,13,3,3,2,13,23,25,23,29,23
51,"картонная коробка","Бумага для рисования",22,13,1,1,2,13,23,25,23,29,23
52,"картонная коробка","Корзина",22,13,1,2,1,13,23,25,23,29,23
53,"картонная коробка","Воздушный шар",22,13,2,3,1,13,23,25,23,29,23
54,"картонная коробка","Самолёт",22,13,2,2,2,13,23,25,23,29,23
55,"картонная коробка","Зона уединения",22,13,3,3,1,13,23,25,23,29,23
56,"картонная коробка","Место для ""пряток""",22,13,3,2,2,13,23,25,23,29,23
57,"картонная коробка","Забор (граница)",22,13,2,2,3,13,23,25,23,29,23
58,"картонная коробка","Тайник (маленькая коробка)",22,13,4,2,2,13,23,25,23,29,23
59,"картонная коробка","Вырезать отверстия глаз и получишь шлем из коробки",22,13,2,2,2,10,31,29,39,31,25
60,"картонная коробка","Отдать коробку домашнему животному, чтобы он там спал",22,13,1,1,1,10,31,29,39,31,25
61,"картонная коробка","Разрезать на картонные листы, на которых можно писать и рисовать",22,13,1,1,2,10,31,29,39,31,25
62,"картонная коробка","Отдать на переработку",22,13,1,1,1,10,31,29,39,31,25
63,"картонная коробка","Большую коробку использовать в качестве крепости",22,13,1,1,1,10,31,29,39,31,25
64,"картонная коробка","Построить гору из коробок под окном, чтобы было легче прыгать",22,13,2,4,3,10,31,29,39,31,25
65,"картонная коробка","Сделать домик для кота или собаки",22,13,1,1,1,10,22,39,39,21,37
66,"картонная коробка","Использовать как цветочный горшок",22,13,1,2,3,10,22,39,39,21,37
67,"картонная коробка","Крепость из коробок для детей",22,13,1,2,1,10,22,39,39,21,37
68,"картонная коробка","Скворечник (кормушка) для птиц",22,13,3,4,3,10,22,39,39,21,37
69,"картонная коробка","Использовать для постройки декораций, перекрашивая и разрезая на детали. Можно использовать в театрах и на киностудиях с маленьким бюджетом",22,13,2,3,2,12,23,37,31,28,22
70,"картонная коробка","Использовать коробки как дома для животных. Большие коробки могут стать будками для собак, а маленькие для домашних котов",22,13,1,1,1,12,23,37,31,28,22
71,"картонная коробка","Коробки можно использовать как шумоизоляцию",22,13,3,3,3,12,23,37,31,28,22
72,"картонная коробка","Коробки можно сжигать, используя огонь для сжигания мусора",22,13,3,3,1,12,23,37,31,28,22
73,"картонная коробка","Сделать из коробок мусоросжигатель, обклеив их теплоотталкивающими материалами",22,13,3,2,3,11,25,22,18,31,33
74,"картонная коробка","Сделать из коробок огромный тетрис и за определённое количество очков дарить коробку",22,13,4,4,5,11,25,22,18,31,33
75,"картонная коробка","Можно сделать огромное сито для большого количества воды",22,13,3,5,3,11,25,22,18,31,33
76,"картонная коробка","Можно сделать тесты, закрасив коробки в цвета и нарисовав другие цвета на них",22,13,2,2,3,11,25,22,18,31,33
77,"картонная коробка","Использовать в качестве щита при игре",22,13,2,3,2,16,27,28,31,32,32
78,"картонная коробка","В качестве игрушечного домика",22,13,1,1,2,16,27,28,31,32,32
79,"картонная коробка","В качестве реального жилища",22,13,1,1,1,16,27,28,31,32,32
80,"картонная коробка","Как объект вымещения агрессивных чувств",22,13,4,5,4,16,27,28,31,32,32
81,"картонная коробка","Для создания поделок",22,13,2,2,2,16,27,28,31,32,32
82,"картонная коробка","Как шлем",22,13,2,2,2,16,27,28,31,32,32
83,"картонная коробка","Как одежду",22,13,2,2,2,16,27,28,31,32,32
84,"картонная коробка","Как корпус для компьютера",22,13,3,3,3,16,27,28,31,32,32
85,"картонная коробка","Сделать конфетти",22,13,4,3,2,16,27,28,31,32,32
86,"картонная коробка","Для отопления сжигать",22,13,2,3,2,16,27,28,31,32,32
87,"картонная коробка","Домик для кота",22,13,1,1,1,11,30,25,28,25,35
88,"картонная коробка","Строительство замка из коробок",22,13,1,1,1,11,30,25,28,25,35
89,"картонная коробка","Домик для себя из коробки (большой)",22,13,1,1,1,11,30,25,28,25,35
90,"картонная коробка","Использовать как горшок для цветов (временный)",22,13,1,2,3,11,30,25,28,25,35
91,"картонная коробка","Использовать коробку как столик (подставку) для ноутбука, немного изменив её",22,13,3,3,2,11,30,25,28,25,35
92,"картонная коробка","Сделать место, куда можно поставить цветы",22,13,1,2,2,11,30,25,28,25,35
93,"картонная коробка","Из коробок можно построить огромный замок для себя и кота, если его раскрасить, будет как настоящий",22,13,1,2,1,10,36,31,33,39,18
94,"картонная коробка","Из разрезанной большой коробки можно сделать кукольный шоурум",22,13,3,3,3,10,36,31,33,39,18
95,"картонная коробка","Костюм на Хэллоуин, костюм инопланетного разума, надев несколько коробок и обернув в фольгу",22,13,3,3,2,10,36,31,33,39,18
96,"картонная коробка","Если коробка плотная, можно сделать игрушечную машинку при помощи ещё двух банок",22,13,2,3,2,10,36,31,33,39,18
97,"картонная коробка","Если вырезать дырку размером с планшет/телефон, сделав дырки для колонок и шеи, можно сделать кинотеатр",22,13,4,3,4,10,36,31,33,39,18
98,"картонная коробка","Виртуальная реальность",22,13,1,1,4,10,36,31,33,39,18
99,"картонная коробка","Их можно использовать как ящики для хранения",22,13,1,1,1,15,40,34,25,38,31
100,"картонная коробка","Обклеив их подарочной бумагой, разными украшениями, сделав крышки, получатся красивые коробки для разных подарков",22,13,3,3,1,15,40,34,25,38,31
101,"картонная коробка","Из них можно сделать органайзер",22,13,3,2,2,15,40,34,25,38,31
102,"картонная коробка","Из коробок часто можно сделать какие-то детали для костюма на Хэллоуин",22,13,3,2,1,15,40,34,25,38,31
103,"картонная коробка","Из них можно сделать макеты города, а также каких-то отдельных детализированных зданий",22,13,3,2,2,15,40,34,25,38,31
104,"картонная коробка","Макеты ракет, космических спутников и станций",22,13,3,3,2,15,40,34,25,38,31
105,"картонная коробка","Можно сделать переносные столы для пикника",22,13,3,4,2,15,40,34,25,38,31
106,"картонная коробка","Дневники для записей",22,13,3,2,2,15,40,34,25,38,31
107,"картонная коробка","Игрушки",22,13,2,2,2,15,40,34,25,38,31
108,"картонная коробка","Создание игрушечной мебели для детей",22,13,2,2,2,12,26,41,30,36,29
109,"картонная коробка","Отдать их бездомным",22,13,3,2,1,12,26,41,30,36,29
110,"картонная коробка","Создать для них прототип самолёта/машины",22,13,2,2,2,12,26,41,30,36,29
111,"картонная коробка","Построить крепость/домик",22,13,1,1,1,12,26,41,30,36,29
112,"картонная коробка","Переработать и издать книгу: ""Как использовать пустые картонные коробки""",22,13,5,3,2,12,26,41,30,36,29
113,"картонная коробка","Создать из них картинную галерею (нарисовать на них что-нибудь)",22,13,3,2,2,12,26,41,30,36,29
114,"картонная коробка","Использовать как удобрение для растений",22,13,4,3,2,12,26,41,30,36,29
115,"картонная коробка","Построить лестницу и прыгать с неё вниз",22,13,2,2,1,8,32,42,31,29,21
116,"картонная коробка","Вырезать из них маскарадные маски",22,13,2,3,2,8,32,42,31,29,21
117,"картонная коробка","Сделать из них мусорку или коллекционировать там что-нибудь",22,13,3,2,2,8,32,42,31,29,21
118,"картонная коробка","Кидаться ими в прохожих на улице",22,13,3,5,1,8,32,42,31,29,21
119,"картонная коробка","Смастерить из них мебель, ведь это экономнее и экологичнее",22,13,2,2,2,8,32,42,31,29,21
120,"картонная коробка","Собрать коллекцию из них",22,13,3,3,1,8,32,42,31,29,21
121,"картонная коробка","Упаковать туда младшего брата",22,13,3,4,3,8,32,42,31,29,21
122,"картонная коробка","Спать там или жить",22,13,2,2,2,8,32,42,31,29,21
123,"картонная коробка","Различные поделки",22,13,2,1,2,11,34,35,29,31,27
124,"картонная коробка","Предметы декора",22,13,2,1,2,11,34,35,29,31,27
125,"картонная коробка","Декорации в спектакле",22,13,2,3,2,11,34,35,29,31,27
126,"картонная коробка","Способ общения (связать между собой и говорить)",22,13,2,5,2,11,34,35,29,31,27
127,"картонная коробка","Огромную коробку можно использовать как домик и играть",22,13,1,1,1,11,34,35,29,31,27
128,"картонная коробка","Дом для животных",22,13,1,1,1,11,34,35,29,31,27
129,"картонная коробка","Место для сбора вещей, т.е. складировать туда что-то, а потом в шкаф",22,13,1,1,1,11,34,35,29,31,27
130,"картонная коробка","Из цветных коробок можно вырезать красивые стороны и украшать дом",22,13,2,1,2,11,34,35,29,31,27
131,"картонная коробка","Различные вырезки (как из журналов)",22,13,3,2,1,11,34,35,29,31,27
132,"картонная коробка","Подставка, опора, что-то твёрдое",22,13,2,2,2,11,34,35,29,31,27
133,"картонная коробка","Стул",22,13,2,2,2,11,34,35,29,31,27
134,"картонная коробка","Из пустых коробок можно построить дом и жить там, скрываясь от внешнего мира",22,13,2,1,1,10,26,22,16,36,33
135,"картонная коробка","Пустыми коробками можно накрывать мокрые скамейки в парке, а также братьев наших меньших, которых нельзя взять к себе домой",22,13,3,2,3,10,26,22,16,36,33
136,"картонная коробка","Можно накрывать коробкой одного их членов семьи и примотать её скотчем к кровати для того, чтобы с утра послушать их прекрасные голоса вместо будильника",22,13,4,5,2,10,26,22,16,36,33
137,"картонная коробка","Дом для кота",22,13,1,1,1,9,27,39,35,28,23
138,"картонная коробка","Ящики",22,13,1,1,1,9,27,39,35,28,23
139,"картонная коробка","Доспехи рыцаря",22,13,2,3,3,9,27,39,35,28,23
140,"картонная коробка","Отделка потолка и стен",22,13,2,2,2,9,27,39,35,28,23
141,"картонная коробка","Тетрадь",22,13,3,2,2,9,27,39,35,28,23
142,"картонная коробка","Чехол для телефона",22,13,4,3,3,9,27,39,35,28,23
143,"картонная коробка","Использовать коробку для жилища своего питомца (собаки, кота,…)",22,13,1,1,1,7,31,40,26,27,34
144,"картонная коробка","Использовать картонные коробки просто по назначению (хранение вещей)",22,13,1,1,1,7,31,40,26,27,34
145,"картонная коробка","Придумать из них какую-нибудь игрушку для детей, например, разделить коробку на несколько частей и, задекорировав, сделать ребёнку погремушку",22,13,2,2,2,7,31,40,26,27,34
146,"картонная коробка","Сделать из коробки настенные часы (купив и поставив туда механизм)",22,13,3,3,3,7,31,40,26,27,34
147,"картонная коробка","Сделать из коробки бутылку для воды",22,13,3,2,2,7,31,40,26,27,34
148,"картонная коробка","Использовать коробки как ящики с едой и другими продовольственными товарами",22,13,2,1,1,7,31,40,26,27,34
149,"картонная коробка","Разрезать коробки и сделать из них открытки",22,13,3,3,2,7,31,40,26,27,34
150,"картонная коробка","Мини-кинотеатр в домашних условиях",22,13,4,3,4,9,22,21,22,25,41
151,"картонная коробка","Сделать костюм на Хэллоуин или вечеринку",22,13,3,2,2,9,22,21,22,25,41
152,"картонная коробка","Удобное место для домашнего питомца",22,13,1,1,1,9,22,21,22,25,41
153,"картонная коробка","Крепость для детей",22,13,1,2,1,9,22,21,22,25,41
154,"картонная коробка","Использовать вместо цветочных горшков",22,13,1,2,3,9,22,21,22,25,41
155,"картонная коробка","Можно сделать стул",22,13,2,3,2,9,22,21,22,25,41
156,"картонная коробка","Использовать как штамп для украшения",22,13,2,2,1,9,22,21,22,25,41
157,"картонная коробка","В жару носить вместо головного убора",22,13,3,3,3,9,22,21,22,25,41
158,"картонная коробка","Из нескольких коробок можно сделать шкаф",22,13,2,2,2,9,22,21,22,25,41
159,"картонная коробка","Сделать из коробок домашнего питомца",22,13,2,4,3,7,31,35,29,35,28
160,"картонная коробка","Сделать игрушки для детей",22,13,2,2,2,7,31,35,29,35,28
161,"картонная коробка","Сделать одежду",22,13,2,2,2,7,31,35,29,35,28
162,"картонная коробка","Сделать робота-помощника",22,13,2,3,3,7,31,35,29,35,28
163,"картонная коробка","Использовать как лестницу",22,13,2,3,1,7,31,35,29,35,28
164,"картонная коробка","Построить из коробок замок",22,13,1,1,1,7,31,35,29,35,28
165,"картонная коробка","Соорудить самолёт",22,13,2,2,2,7,31,35,29,35,28
166,"картонная коробка","Сделать из коробок воздушного змея",22,13,4,4,3,7,31,35,29,35,28
167,"картонная коробка","Сделать из коробок заплатки для одежды",22,13,4,2,2,7,31,35,29,35,28
168,"картонная коробка","Сделать модную коробковую сумочку",22,13,3,3,3,7,31,35,29,35,28
169,"картонная коробка","Устроить коробковый показ мод",22,13,5,5,2,7,31,35,29,35,28
170,"картонная коробка","Спать на коробках",22,13,2,2,2,7,31,35,29,35,28
171,"картонная коробка","Сделать кубик Рубика из коробок",22,13,4,3,4,7,31,35,29,35,28
172,"картонная коробка","Придумать духи с запахом коробок",22,13,3,2,1,7,31,35,29,35,28
173,"картонная коробка","Хранение вещей",22,13,1,1,1,6,28,33,33,31,17
174,"картонная коробка","Мебель",22,13,2,2,2,6,28,33,33,31,17
175,"картонная коробка","Корпус для компьютера",22,13,3,3,3,6,28,33,33,31,17
176,"картонная коробка","Замок",22,13,1,2,1,6,28,33,33,31,17
177,"картонная коробка","Дом",22,13,1,1,1,6,28,33,33,31,17
178,"картонная коробка","Дом для животных",22,13,1,1,1,6,28,33,33,31,17
179,"картонная коробка","Стенка",22,13,2,2,2,6,28,33,33,31,17
180,"картонная коробка","Прыжок в бассейн с коробками",22,13,3,3,4,6,28,33,33,31,17
181,"картонная коробка","Щит",22,13,2,2,2,6,28,33,33,31,17
182,"картонная коробка","Форма для чего-либо",22,13,1,2,2,6,28,33,33,31,17
183,"картонная коробка","Корабль",22,13,2,2,2,6,28,33,33,31,17
184,"картонная коробка","Самолёт",22,13,2,2,2,6,28,33,33,31,17
185,"картонная коробка","Костюм робота",22,13,2,2,2,13,31,43,36,30,22
186,"картонная коробка","Дом для кошек, мышей и т.д.",22,13,1,1,1,13,31,43,36,30,22
187,"картонная коробка","Рыцарские доспехи",22,13,2,2,2,13,31,43,36,30,22
188,"картонная коробка","Уголок для маленького ребёнка",22,13,3,2,2,13,31,43,36,30,22
189,"картонная коробка","Красивый светильник на ночь",22,13,3,3,4,13,31,43,36,30,22
190,"картонная коробка","Средство для скатывания с ледяных горок",22,13,2,2,3,13,31,43,36,30,22
191,"картонная коробка","Какая-нибудь постройка (замок, дом и т.д.)",22,13,1,1,1,13,31,43,36,30,22
192,"картонная коробка","Оружие (мечи, пистолеты, автоматы)",22,13,2,2,2,13,31,43,36,30,22
193,"картонная коробка","Оригинальное украшение для своего рабочего стола",22,13,2,2,2,13,31,43,36,30,22
194,"картонная коробка","Подставка для телефона",22,13,2,3,2,13,31,43,36,30,22
195,"картонная коробка","Построить небольшой картонный дом, вся мебель в котором будет картонной",22,13,2,2,1,10,31,32,31,27,27
196,"картонная коробка","Устроить картонную выставку, куда люди смогут приносить свои изделия из картона",22,13,4,4,2,10,31,32,31,27,27
197,"картонная коробка","Использовать как большой конструктор",22,13,3,2,4,10,31,32,31,27,27
198,"картонная коробка","Можно использовать их для создания различных аксессуаров",22,13,2,1,2,8,33,26,19,28,35
199,"картонная коробка","Декорировать и хранить там любые вещи в квартире",22,13,1,1,1,8,33,26,19,28,35
200,"картонная коробка","Создавать развивающие игрушки для детей не из пластика, а из картона",22,13,3,2,2,8,33,26,19,28,35
201,"картонная коробка","Путём спрессовывания можно создавать мебель",22,13,2,2,3,8,33,26,19,28,35
202,"картонная коробка","Подстилка для того, чтобы краска не падала на пол",22,13,2,3,3,10,34,36,33,37,19
203,"картонная коробка","Дом для питомца",22,13,1,1,1,10,34,36,33,37,19
204,"картонная коробка","Элемент декора (буквы на стену)",22,13,2,2,2,10,34,36,33,37,19
205,"картонная коробка","Костюм для ребёнка",22,13,2,2,2,10,34,36,33,37,19
206,"картонная коробка","Использовать для хранения вещей",22,13,1,1,1,10,34,36,33,37,19
207,"картонная коробка","Использовать в качестве обоев",22,13,2,2,2,10,34,36,33,37,19
208,"картонная коробка","Относить на переработку",22,13,1,1,1,10,34,36,33,37,19
209,"картонная коробка","Сделать какую-то поделку",22,13,2,1,2,10,34,36,33,37,19
210,"картонная коробка","Основание для плакатов, чтобы они не мялись",22,13,3,3,2,10,34,36,33,37,19
211,"картонная коробка","Можно сделать трафарет",22,13,4,3,3,10,34,36,33,37,19
212,"картонная коробка","Использовать в качестве планшета (для жёсткости)",22,13,3,3,2,10,34,36,33,37,19
213,"картонная коробка","Заклеить окна во время просмотра фильма",22,13,3,4,3,10,34,36,33,37,19
214,"картонная коробка","Сделать шляпу",22,13,2,3,3,10,34,36,33,37,19
215,"картонная коробка","Использовать в качестве мишени",22,13,4,3,2,10,34,36,33,37,19
216,"картонная коробка","В них можно жить",22,13,2,1,1,9,27,29,24,25,35
217,"картонная коробка","Строить дома для котов и собак",22,13,1,1,1,9,27,29,24,25,35
218,"картонная коробка","Высаживать цветы как в клумбах",22,13,1,3,3,9,27,29,24,25,35
219,"картонная коробка","Обклеить ими стены и разрисовать",22,13,2,2,2,9,27,29,24,25,35
220,"картонная коробка","Делить на маленькие части и писать шпаргалки",22,13,4,3,2,9,27,29,24,25,35
221,"картонная коробка","Построить огромный забор",22,13,2,2,2,9,27,29,24,25,35
222,"картонная коробка","Надеть на голову",22,13,2,3,1,9,27,29,24,25,35
223,"картонная коробка","Оригинальный способ использовать картонных коробок был представлен в серии видеоигр Metal Gear Solid в качестве укрытия для главного героя во время шпионских операций",22,13,3,2,2,11,34,28,20,30,27
224,"картонная коробка","Использование коробки в качестве саней",22,13,2,2,3,11,34,28,20,30,27
225,"картонная коробка","Использование коробки вместо рюкзака",22,13,3,3,3,11,34,28,20,30,27
226,"картонная коробка","Использование двух небольших коробок в качестве обуви",22,13,5,4,2,11,34,28,20,30,27
227,"картонная коробка","Комфортабельное жильё из картонных коробок",22,13,1,1,1,11,34,28,20,30,27
228,"картонная коробка","Большая коробка из множества других",22,13,1,2,1,11,34,28,20,30,27
229,"картонная коробка","Из коробок можно крепость для животных",22,13,1,2,1,13,28,36,33,29,20
230,"картонная коробка","Коробки можно сдавать в детские сады, чтобы дети могли с ними играть",22,13,3,2,2,13,28,36,33,29,20
231,"картонная коробка","Из коробок от больших электроприборов получаются отличные дома",22,13,1,1,1,13,28,36,33,29,20
232,"картонная коробка","В коробке может спать маленький ребёнок",22,13,3,2,2,13,28,36,33,29,20
233,"картонная коробка","Если разрезать и разукрасить коробку, из неё получится красивый декор",22,13,2,1,2,13,28,36,33,29,20
234,"картонная коробка","В стары коробках можно хранить разнообразные вещи",22,13,1,1,1,13,28,36,33,29,20
235,"картонная коробка","В коробке можно закопать клад",22,13,5,3,2,13,28,36,33,29,20
236,"картонная коробка","Можно сложить в коробку старые вещи",22,13,1,1,1,13,28,36,33,29,20
237,"картонная коробка","Если добавить ароматизатор в коробку, она будет вкусно пахнуть",22,13,3,1,1,13,28,36,33,29,20
238,"картонная коробка","Если делать коробки внутри мягкими, то и запаковывать не надо будет",22,13,3,1,1,13,28,36,33,29,20
239,"картонная коробка","Часть пустой картонной коробки можно использовать как поверхность для коллажей, рисунков, аппликаций и т.д.",22,13,2,1,2,NA,29,34,34,32,31
240,"картонная коробка","Кусочки картона от коробок можно использовать как клин для чего-либо",22,13,4,4,2,NA,29,34,34,32,31
241,"картонная коробка","Картону можно придать разную форму, поэтому из него можно делать несложные приборы (циферблат) и игрушки",22,13,2,2,2,NA,29,34,34,32,31
242,"картонная коробка","Из картонных коробок можно сделать стену (перегородку)",22,13,2,2,2,NA,29,34,34,32,31
243,"картонная коробка","Постройка дома",22,13,1,1,1,11,23,42,28,23,22
244,"картонная коробка","Корабль",22,13,2,2,2,11,23,42,28,23,22
245,"картонная коробка","Самолёт",22,13,2,2,2,11,23,42,28,23,22
246,"картонная коробка","Мебель",22,13,2,2,2,11,23,42,28,23,22
247,"картонная коробка","Сидение",22,13,2,2,2,11,23,42,28,23,22
248,"картонная коробка","Горка",22,13,2,2,1,11,23,42,28,23,22
249,"картонная коробка","Использование вместо бумаги для письма",22,13,1,1,1,11,23,42,28,23,22
250,"картонная коробка","Одежда",22,13,2,2,2,11,23,42,28,23,22
251,"картонная коробка","Ограда",22,13,2,2,2,11,23,42,28,23,22
252,"картонная коробка","Украшение",22,13,2,1,2,11,23,42,28,23,22
253,"картонная коробка","Дом для домашнего животного (любых форм и размеров)",22,13,1,1,1,11,23,42,28,23,22
254,"картонная коробка","Самый простой, но и нужный способ - использовать их в качестве упаковки для подарка. Красиво и практично!",22,13,2,3,2,9,35,33,35,30,30
255,"картонная коробка","Многие мечтают о камине, но не могут этого себе позволить. Есть решение: его можно построить из коробок",22,13,2,4,2,9,35,33,35,30,30
256,"картонная коробка","Домик для любимого кота",22,13,1,1,1,9,35,33,35,30,30
257,"картонная коробка","Дом-лабиринт для детей",22,13,3,2,1,9,35,33,35,30,30
258,"картонная коробка","Большие кубики (собрать изображение из коробок, на которые нанести целое изображение)",22,13,3,2,4,9,35,33,35,30,30
259,"картонная коробка","Спальное место. Постелить одеяло - и место для гостя готово",22,13,3,3,2,9,35,33,35,30,30
260,"картонная коробка","Красивые коробки можно использовать для интерьера (ваза для декоративных цветов)",22,13,1,2,3,9,35,33,35,30,30
261,"картонная коробка","Кабина для воздушного шара",22,13,3,4,2,9,35,33,35,30,30
262,"картонная коробка","Гантели",22,13,3,3,1,9,35,33,35,30,30
263,"картонная коробка","Использовать при строительстве",22,13,2,1,2,9,35,33,35,30,30
264,"картонная коробка","Коробки можно использовать как топливо",22,13,2,3,2,15,24,36,38,32,19
265,"картонная коробка","Сделать мебель",22,13,2,2,2,15,24,36,38,32,19
266,"картонная коробка","Построить дом",22,13,1,1,1,15,24,36,38,32,19
267,"картонная коробка","Составить аппликацию",22,13,2,2,2,15,24,36,38,32,19
268,"картонная коробка","Использовать как корпус для компьютера",22,13,3,3,3,15,24,36,38,32,19
269,"картонная коробка","Сделать чехол для телефона",22,13,4,3,3,15,24,36,38,32,19
270,"картонная коробка","Укрыться от снега/дождя",22,13,3,3,2,15,24,36,38,32,19
271,"картонная коробка","Теплоизоляция",22,13,3,3,3,15,24,36,38,32,19
272,"картонная коробка","Использовать как кровать",22,13,2,3,2,15,24,36,38,32,19
273,"картонная коробка","Сделать посуду",22,13,2,2,3,15,24,36,38,32,19
274,"картонная коробка","Переработать",22,13,1,1,1,15,24,36,38,32,19
275,"картонная коробка","Отделка интерьера квартиры",22,13,2,2,2,15,24,36,38,32,19
276,"картонная коробка","Использовать для хранения",22,13,1,1,1,15,24,36,38,32,19
277,"картонная коробка","Использовать как изоляцию",22,13,3,3,2,15,24,36,38,32,19
278,"картонная коробка","Использовать для получения огня",22,13,2,3,2,15,24,36,38,32,19
279,"картонная коробка","Можно построить дом из коробок",22,13,1,1,1,12,27,36,21,21,28
280,"картонная коробка","Сделать из коробок одежду",22,13,2,2,2,12,27,36,21,21,28
281,"картонная коробка","Сделать фигуры из коробок",22,13,2,2,2,12,27,36,21,21,28
282,"картонная коробка","Использовать как бумагу, разрезав их",22,13,1,1,2,12,27,36,21,21,28
283,"картонная коробка","Использовать их по назначению",22,13,1,1,1,12,27,36,21,21,28
284,"картонная коробка","Порвать их, затопить в воде и играть с ними как в снежки",22,13,5,5,5,12,27,36,21,21,28
285,"картонная коробка","Обклеить низ скотчем и использовать как ледянку",22,13,2,2,3,12,27,36,21,21,28
286,"картонная коробка","Сдать на макулатуру и получить за это деньги",22,13,2,2,3,12,27,36,21,21,28
287,"картонная коробка","Сделать большой картонный самолётик",22,13,2,2,2,12,27,36,21,21,28
288,"картонная коробка","Сделать макет чего-либо, например, танк в натуральную величину",22,13,3,2,3,12,27,36,21,21,28
289,"картонная коробка","Можно смастерить большой 2, 3, 4, 5 этажный скворечник",22,13,3,4,3,11,33,34,38,23,25
290,"картонная коробка","Из коробок можно смастерить макет какого-либо здания",22,13,3,2,2,11,33,34,38,23,25
291,"картонная коробка","Вырезать ручки, сделать дизайн подходящий под комнату и складывать туда вещи, которые редко используешь",22,13,2,1,1,11,33,34,38,23,25
292,"картонная коробка","Смастерить костюм своими руками",22,13,2,2,2,11,33,34,38,23,25
293,"картонная коробка","Создание картонных скульптур",22,13,4,2,2,NA,18,19,21,31,38
294,"картонная коробка","Создание костюмов для косплея",22,13,2,2,2,NA,18,19,21,31,38
295,"картонная коробка","Создание домов для домашних питомцев",22,13,1,1,1,NA,18,19,21,31,38
296,"картонная коробка","Мультсериал - настольная игра (из картонных коробок)",22,13,4,4,3,NA,18,19,21,31,38
297,"картонная коробка","Лечение птиц при помощи протезов из картона",22,13,5,5,3,NA,18,19,21,31,38
298,"картонная коробка","Картонные дома для бездомных",22,13,2,2,1,NA,18,19,21,31,38
299,"картонная коробка","Лазертаг на огромном поле с картонными укреплениями",22,13,5,4,2,NA,18,19,21,31,38
300,"картонная коробка","Стартап про битву картонных роботов",22,13,4,3,3,NA,18,19,21,31,38
301,"картонная коробка","Стулья из картона",22,13,2,2,2,NA,18,19,21,31,38
302,"картонная коробка","3D игрушки Crazy People Galaxy первое и второе поколение",22,13,3,2,1,NA,18,19,21,31,38
303,"картонная коробка","Строительство домов из спрессованных картонных коробок",22,13,1,1,3,12,33,27,32,33,16
304,"картонная коробка","Сжигание картонных коробок во славу Тзинча и Нургла",22,13,2,2,1,12,33,27,32,33,16
305,"картонная коробка","Навалить огромную гору коробок, на ней возвести картонный храм и поклоняться богу картонок",22,13,3,5,1,12,33,27,32,33,16
306,"картонная коробка","Изучить религию, основанную на поклонении картонному богу, освятить коробки и продавать их втридорого",22,13,4,5,2,12,33,27,32,33,16
307,"картонная коробка","Отдать коробку коту, чтобы он её разорвал",22,13,2,4,1,12,33,27,32,33,16
308,"картонная коробка","Построить питомцу дом из коробки",22,13,1,1,1,12,33,27,32,33,16
309,"картонная коробка","Кататься на картонке вместо ледянки",22,13,2,2,2,12,33,27,32,33,16
310,"картонная коробка","Из спрессованных картонных коробок остров в океане и жить там",22,13,3,5,5,12,33,27,32,33,16
311,"картонная коробка","Игрушка для детей (замок сделать и т.п.)",22,13,1,2,1,8,35,29,24,31,27
312,"картонная коробка","Использовать для декора (цветы и др.)",22,13,1,1,2,8,35,29,24,31,27
313,"картонная коробка","Рисовать (вместо бумаги и холста)",22,13,1,1,2,8,35,29,24,31,27
314,"картонная коробка","Зимой вместо санок кататься",22,13,2,2,3,8,35,29,24,31,27
315,"картонная коробка","Использовать как топливо",22,13,2,3,2,8,35,29,24,31,27
316,"картонная коробка","Для улучшения звука (вместо колонок)",22,13,3,4,4,8,35,29,24,31,27
317,"картонная коробка","Костюмы для спектаклей (которые возможно)",22,13,2,2,2,8,35,29,24,31,27
318,"картонная коробка","Коробки можно использовать в качестве брони",22,13,2,2,2,11,39,43,20,22,36
319,"картонная коробка","Сделать огромный массажный коврик",22,13,3,3,2,11,39,43,20,22,36
320,"картонная коробка","Вырезать из них гигантскую марионетку",22,13,4,3,3,11,39,43,20,22,36
321,"картонная коробка","Сделать из коробок огромный замок с потайными проходами и механизмами",22,13,2,3,1,11,39,43,20,22,36
322,"картонная коробка","Вырезать из картона от коробки резинкомёт",22,13,4,3,3,11,39,43,20,22,36
323,"картонная коробка","Склеить множество развёрнутых коробок и укрепить их для особого прохода",22,13,3,2,3,11,39,43,20,22,36
324,"картонная коробка","Сделать из них мега-лабиринт",22,13,3,3,2,11,39,43,20,22,36
325,"картонная коробка","Лоток",22,13,3,3,2,12,19,26,28,29,26
326,"картонная коробка","Использовать вместо вазы",22,13,1,2,3,12,19,26,28,29,26
327,"картонная коробка","Для кинотеатра дома",22,13,3,3,4,12,19,26,28,29,26
328,"картонная коробка","Сидение (из нескольких коробок)",22,13,2,2,2,12,19,26,28,29,26
329,"картонная коробка","Топливо для огня",22,13,2,3,2,12,19,26,28,29,26
330,"картонная коробка","Вместо бумаги для рисования",22,13,1,1,2,12,19,26,28,29,26
331,"картонная коробка","Построить домик для бомжа",22,13,2,2,1,12,19,26,28,29,26
332,"картонная коробка","Хранить в ней драгоценности (воры не додумаются проверять их в коробке)",22,13,4,4,1,12,19,26,28,29,26
333,"картонная коробка","Вместо кафеля",22,13,3,3,3,12,19,26,28,29,26
334,"картонная коробка","Для балласта на воздушном шаре",22,13,3,4,4,12,19,26,28,29,26
335,"картонная коробка","Как музыкальную колонку",22,13,3,3,3,12,19,26,28,29,26
336,"картонная коробка","Вместо ходуль",22,13,3,4,2,12,19,26,28,29,26
337,"картонная коробка","Вместо барабана",22,13,4,5,3,12,19,26,28,29,26
338,"картонная коробка","Использовать как рюкзак",22,13,3,3,3,12,19,26,28,29,26
339,"картонная коробка","Из коробок можно изготовить мебель, и выгода в такой мебели в том, что её можно складывать",22,13,2,4,2,10,34,36,32,33,28
340,"картонная коробка","Из коробок можно сделать маленький домик для детей",22,13,1,1,1,10,34,36,32,33,28
341,"картонная коробка","Коробка - зонтик под дождём",22,13,3,3,2,10,34,36,32,33,28
342,"картонная коробка","Коробка - санки, с горы очень хорошо кататься",22,13,2,2,3,10,34,36,32,33,28
343,"картонная коробка","Из коробок, если их украсить, может получиться картина",22,13,3,2,1,10,34,36,32,33,28
344,"картонная коробка","Из коробок можно сделать костюм робота на маскарад",22,13,2,3,2,10,34,36,32,33,28
345,"картонная коробка","Из коробки можно сделать рюкзак, он будет хорошо держать форму",22,13,3,3,3,10,34,36,32,33,28
346,"картонная коробка","Вместо ваз для растений в качестве верхней оболочки, которую можно украсить",22,13,1,3,3,9,32,37,36,32,13
347,"картонная коробка","В виде шкафа: несколько больших коробок с меньшими внутри",22,13,2,2,2,9,32,37,36,32,13
348,"картонная коробка","Плоские коробки разного размера могут быть декором для стен с тайником внутри",22,13,4,5,3,9,32,37,36,32,13
349,"картонная коробка","Из коробок можно создать игровой уголок для кота",22,13,2,2,1,9,32,37,36,32,13
350,"картонная коробка","Делать поделки из картона (маски, оружие)",22,13,2,2,2,13,35,27,29,31,33
351,"картонная коробка","Спрессовать и строить из них",22,13,2,2,3,13,35,27,29,31,33
352,"картонная коробка","Вырезать фигурки",22,13,2,2,2,13,35,27,29,31,33
353,"картонная коробка","Использовать как подставку",22,13,2,3,2,13,35,27,29,31,33
354,"картонная коробка","Хранить в них что-либо",22,13,1,1,1,9,20,28,18,21,23
355,"картонная коробка","Лежанка для животных",22,13,3,1,2,9,20,28,18,21,23
356,"картонная коробка","Разрезать коробку и использовать картон от неё для поделок",22,13,2,1,2,9,20,28,18,21,23
357,"картонная коробка","Подставка под что-либо",22,13,2,2,2,9,20,28,18,21,23
358,"картонная коробка","Костюмы для детских утренников",22,13,2,2,2,9,20,28,18,21,23
359,"картонная коробка","Дом для кукол",22,13,1,1,1,9,20,28,18,21,23
360,"картонная коробка","Санки",22,13,2,2,3,9,20,28,18,21,23
361,"картонная коробка","При помощи скотча и простых манипуляций из картона коробки можно сделать своеобразную сурдину для различных духовых (и не только) инструментов",22,13,5,5,3,12,17,33,30,34,36
362,"картонная коробка","Из картонных коробок различного размера можно сделать игрушечный замок для детей",22,13,1,2,3,12,17,33,30,34,36
363,"картонная коробка","Из картона можно сделать макет машины или муляж или чего-либо другое",22,13,2,2,2,12,17,33,30,34,36
364,"картонная коробка","Коробки можно использовать в качестве декораций",22,13,2,2,2,11,28,39,28,31,18
365,"картонная коробка","Коллекционировать",22,13,3,3,1,11,28,39,28,31,18
366,"картонная коробка","Утилизация",22,13,1,1,1,11,28,39,28,31,18
367,"картонная коробка","Из коробок можно соорудить нечто подобное на домик для кота",22,13,1,1,1,11,28,39,28,31,18
368,"картонная коробка","В коробке можно прятаться",22,13,3,2,1,11,28,39,28,31,18
369,"картонная коробка","Коробки можно использовать повторно",22,13,1,1,1,11,28,39,28,31,18
370,"картонная коробка","Коробки можно разорвать и будет картон",22,13,1,1,1,11,28,39,28,31,18
