"","research_id","respondent_id","Total_CAQ","Total_KDOCS"
"1",NA,1,2,147
"2","CESvalid2019.bf1",2,8,162
"3","CESvalid2019.bf1",2,8,162
"4","CESvalid2019.fb2",3,2,159
"5","CESvalid2019.fb2",3,2,159
"6","CESvalid2019.fb2",3,2,159
"7","CESvalid2019.fb2",3,2,159
"8","CESvalid2019.fb2",3,2,159
"9","CESvalid2019.fb2",3,2,159
"10","CESvalid2019.fb2",3,2,159
"11","CESvalid2019.fb2",3,2,159
"12","CESvalid2019.fb2",3,2,159
"13","CESvalid2019.bb1",4,0,142
"14","CESvalid2019.bb2",4,0,142
"15","CESvalid2019.bb1",4,0,142
"16","CESvalid2019.bb2",4,0,142
"17","CESvalid2019.bb2",4,0,142
"18","CESvalid2019.bb1",4,0,142
"19","CESvalid2019.bb2",4,0,142
"20","CESvalid2019.bb1",4,0,142
"21","CESvalid2019.bb2",4,0,142
"22","CESvalid2019.bb2",4,0,142
"23","CESvalid2019.bb1",4,0,142
"24","CESvalid2019.bb2",4,0,142
"25","CESvalid2019.bb2",4,0,142
"26",NA,5,1,147
"27",NA,6,4,165
"28","CESvalid2019.bb2",7,2,161
"29","CESvalid2019.bb1",7,2,161
"30","CESvalid2019.bb2",7,2,161
"31","CESvalid2019.bb1",7,2,161
"32","CESvalid2019.bb2",7,2,161
"33","CESvalid2019.bb1",7,2,161
"34","CESvalid2019.bb2",7,2,161
"35","CESvalid2019.bb2",7,2,161
"36","CESvalid2019.bb1",7,2,161
"37","CESvalid2019.bb2",7,2,161
"38","CESvalid2019.bb2",7,2,161
"39","CESvalid2019.bb2",7,2,161
"40","CESvalid2019.bb1",7,2,161
"41","CESvalid2019.bb1",7,2,161
"42","CESvalid2019.bb2",7,2,161
"43","CESvalid2019.bb2",7,2,161
"44","CESvalid2019.bb1",7,2,161
"45","CESvalid2019.bb1",7,2,161
"46","CESvalid2019.bb2",7,2,161
"47","CESvalid2019.bb1",7,2,161
"48","CESvalid2019.fb2",8,7,171
"49","CESvalid2019.fb2",8,7,171
"50","CESvalid2019.fb2",8,7,171
"51","CESvalid2019.fb2",8,7,171
"52","CESvalid2019.fb2",8,7,171
"53",NA,9,1,172
"54","CESvalid2019.bb2",10,4,140
"55","CESvalid2019.bb1",10,4,140
"56","CESvalid2019.bb1",10,4,140
"57","CESvalid2019.bb2",10,4,140
"58","CESvalid2019.bb2",10,4,140
"59","CESvalid2019.bb2",10,4,140
"60","CESvalid2019.bb2",10,4,140
"61","CESvalid2019.bb2",10,4,140
"62","CESvalid2019.bb1",10,4,140
"63","CESvalid2019.bb2",10,4,140
"64","CESvalid2019.bb1",10,4,140
"65","CESvalid2019.bb2",10,4,140
"66","CESvalid2019.bb1",10,4,140
"67","CESvalid2019.bb1",10,4,140
"68","CESvalid2019.bb2",10,4,140
"69","CESvalid2019.bb2",10,4,140
"70","CESvalid2019.bb2",10,4,140
"71","CESvalid2019.bb1",10,4,140
"72","CESvalid2019.bb2",10,4,140
"73","CESvalid2019.bb1",10,4,140
"74","CESvalid2019.bb2",10,4,140
"75","CESvalid2019.bb1",11,4,163
"76","CESvalid2019.bb2",11,4,163
"77","CESvalid2019.bb1",11,4,163
"78","CESvalid2019.bb2",11,4,163
"79","CESvalid2019.bb2",11,4,163
"80","CESvalid2019.bb1",11,4,163
"81","CESvalid2019.bb2",11,4,163
"82","CESvalid2019.bb1",11,4,163
"83","CESvalid2019.bb2",11,4,163
"84","CESvalid2019.bb2",11,4,163
"85","CESvalid2019.bb1",11,4,163
"86","CESvalid2019.bb1",11,4,163
"87","CESvalid2019.bb1",11,4,163
"88","CESvalid2019.bb2",11,4,163
"89","CESvalid2019.bb2",11,4,163
"90","CESvalid2019.bf1",12,0,152
"91","CESvalid2019.bf1",12,0,152
"92","CESvalid2019.bf1",12,0,152
"93","CESvalid2019.bf1",12,0,152
"94","CESvalid2019.bf1",12,0,152
"95","CESvalid2019.bf1",12,0,152
"96","CESvalid2019.bf1",12,0,152
"97","CESvalid2019.bf1",12,0,152
"98","CESvalid2019.bf1",12,0,152
"99","CESvalid2019.bf1",12,0,152
"100","CESvalid2019.bf1",12,0,152
"101","CESvalid2019.bf1",12,0,152
"102","CESvalid2019.bf1",12,0,152
"103","CESvalid2019.bf1",12,0,152
"104","CESvalid2019.bf1",12,0,152
"105","CESvalid2019.bf1",12,0,152
"106",NA,13,2,130
"107","CESvalid2019.bb1",14,7,159
"108","CESvalid2019.bb2",14,7,159
"109","CESvalid2019.bb1",14,7,159
"110","CESvalid2019.bb2",14,7,159
"111","CESvalid2019.bb1",14,7,159
"112","CESvalid2019.bb2",14,7,159
"113","CESvalid2019.bb1",14,7,159
"114","CESvalid2019.bb2",14,7,159
"115","CESvalid2019.bb2",14,7,159
"116","CESvalid2019.bb1",14,7,159
"117","CESvalid2019.bb1",14,7,159
"118","CESvalid2019.fb2",15,2,170
"119","CESvalid2019.fb2",15,2,170
"120","CESvalid2019.fb2",15,2,170
"121","CESvalid2019.fb2",15,2,170
"122","CESvalid2019.fb2",15,2,170
"123","CESvalid2019.fb2",15,2,170
"124","CESvalid2019.fb2",15,2,170
"125","CESvalid2019.bf1",16,3,168
"126","CESvalid2019.bf1",16,3,168
"127","CESvalid2019.bf1",16,3,168
"128","CESvalid2019.bf1",16,3,168
"129",NA,17,6,172
"130","CESvalid2019.bb2",18,3,137
"131","CESvalid2019.bb1",18,3,137
"132","CESvalid2019.bb1",18,3,137
"133","CESvalid2019.bb2",18,3,137
"134","CESvalid2019.bb2",18,3,137
"135","CESvalid2019.bb1",18,3,137
"136","CESvalid2019.bb1",18,3,137
"137","CESvalid2019.bb1",18,3,137
"138","CESvalid2019.bb1",18,3,137
"139","CESvalid2019.bb2",18,3,137
"140","CESvalid2019.bb1",18,3,137
"141","CESvalid2019.bb1",18,3,137
"142","CESvalid2019.bb1",18,3,137
"143","CESvalid2019.bb1",18,3,137
"144","CESvalid2019.bb2",18,3,137
"145","CESvalid2019.bb1",18,3,137
"146","CESvalid2019.bb2",18,3,137
"147","CESvalid2019.bb1",18,3,137
"148","CESvalid2019.bb2",18,3,137
"149","CESvalid2019.bb2",18,3,137
"150","CESvalid2019.bb2",18,3,137
"151","CESvalid2019.bb2",18,3,137
"152","CESvalid2019.bb1",18,3,137
"153","CESvalid2019.bb1",18,3,137
"154","CESvalid2019.bb1",18,3,137
"155","CESvalid2019.bb2",18,3,137
"156","CESvalid2019.bb1",18,3,137
"157","CESvalid2019.bb2",18,3,137
"158","CESvalid2019.bb2",18,3,137
"159","CESvalid2019.bb2",18,3,137
"160","CESvalid2019.bb2",18,3,137
"161","CESvalid2019.bb2",18,3,137
"162","CESvalid2019.bb2",18,3,137
"163","CESvalid2019.bb2",18,3,137
"164","CESvalid2019.bb1",18,3,137
"165","CESvalid2019.bb1",18,3,137
"166","CESvalid2019.bb1",18,3,137
"167","CESvalid2019.bb2",18,3,137
"168","CESvalid2019.bb2",18,3,137
"169","CESvalid2019.bb2",18,3,137
"170","CESvalid2019.bb2",18,3,137
"171","CESvalid2019.bb2",18,3,137
"172","CESvalid2019.bb1",18,3,137
"173","CESvalid2019.bb2",18,3,137
"174","CESvalid2019.bb1",18,3,137
"175","CESvalid2019.bb2",18,3,137
"176","CESvalid2019.bb2",18,3,137
"177",NA,19,1,103
"178","CESvalid2019.fb2",20,1,153
"179","CESvalid2019.fb2",20,1,153
"180","CESvalid2019.fb2",20,1,153
"181","CESvalid2019.fb2",20,1,153
"182","CESvalid2019.fb2",20,1,153
"183","CESvalid2019.fb2",20,1,153
"184","CESvalid2019.fb2",20,1,153
"185","CESvalid2019.fb2",20,1,153
"186","CESvalid2019.fb2",20,1,153
"187","CESvalid2019.fb2",20,1,153
"188","CESvalid2019.fb2",20,1,153
"189","CESvalid2019.fb2",20,1,153
"190",NA,21,3,171
"191","CESvalid2019.bb2",22,9,199
"192","CESvalid2019.bb1",22,9,199
"193","CESvalid2019.bb2",22,9,199
"194","CESvalid2019.bb1",22,9,199
"195","CESvalid2019.bb1",22,9,199
"196","CESvalid2019.bb1",22,9,199
"197","CESvalid2019.bb1",22,9,199
"198","CESvalid2019.bb2",22,9,199
"199","CESvalid2019.bb2",22,9,199
"200","CESvalid2019.bb2",22,9,199
"201","CESvalid2019.bb2",22,9,199
"202","CESvalid2019.bb1",22,9,199
"203","CESvalid2019.bb1",22,9,199
"204","CESvalid2019.bb1",22,9,199
"205","CESvalid2019.bb2",22,9,199
"206","CESvalid2019.bb1",22,9,199
"207","CESvalid2019.bb2",22,9,199
"208","CESvalid2019.bb2",22,9,199
"209","CESvalid2019.bb1",22,9,199
"210","CESvalid2019.bb1",22,9,199
"211","CESvalid2019.bb1",22,9,199
"212","CESvalid2019.bb2",22,9,199
"213","CESvalid2019.bb2",22,9,199
"214","CESvalid2019.bb2",22,9,199
"215","CESvalid2019.bb2",22,9,199
"216","CESvalid2019.bb1",22,9,199
"217","CESvalid2019.bb2",22,9,199
"218","CESvalid2019.bb2",23,1,147
"219","CESvalid2019.bb1",23,1,147
"220","CESvalid2019.bb2",23,1,147
"221","CESvalid2019.bb1",23,1,147
"222","CESvalid2019.bb2",23,1,147
"223","CESvalid2019.bb2",23,1,147
"224","CESvalid2019.bb1",23,1,147
"225","CESvalid2019.bb2",23,1,147
"226","CESvalid2019.bb1",23,1,147
"227","CESvalid2019.bb2",23,1,147
"228","CESvalid2019.bb1",23,1,147
"229","CESvalid2019.bb2",23,1,147
"230","CESvalid2019.bb2",23,1,147
"231","CESvalid2019.bb1",23,1,147
"232","CESvalid2019.bb2",23,1,147
"233","CESvalid2019.bf1",24,11,190
"234","CESvalid2019.bf1",24,11,190
"235","CESvalid2019.bf1",24,11,190
"236","CESvalid2019.bf1",24,11,190
"237","CESvalid2019.bf1",24,11,190
"238","CESvalid2019.bf1",24,11,190
"239","CESvalid2019.bf1",24,11,190
"240","CESvalid2019.bb2",25,4,174
"241","CESvalid2019.bb1",25,4,174
"242","CESvalid2019.bb2",25,4,174
"243","CESvalid2019.bb1",25,4,174
"244","CESvalid2019.bb2",25,4,174
"245","CESvalid2019.bb1",25,4,174
"246","CESvalid2019.bb2",25,4,174
"247","CESvalid2019.bb1",25,4,174
"248","CESvalid2019.bb2",25,4,174
"249","CESvalid2019.bb1",25,4,174
"250",NA,26,6,145
"251",NA,27,1,148
"252","CESvalid2019.bb2",28,11,191
"253","CESvalid2019.bb1",28,11,191
"254","CESvalid2019.bb2",28,11,191
"255","CESvalid2019.bb1",28,11,191
"256","CESvalid2019.bb2",28,11,191
"257","CESvalid2019.bb1",28,11,191
"258","CESvalid2019.bb2",28,11,191
"259","CESvalid2019.bb2",28,11,191
"260","CESvalid2019.bb1",28,11,191
"261","CESvalid2019.bb1",28,11,191
"262","CESvalid2019.bb2",28,11,191
"263","CESvalid2019.bb1",28,11,191
"264","CESvalid2019.bb2",28,11,191
"265","CESvalid2019.bb2",28,11,191
"266","CESvalid2019.bb2",28,11,191
"267","CESvalid2019.bb2",28,11,191
"268","CESvalid2019.bb2",28,11,191
"269","CESvalid2019.bb2",28,11,191
"270","CESvalid2019.bb1",28,11,191
"271","CESvalid2019.fb2",29,1,134
"272","CESvalid2019.fb2",29,1,134
"273","CESvalid2019.fb2",29,1,134
"274","CESvalid2019.fb2",29,1,134
"275","CESvalid2019.fb2",29,1,134
"276","CESvalid2019.fb2",29,1,134
"277","CESvalid2019.fb2",29,1,134
"278","CESvalid2019.fb2",29,1,134
"279","CESvalid2019.fb2",29,1,134
"280","CESvalid2019.fb2",29,1,134
"281","CESvalid2019.fb2",29,1,134
"282","CESvalid2019.fb2",29,1,134
"283","CESvalid2019.bf1",30,0,131
"284","CESvalid2019.bf1",30,0,131
"285","CESvalid2019.bf1",30,0,131
"286","CESvalid2019.bf1",30,0,131
"287","CESvalid2019.bf1",30,0,131
"288","CESvalid2019.bf1",30,0,131
"289","CESvalid2019.bf1",30,0,131
"290","CESvalid2019.bf1",30,0,131
"291","CESvalid2019.bb2",31,2,163
"292","CESvalid2019.bb1",31,2,163
"293","CESvalid2019.bb2",31,2,163
"294","CESvalid2019.bb1",31,2,163
"295","CESvalid2019.bb2",31,2,163
"296","CESvalid2019.bb1",31,2,163
"297","CESvalid2019.bb2",31,2,163
"298","CESvalid2019.bb2",31,2,163
"299","CESvalid2019.bb2",31,2,163
"300","CESvalid2019.bb2",31,2,163
"301","CESvalid2019.bb1",31,2,163
"302","CESvalid2019.bb1",31,2,163
"303","CESvalid2019.bb2",31,2,163
"304","CESvalid2019.bb1",31,2,163
"305","CESvalid2019.bb2",31,2,163
"306","CESvalid2019.bb1",31,2,163
"307","CESvalid2019.bb2",31,2,163
"308","CESvalid2019.bb1",31,2,163
"309","CESvalid2019.bb1",31,2,163
"310","CESvalid2019.bb1",31,2,163
"311","CESvalid2019.bb2",31,2,163
"312","CESvalid2019.bb1",31,2,163
"313","CESvalid2019.bb2",31,2,163
"314","CESvalid2019.bb1",31,2,163
"315","CESvalid2019.bb2",31,2,163
"316","CESvalid2019.bb2",31,2,163
"317","CESvalid2019.bb1",31,2,163
"318","CESvalid2019.bb2",31,2,163
"319",NA,32,1,163
"320","CESvalid2019.bf1",33,7,160
"321","CESvalid2019.bf1",33,7,160
"322","CESvalid2019.bf1",33,7,160
"323","CESvalid2019.bf1",33,7,160
"324","CESvalid2019.bf1",33,7,160
"325","CESvalid2019.bf1",33,7,160
"326","CESvalid2019.bf1",33,7,160
"327","CESvalid2019.bf1",33,7,160
"328","CESvalid2019.fb2",34,6,151
"329","CESvalid2019.fb2",34,6,151
"330","CESvalid2019.fb2",34,6,151
"331","CESvalid2019.fb2",34,6,151
"332","CESvalid2019.fb2",34,6,151
"333","CESvalid2019.fb2",34,6,151
"334","CESvalid2019.fb2",34,6,151
"335","CESvalid2019.fb2",34,6,151
"336",NA,35,5,190
"337","CESvalid2019.bb1",36,7,159
"338","CESvalid2019.bb1",36,7,159
"339","CESvalid2019.bb2",36,7,159
"340","CESvalid2019.bb2",36,7,159
"341","CESvalid2019.bb2",36,7,159
"342","CESvalid2019.bb1",36,7,159
"343","CESvalid2019.bb2",36,7,159
"344","CESvalid2019.bb1",36,7,159
"345","CESvalid2019.bb2",36,7,159
"346","CESvalid2019.bb2",36,7,159
"347","CESvalid2019.bb1",36,7,159
"348","CESvalid2019.bb1",36,7,159
"349","CESvalid2019.bb2",36,7,159
"350","CESvalid2019.bb1",36,7,159
"351","CESvalid2019.bb2",36,7,159
"352","CESvalid2019.bb2",36,7,159
"353","CESvalid2019.bb1",36,7,159
"354","CESvalid2019.bb2",36,7,159
"355","CESvalid2019.bb2",36,7,159
"356","CESvalid2019.bb2",36,7,159
"357","CESvalid2019.bb1",36,7,159
"358","CESvalid2019.bb1",36,7,159
"359","CESvalid2019.bb1",36,7,159
"360","CESvalid2019.bb1",36,7,159
"361","CESvalid2019.bb2",36,7,159
"362","CESvalid2019.bb1",36,7,159
"363","CESvalid2019.bb2",36,7,159
"364","CESvalid2019.bf1",37,4,164
"365","CESvalid2019.bf1",37,4,164
"366","CESvalid2019.bf1",37,4,164
"367","CESvalid2019.bf1",37,4,164
"368","CESvalid2019.fb2",38,6,140
"369","CESvalid2019.fb2",38,6,140
"370","CESvalid2019.fb2",38,6,140
"371","CESvalid2019.fb2",38,6,140
"372","CESvalid2019.fb2",38,6,140
"373","CESvalid2019.fb2",38,6,140
"374","CESvalid2019.bf1",39,3,145
"375","CESvalid2019.bf1",39,3,145
"376","CESvalid2019.bf1",39,3,145
"377","CESvalid2019.bf1",39,3,145
"378","CESvalid2019.bf1",39,3,145
"379","CESvalid2019.bf1",39,3,145
"380","CESvalid2019.bf1",39,3,145
"381","CESvalid2019.bb2",40,0,140
"382","CESvalid2019.bb1",40,0,140
"383","CESvalid2019.bb2",40,0,140
"384","CESvalid2019.bb2",40,0,140
"385","CESvalid2019.bb1",40,0,140
"386","CESvalid2019.bb2",40,0,140
"387","CESvalid2019.bb2",40,0,140
"388","CESvalid2019.bb1",40,0,140
"389","CESvalid2019.bb1",40,0,140
"390","CESvalid2019.bb2",40,0,140
"391","CESvalid2019.bb1",40,0,140
"392","CESvalid2019.bb2",40,0,140
"393",NA,41,1,147
"394","CESvalid2019.bb2",42,11,169
"395","CESvalid2019.bb2",42,11,169
"396","CESvalid2019.bb2",42,11,169
"397","CESvalid2019.bb2",42,11,169
"398","CESvalid2019.bb2",42,11,169
"399","CESvalid2019.bb2",42,11,169
"400","CESvalid2019.bb1",42,11,169
"401","CESvalid2019.bb2",42,11,169
"402","CESvalid2019.bb1",42,11,169
"403","CESvalid2019.bb2",42,11,169
"404","CESvalid2019.bb2",42,11,169
"405","CESvalid2019.bb1",42,11,169
"406","CESvalid2019.bb2",42,11,169
"407","CESvalid2019.bb2",42,11,169
"408","CESvalid2019.bb2",42,11,169
"409","CESvalid2019.bb1",42,11,169
"410","CESvalid2019.bb2",42,11,169
"411","CESvalid2019.bb2",42,11,169
"412","CESvalid2019.bb2",42,11,169
"413","CESvalid2019.bf1",43,6,164
"414","CESvalid2019.bf1",43,6,164
"415","CESvalid2019.bf1",43,6,164
"416","CESvalid2019.bf1",43,6,164
"417","CESvalid2019.bb1",44,1,166
"418","CESvalid2019.bb2",44,1,166
"419","CESvalid2019.bb1",44,1,166
"420","CESvalid2019.bb2",44,1,166
"421","CESvalid2019.bb2",44,1,166
"422","CESvalid2019.bb1",44,1,166
"423","CESvalid2019.bb1",44,1,166
"424","CESvalid2019.bb2",44,1,166
"425","CESvalid2019.bb2",44,1,166
"426","CESvalid2019.bb2",44,1,166
"427","CESvalid2019.bb2",44,1,166
"428","CESvalid2019.bb2",44,1,166
"429","CESvalid2019.bb1",44,1,166
"430","CESvalid2019.bb1",44,1,166
"431","CESvalid2019.bb2",44,1,166
"432","CESvalid2019.bb1",44,1,166
"433","CESvalid2019.bb2",44,1,166
"434","CESvalid2019.fb2",45,8,157
"435","CESvalid2019.fb2",45,8,157
"436","CESvalid2019.fb2",45,8,157
"437","CESvalid2019.fb2",45,8,157
"438","CESvalid2019.fb2",45,8,157
"439","CESvalid2019.fb2",45,8,157
"440","CESvalid2019.fb2",45,8,157
"441","CESvalid2019.bf1",46,3,136
"442","CESvalid2019.bf1",46,3,136
"443","CESvalid2019.bf1",46,3,136
"444","CESvalid2019.bf1",46,3,136
"445","CESvalid2019.bf1",46,3,136
"446","CESvalid2019.bf1",46,3,136
"447","CESvalid2019.fb2",47,2,152
"448","CESvalid2019.fb2",47,2,152
"449","CESvalid2019.fb2",47,2,152
"450","CESvalid2019.fb2",47,2,152
"451","CESvalid2019.fb2",47,2,152
"452","CESvalid2019.fb2",47,2,152
"453","CESvalid2019.fb2",47,2,152
"454","CESvalid2019.fb2",47,2,152
"455","CESvalid2019.fb2",47,2,152
"456","CESvalid2019.bf1",48,2,138
"457","CESvalid2019.bf1",48,2,138
"458","CESvalid2019.bf1",48,2,138
"459","CESvalid2019.bf1",48,2,138
"460","CESvalid2019.bf1",48,2,138
"461","CESvalid2019.bf1",48,2,138
"462","CESvalid2019.fb2",49,8,130
"463","CESvalid2019.fb2",49,8,130
"464","CESvalid2019.fb2",49,8,130
"465","CESvalid2019.fb2",49,8,130
"466","CESvalid2019.fb2",49,8,130
"467","CESvalid2019.fb2",49,8,130
"468","CESvalid2019.fb2",49,8,130
"469","CESvalid2019.fb2",49,8,130
"470","CESvalid2019.fb2",49,8,130
"471","CESvalid2019.fb2",49,8,130
"472","CESvalid2019.fb2",49,8,130
"473","CESvalid2019.fb2",49,8,130
"474","CESvalid2019.bf1",50,2,126
"475","CESvalid2019.bf1",50,2,126
"476","CESvalid2019.bf1",50,2,126
"477","CESvalid2019.bf1",50,2,126
"478","CESvalid2019.bf1",50,2,126
"479","CESvalid2019.fb2",51,1,148
"480","CESvalid2019.fb2",51,1,148
"481","CESvalid2019.fb2",51,1,148
"482","CESvalid2019.fb2",51,1,148
"483","CESvalid2019.fb2",51,1,148
"484","CESvalid2019.fb2",51,1,148
"485","CESvalid2019.fb2",51,1,148
"486","CESvalid2019.fb2",51,1,148
"487","CESvalid2019.fb2",51,1,148
"488","CESvalid2019.fb2",51,1,148
"489","CESvalid2019.fb2",51,1,148
"490","CESvalid2019.fb2",51,1,148
"491","CESvalid2019.fb2",51,1,148
"492","CESvalid2019.fb2",51,1,148
"493","CESvalid2019.fb2",51,1,148
"494",NA,52,5,181
"495","CESvalid2019.fb2",53,1,157
"496","CESvalid2019.fb2",53,1,157
"497","CESvalid2019.fb2",53,1,157
"498","CESvalid2019.bf1",54,6,183
"499","CESvalid2019.bf1",54,6,183
"500","CESvalid2019.bf1",54,6,183
"501","CESvalid2019.bf1",54,6,183
"502","CESvalid2019.bf1",54,6,183
"503","CESvalid2019.bf1",54,6,183
"504","CESvalid2019.bf1",54,6,183
"505","CESvalid2019.bf1",54,6,183
"506","CESvalid2019.bf1",54,6,183
"507","CESvalid2019.bf1",54,6,183
"508","CESvalid2019.bb1",55,7,162
"509","CESvalid2019.bb2",55,7,162
"510","CESvalid2019.bb1",55,7,162
"511","CESvalid2019.bb1",55,7,162
"512","CESvalid2019.bb2",55,7,162
"513","CESvalid2019.bb2",55,7,162
"514","CESvalid2019.bb1",55,7,162
"515",NA,56,4,148
"516",NA,57,5,137
"517","CESvalid2019.bb1",58,3,178
"518","CESvalid2019.bb2",58,3,178
"519","CESvalid2019.bb1",58,3,178
"520","CESvalid2019.bb1",58,3,178
"521","CESvalid2019.bb1",58,3,178
"522","CESvalid2019.bb2",58,3,178
"523","CESvalid2019.bb2",58,3,178
"524","CESvalid2019.bb1",58,3,178
"525","CESvalid2019.bb2",58,3,178
"526","CESvalid2019.bb1",58,3,178
"527","CESvalid2019.bb1",58,3,178
"528","CESvalid2019.bb1",58,3,178
"529","CESvalid2019.bb1",58,3,178
"530","CESvalid2019.bb1",58,3,178
"531","CESvalid2019.bb1",58,3,178
"532","CESvalid2019.bb2",58,3,178
"533","CESvalid2019.bb1",58,3,178
"534","CESvalid2019.bb2",58,3,178
"535","CESvalid2019.bb2",58,3,178
"536","CESvalid2019.bb1",58,3,178
"537","CESvalid2019.bb2",58,3,178
"538","CESvalid2019.bb2",58,3,178
"539","CESvalid2019.bb1",58,3,178
"540","CESvalid2019.bb2",58,3,178
"541","CESvalid2019.bb2",58,3,178
"542","CESvalid2019.bb2",58,3,178
"543","CESvalid2019.bb1",58,3,178
"544","CESvalid2019.fb2",59,3,140
"545","CESvalid2019.fb2",59,3,140
"546","CESvalid2019.fb2",59,3,140
"547","CESvalid2019.fb2",59,3,140
"548","CESvalid2019.fb2",59,3,140
"549","CESvalid2019.fb2",59,3,140
"550","CESvalid2019.fb2",59,3,140
"551","CESvalid2019.fb2",59,3,140
"552","CESvalid2019.fb2",59,3,140
"553","CESvalid2019.fb2",59,3,140
"554","CESvalid2019.fb2",59,3,140
"555","CESvalid2019.fb2",59,3,140
"556","CESvalid2019.fb2",59,3,140
"557","CESvalid2019.bf1",60,5,191
"558","CESvalid2019.bf1",60,5,191
"559","CESvalid2019.bf1",60,5,191
"560","CESvalid2019.bf1",60,5,191
"561","CESvalid2019.bf1",60,5,191
"562","CESvalid2019.bf1",60,5,191
"563","CESvalid2019.bf1",60,5,191
"564","CESvalid2019.bb1",61,1,135
"565","CESvalid2019.bb2",61,1,135
"566","CESvalid2019.bb1",61,1,135
"567","CESvalid2019.bb2",61,1,135
"568","CESvalid2019.bb2",61,1,135
"569","CESvalid2019.bb1",61,1,135
"570","CESvalid2019.bb2",61,1,135
"571","CESvalid2019.bb1",61,1,135
"572","CESvalid2019.bb2",61,1,135
"573","CESvalid2019.bb1",61,1,135
"574","CESvalid2019.bb2",61,1,135
"575","CESvalid2019.bb1",61,1,135
"576","CESvalid2019.bb2",61,1,135
"577","CESvalid2019.bb2",61,1,135
"578",NA,62,5,152
"579","CESvalid2019.bf1",63,6,115
"580","CESvalid2019.bf1",63,6,115
"581","CESvalid2019.bf1",63,6,115
"582","CESvalid2019.bf1",63,6,115
"583","CESvalid2019.fb2",64,0,128
"584","CESvalid2019.fb2",64,0,128
"585","CESvalid2019.fb2",64,0,128
"586","CESvalid2019.fb2",64,0,128
"587","CESvalid2019.fb2",64,0,128
"588","CESvalid2019.fb2",64,0,128
"589","CESvalid2019.fb2",64,0,128
"590","CESvalid2019.fb2",64,0,128
"591","CESvalid2019.fb2",64,0,128
"592","CESvalid2019.fb2",65,3,155
"593","CESvalid2019.fb2",65,3,155
"594","CESvalid2019.fb2",65,3,155
"595","CESvalid2019.fb2",65,3,155
"596","CESvalid2019.fb2",65,3,155
"597","CESvalid2019.fb2",65,3,155
"598","CESvalid2019.fb2",65,3,155
"599","CESvalid2019.fb2",65,3,155
"600","CESvalid2019.fb2",65,3,155
"601","CESvalid2019.fb2",65,3,155
"602","CESvalid2019.fb2",65,3,155
"603","CESvalid2019.fb2",65,3,155
"604","CESvalid2019.fb2",65,3,155
"605","CESvalid2019.fb2",65,3,155
"606","CESvalid2019.fb2",65,3,155
"607","CESvalid2019.fb2",65,3,155
"608",NA,66,2,173
"609","CESvalid2019.bf1",67,3,128
"610","CESvalid2019.bf1",67,3,128
"611","CESvalid2019.bf1",67,3,128
"612","CESvalid2019.bf1",67,3,128
"613","CESvalid2019.bf1",67,3,128
"614","CESvalid2019.bb2",68,2,125
"615","CESvalid2019.bb2",68,2,125
"616","CESvalid2019.bb2",68,2,125
"617","CESvalid2019.bb1",68,2,125
"618","CESvalid2019.bb2",68,2,125
"619","CESvalid2019.bb2",68,2,125
"620","CESvalid2019.bb2",68,2,125
"621","CESvalid2019.bb2",68,2,125
"622","CESvalid2019.bb1",68,2,125
"623","CESvalid2019.bb2",68,2,125
"624","CESvalid2019.bb2",68,2,125
"625","CESvalid2019.bb1",68,2,125
"626","CESvalid2019.bb2",68,2,125
"627","CESvalid2019.bb1",68,2,125
"628","CESvalid2019.bb1",68,2,125
"629","CESvalid2019.bb2",68,2,125
"630","CESvalid2019.bb2",68,2,125
"631","CESvalid2019.bb1",68,2,125
"632","CESvalid2019.bb2",68,2,125
"633","CESvalid2019.bb1",68,2,125
"634","CESvalid2019.bb2",68,2,125
"635","CESvalid2019.bb1",68,2,125
"636","CESvalid2019.bb1",68,2,125
"637","CESvalid2019.bb2",68,2,125
"638","CESvalid2019.fb2",69,0,131
"639","CESvalid2019.fb2",69,0,131
"640","CESvalid2019.fb2",69,0,131
"641","CESvalid2019.fb2",69,0,131
"642","CESvalid2019.fb2",69,0,131
"643","CESvalid2019.fb2",69,0,131
"644","CESvalid2019.fb2",69,0,131
"645","CESvalid2019.fb2",69,0,131
"646","CESvalid2019.fb2",69,0,131
"647",NA,70,1,190
"648","CESvalid2019.bb2",71,8,162
"649","CESvalid2019.bb2",71,8,162
"650","CESvalid2019.bb1",71,8,162
"651","CESvalid2019.bb2",71,8,162
"652","CESvalid2019.bb1",71,8,162
"653","CESvalid2019.bb1",71,8,162
"654","CESvalid2019.bb1",71,8,162
"655","CESvalid2019.bb2",71,8,162
"656","CESvalid2019.bb1",71,8,162
"657","CESvalid2019.bb2",71,8,162
"658","CESvalid2019.bb1",71,8,162
"659","CESvalid2019.bb2",71,8,162
"660","CESvalid2019.bb1",71,8,162
"661","CESvalid2019.bb2",71,8,162
"662","CESvalid2019.bb1",71,8,162
"663","CESvalid2019.bb1",71,8,162
"664",NA,72,2,170
"665","CESvalid2019.bf1",73,4,156
"666","CESvalid2019.bf1",73,4,156
"667","CESvalid2019.bf1",73,4,156
"668","CESvalid2019.bf1",73,4,156
"669","CESvalid2019.bf1",73,4,156
"670","CESvalid2019.bf1",73,4,156
"671","CESvalid2019.bf1",73,4,156
"672","CESvalid2019.bf1",73,4,156
"673","CESvalid2019.bf1",73,4,156
"674","CESvalid2019.bf1",73,4,156
"675","CESvalid2019.bf1",73,4,156
"676","CESvalid2019.bf1",73,4,156
"677","CESvalid2019.bf1",73,4,156
"678","CESvalid2019.bf1",73,4,156
"679","CESvalid2019.bf1",73,4,156
"680","CESvalid2019.fb2",74,1,154
"681","CESvalid2019.fb2",74,1,154
"682","CESvalid2019.fb2",74,1,154
"683","CESvalid2019.fb2",74,1,154
"684","CESvalid2019.fb2",74,1,154
"685","CESvalid2019.fb2",74,1,154
"686","CESvalid2019.fb2",74,1,154
"687","CESvalid2019.fb2",74,1,154
"688","CESvalid2019.fb2",74,1,154
"689","CESvalid2019.fb2",74,1,154
"690","CESvalid2019.bb2",75,1,135
"691","CESvalid2019.bb1",75,1,135
"692","CESvalid2019.bb1",75,1,135
"693","CESvalid2019.bb2",75,1,135
"694","CESvalid2019.bb1",75,1,135
"695","CESvalid2019.bb2",75,1,135
"696","CESvalid2019.bb2",75,1,135
"697","CESvalid2019.bb1",75,1,135
"698","CESvalid2019.bb2",75,1,135
"699","CESvalid2019.bb2",75,1,135
"700","CESvalid2019.bb1",75,1,135
"701","CESvalid2019.bb2",75,1,135
"702","CESvalid2019.bb1",75,1,135
"703","CESvalid2019.bb2",75,1,135
"704","CESvalid2019.bb1",75,1,135
"705","CESvalid2019.bf1",76,8,151
"706","CESvalid2019.bf1",76,8,151
"707","CESvalid2019.bf1",76,8,151
"708","CESvalid2019.bf1",76,8,151
"709","CESvalid2019.bf1",76,8,151
"710","CESvalid2019.bf1",76,8,151
"711","CESvalid2019.bf1",76,8,151
"712","CESvalid2019.bf1",76,8,151
"713","CESvalid2019.bf1",76,8,151
"714","CESvalid2019.bf1",76,8,151
"715","CESvalid2019.bf1",76,8,151
"716","CESvalid2019.bf1",76,8,151
"717","CESvalid2019.bf1",76,8,151
"718","CESvalid2019.bf1",76,8,151
"719","CESvalid2019.bf1",77,5,166
"720","CESvalid2019.bf1",77,5,166
"721","CESvalid2019.bf1",77,5,166
"722","CESvalid2019.bf1",77,5,166
"723","CESvalid2019.bf1",77,5,166
"724","CESvalid2019.bf1",77,5,166
"725","CESvalid2019.bf1",77,5,166
"726","CESvalid2019.fb2",78,0,186
"727","CESvalid2019.fb2",78,0,186
"728","CESvalid2019.fb2",78,0,186
"729","CESvalid2019.fb2",78,0,186
"730","CESvalid2019.fb2",78,0,186
"731","CESvalid2019.fb2",78,0,186
"732","CESvalid2019.fb2",78,0,186
"733","CESvalid2019.fb2",78,0,186
"734","CESvalid2019.fb2",78,0,186
"735","CESvalid2019.fb2",78,0,186
"736",NA,79,1,136
"737","CESvalid2019.bb2",80,9,183
"738","CESvalid2019.bb2",80,9,183
"739","CESvalid2019.bb1",80,9,183
"740","CESvalid2019.bb1",80,9,183
"741","CESvalid2019.bb2",80,9,183
"742","CESvalid2019.bb2",80,9,183
"743","CESvalid2019.bb1",80,9,183
"744","CESvalid2019.bb2",80,9,183
"745","CESvalid2019.bb1",80,9,183
"746","CESvalid2019.bb2",80,9,183
"747","CESvalid2019.bb1",80,9,183
"748","CESvalid2019.bb2",80,9,183
"749","CESvalid2019.bb1",80,9,183
"750","CESvalid2019.bb2",80,9,183
"751","CESvalid2019.bb1",80,9,183
"752","CESvalid2019.bb1",80,9,183
"753","CESvalid2019.bb1",80,9,183
"754","CESvalid2019.bb2",80,9,183
"755","CESvalid2019.bb1",80,9,183
"756","CESvalid2019.bb2",80,9,183
"757","CESvalid2019.bb1",80,9,183
"758","CESvalid2019.bb2",80,9,183
"759","CESvalid2019.bb2",80,9,183
"760","CESvalid2019.bb1",80,9,183
"761","CESvalid2019.bb2",80,9,183
"762","CESvalid2019.bb2",80,9,183
"763","CESvalid2019.bb1",80,9,183
"764","CESvalid2019.fb2",81,10,134
"765","CESvalid2019.fb2",81,10,134
"766","CESvalid2019.fb2",81,10,134
"767","CESvalid2019.fb2",81,10,134
"768","CESvalid2019.fb2",81,10,134
"769","CESvalid2019.fb2",81,10,134
"770","CESvalid2019.fb2",81,10,134
"771","CESvalid2019.fb2",81,10,134
"772","CESvalid2019.fb2",81,10,134
"773","CESvalid2019.fb2",81,10,134
"774",NA,82,0,131
"775","CESvalid2019.fb2",83,3,148
"776","CESvalid2019.fb2",83,3,148
"777","CESvalid2019.fb2",83,3,148
"778","CESvalid2019.fb2",83,3,148
"779","CESvalid2019.fb2",83,3,148
"780","CESvalid2019.fb2",83,3,148
"781","CESvalid2019.fb2",83,3,148
"782","CESvalid2019.fb2",83,3,148
"783","CESvalid2019.fb2",83,3,148
"784","CESvalid2019.fb2",83,3,148
"785","CESvalid2019.fb2",83,3,148
"786","CESvalid2019.fb2",83,3,148
"787","CESvalid2019.fb2",83,3,148
"788","CESvalid2019.fb2",83,3,148
"789","CESvalid2019.bb1",84,2,145
"790","CESvalid2019.bb2",84,2,145
"791","CESvalid2019.bb2",84,2,145
"792","CESvalid2019.bb2",84,2,145
"793","CESvalid2019.bb1",84,2,145
"794","CESvalid2019.bb2",84,2,145
"795","CESvalid2019.bb1",84,2,145
"796","CESvalid2019.bb2",84,2,145
"797","CESvalid2019.bb2",84,2,145
"798","CESvalid2019.bb1",84,2,145
"799","CESvalid2019.bb2",84,2,145
"800","CESvalid2019.bb1",84,2,145
"801","CESvalid2019.bb1",84,2,145
"802","CESvalid2019.bb2",84,2,145
"803","CESvalid2019.bb2",84,2,145
"804","CESvalid2019.bb2",84,2,145
"805","CESvalid2019.bb1",84,2,145
"806","CESvalid2019.bb2",85,5,147
"807","CESvalid2019.bb1",85,5,147
"808","CESvalid2019.bb2",85,5,147
"809","CESvalid2019.bb1",85,5,147
"810","CESvalid2019.bb2",85,5,147
"811","CESvalid2019.bb1",85,5,147
"812","CESvalid2019.bb2",85,5,147
"813","CESvalid2019.bb1",85,5,147
"814","CESvalid2019.bb2",85,5,147
"815","CESvalid2019.bb2",85,5,147
"816","CESvalid2019.bb2",85,5,147
"817","CESvalid2019.bb1",85,5,147
"818","CESvalid2019.bb2",85,5,147
"819","CESvalid2019.bb2",85,5,147
"820","CESvalid2019.bb1",85,5,147
"821","CESvalid2019.bb2",85,5,147
"822","CESvalid2019.bb1",85,5,147
"823","CESvalid2019.bb2",85,5,147
"824","CESvalid2019.bb1",85,5,147
"825","CESvalid2019.bb2",85,5,147
"826","CESvalid2019.bb2",85,5,147
"827","CESvalid2019.bb1",85,5,147
"828","CESvalid2019.bf1",86,5,133
"829","CESvalid2019.bf1",86,5,133
"830","CESvalid2019.bf1",86,5,133
"831","CESvalid2019.bf1",86,5,133
"832","CESvalid2019.bf1",86,5,133
"833","CESvalid2019.bf1",86,5,133
"834","CESvalid2019.bf1",86,5,133
"835","CESvalid2019.bf1",86,5,133
"836",NA,87,1,147
"837",NA,88,10,178
"838","CESvalid2019.bf1",89,17,194
"839","CESvalid2019.bf1",89,17,194
"840","CESvalid2019.bf1",89,17,194
"841","CESvalid2019.bf1",89,17,194
"842","CESvalid2019.bf1",89,17,194
"843","CESvalid2019.bf1",89,17,194
"844","CESvalid2019.bb1",90,0,119
"845","CESvalid2019.bb2",90,0,119
"846","CESvalid2019.bb1",90,0,119
"847","CESvalid2019.bb1",90,0,119
"848","CESvalid2019.bb2",90,0,119
"849","CESvalid2019.bb1",90,0,119
"850","CESvalid2019.bb2",90,0,119
"851","CESvalid2019.bb1",90,0,119
"852","CESvalid2019.bb2",90,0,119
"853","CESvalid2019.bb2",90,0,119
"854","CESvalid2019.bb1",90,0,119
"855","CESvalid2019.bb2",90,0,119
"856","CESvalid2019.bb1",90,0,119
"857","CESvalid2019.bb2",90,0,119
"858","CESvalid2019.bb2",90,0,119
"859","CESvalid2019.bb1",90,0,119
"860","CESvalid2019.bb2",90,0,119
"861","CESvalid2019.bb1",90,0,119
"862","CESvalid2019.bb1",90,0,119
"863","CESvalid2019.bb2",90,0,119
"864","CESvalid2019.bf1",91,1,139
"865","CESvalid2019.bf1",91,1,139
"866","CESvalid2019.bf1",91,1,139
"867","CESvalid2019.bf1",91,1,139
"868","CESvalid2019.bf1",91,1,139
"869","CESvalid2019.bf1",91,1,139
"870","CESvalid2019.bf1",91,1,139
"871","CESvalid2019.fb2",92,4,160
"872","CESvalid2019.fb2",92,4,160
"873","CESvalid2019.fb2",92,4,160
"874","CESvalid2019.fb2",92,4,160
"875","CESvalid2019.fb2",92,4,160
"876","CESvalid2019.fb2",92,4,160
"877","CESvalid2019.fb2",92,4,160
"878","CESvalid2019.fb2",92,4,160
"879","CESvalid2019.fb2",92,4,160
"880","CESvalid2019.fb2",92,4,160
"881","CESvalid2019.fb2",92,4,160
"882","CESvalid2019.fb2",92,4,160
"883","CESvalid2019.fb2",92,4,160
"884","CESvalid2019.fb2",92,4,160
"885","CESvalid2019.fb2",92,4,160
"886","CESvalid2019.fb2",92,4,160
"887","CESvalid2019.bb2",93,5,186
"888","CESvalid2019.bb2",93,5,186
"889","CESvalid2019.bb1",93,5,186
"890","CESvalid2019.bb2",93,5,186
"891","CESvalid2019.bb1",93,5,186
"892","CESvalid2019.bb2",93,5,186
"893","CESvalid2019.bb1",93,5,186
"894","CESvalid2019.bb1",93,5,186
"895","CESvalid2019.bb2",93,5,186
"896","CESvalid2019.bb1",93,5,186
"897","CESvalid2019.bb1",93,5,186
"898","CESvalid2019.bb2",93,5,186
"899","CESvalid2019.bb1",93,5,186
"900","CESvalid2019.bb2",93,5,186
"901","CESvalid2019.bb2",93,5,186
"902","CESvalid2019.bb1",93,5,186
"903","CESvalid2019.bb2",93,5,186
"904","CESvalid2019.bb1",93,5,186
"905","CESvalid2019.bb2",93,5,186
"906","CESvalid2019.bf1",94,3,146
"907","CESvalid2019.bf1",94,3,146
"908","CESvalid2019.bf1",94,3,146
"909","CESvalid2019.bf1",94,3,146
"910","CESvalid2019.bf1",94,3,146
"911","CESvalid2019.bf1",94,3,146
"912","CESvalid2019.bf1",94,3,146
"913","CESvalid2019.bf1",94,3,146
"914","CESvalid2019.bf1",94,3,146
"915","CESvalid2019.bf1",94,3,146
"916","CESvalid2019.bf1",94,3,146
"917","CESvalid2019.bf1",94,3,146
"918","CESvalid2019.fb2",95,3,153
"919","CESvalid2019.fb2",95,3,153
"920","CESvalid2019.fb2",95,3,153
"921","CESvalid2019.fb2",95,3,153
"922","CESvalid2019.fb2",95,3,153
"923","CESvalid2019.fb2",95,3,153
"924","CESvalid2019.fb2",95,3,153
"925","CESvalid2019.fb2",95,3,153
"926","CESvalid2019.fb2",95,3,153
"927","CESvalid2019.fb2",95,3,153
"928","CESvalid2019.bf1",96,3,192
"929","CESvalid2019.bf1",96,3,192
"930","CESvalid2019.bf1",96,3,192
"931","CESvalid2019.bf1",96,3,192
"932","CESvalid2019.bf1",96,3,192
"933","CESvalid2019.bf1",96,3,192
"934","CESvalid2019.bf1",96,3,192
"935","CESvalid2019.bf1",96,3,192
"936","CESvalid2019.bf1",96,3,192
"937","CESvalid2019.bf1",96,3,192
"938","CESvalid2019.bf1",96,3,192
"939","CESvalid2019.bf1",96,3,192
"940","CESvalid2019.bf1",96,3,192
"941","CESvalid2019.bf1",96,3,192
"942","CESvalid2019.bf1",96,3,192
"943","CESvalid2019.bf1",96,3,192
"944","CESvalid2019.bb2",97,1,152
"945","CESvalid2019.bb2",97,1,152
"946","CESvalid2019.bb1",97,1,152
"947","CESvalid2019.bb1",97,1,152
"948","CESvalid2019.bb1",97,1,152
"949","CESvalid2019.bb2",97,1,152
"950","CESvalid2019.bb1",97,1,152
"951","CESvalid2019.bb2",97,1,152
"952","CESvalid2019.bb2",97,1,152
"953","CESvalid2019.bf1",98,4,202
"954","CESvalid2019.bf1",98,4,202
"955","CESvalid2019.bf1",98,4,202
"956","CESvalid2019.bf1",98,4,202
"957","CESvalid2019.bf1",98,4,202
"958","CESvalid2019.bf1",98,4,202
"959","CESvalid2019.bf1",98,4,202
"960","CESvalid2019.bf1",98,4,202
"961","CESvalid2019.bf1",98,4,202
"962","CESvalid2019.bf1",98,4,202
"963","CESvalid2019.bf1",98,4,202
"964","CESvalid2019.bf1",98,4,202
"965","CESvalid2019.bf1",98,4,202
"966","CESvalid2019.bf1",98,4,202
"967","CESvalid2019.bf1",98,4,202
"968","CESvalid2019.bf1",98,4,202
"969","CESvalid2019.bf1",98,4,202
"970","CESvalid2019.bf1",99,1,151
"971","CESvalid2019.bf1",99,1,151
"972","CESvalid2019.bf1",99,1,151
"973","CESvalid2019.fb2",100,0,169
"974","CESvalid2019.fb2",100,0,169
"975","CESvalid2019.fb2",100,0,169
"976","CESvalid2019.fb2",100,0,169
"977","CESvalid2019.fb2",100,0,169
"978","CESvalid2019.fb2",100,0,169
"979","CESvalid2019.fb2",100,0,169
"980","CESvalid2019.fb2",100,0,169
"981","CESvalid2019.fb2",100,0,169
"982","CESvalid2019.fb2",100,0,169
"983","CESvalid2019.fb2",100,0,169
"984","CESvalid2019.fb2",100,0,169
"985","CESvalid2019.fb2",100,0,169
"986","CESvalid2019.fb2",100,0,169
"987","CESvalid2019.fb2",100,0,169
"988","CESvalid2019.fb2",100,0,169
"989","CESvalid2019.fb2",100,0,169
"990","CESvalid2019.fb2",100,0,169
"991","CESvalid2019.fb2",100,0,169
"992","CESvalid2019.fb2",100,0,169
"993","CESvalid2019.fb2",100,0,169
"994","CESvalid2019.fb2",100,0,169
"995","CESvalid2019.fb2",100,0,169
"996","CESvalid2019.fb2",100,0,169
"997","CESvalid2019.fb2",100,0,169
"998","CESvalid2019.fb2",100,0,169
"999","CESvalid2019.fb2",100,0,169
"1000","CESvalid2019.fb2",100,0,169
"1001","CESvalid2019.fb2",100,0,169
"1002",NA,101,2,167
"1003","CESvalid2019.bb2",102,5,177
"1004","CESvalid2019.bb1",102,5,177
"1005","CESvalid2019.bb2",102,5,177
"1006","CESvalid2019.bb2",102,5,177
"1007","CESvalid2019.bb1",102,5,177
"1008","CESvalid2019.bb1",102,5,177
"1009","CESvalid2019.bb2",102,5,177
"1010","CESvalid2019.bb1",102,5,177
"1011","CESvalid2019.bb2",102,5,177
"1012","CESvalid2019.bb1",102,5,177
"1013","CESvalid2019.bb1",102,5,177
"1014","CESvalid2019.bb2",102,5,177
"1015","CESvalid2019.bb1",102,5,177
"1016","CESvalid2019.bb2",102,5,177
"1017","CESvalid2019.bb1",102,5,177
"1018","CESvalid2019.bb2",102,5,177
"1019","CESvalid2019.bb1",102,5,177
"1020","CESvalid2019.bb2",102,5,177
"1021","CESvalid2019.bb2",103,3,135
"1022","CESvalid2019.bb1",103,3,135
"1023","CESvalid2019.bb2",103,3,135
"1024","CESvalid2019.bb1",103,3,135
"1025","CESvalid2019.bb2",103,3,135
"1026","CESvalid2019.bb2",103,3,135
"1027","CESvalid2019.bb1",103,3,135
"1028","CESvalid2019.bb2",103,3,135
"1029","CESvalid2019.bb2",103,3,135
"1030","CESvalid2019.bb1",103,3,135
"1031","CESvalid2019.bb1",103,3,135
"1032","CESvalid2019.bb2",103,3,135
"1033",NA,104,0,151
"1034",NA,105,6,137
"1035","CESvalid2019.fb2",106,5,182
"1036","CESvalid2019.fb2",106,5,182
"1037","CESvalid2019.fb2",106,5,182
"1038","CESvalid2019.fb2",106,5,182
"1039","CESvalid2019.fb2",106,5,182
"1040","CESvalid2019.fb2",106,5,182
"1041","CESvalid2019.fb2",106,5,182
"1042","CESvalid2019.fb2",106,5,182
"1043","CESvalid2019.bf1",107,3,176
"1044","CESvalid2019.bf1",107,3,176
"1045","CESvalid2019.bf1",107,3,176
"1046","CESvalid2019.bf1",107,3,176
"1047","CESvalid2019.bf1",107,3,176
"1048","CESvalid2019.fb2",108,1,159
"1049","CESvalid2019.fb2",108,1,159
"1050","CESvalid2019.fb2",108,1,159
"1051","CESvalid2019.fb2",108,1,159
"1052","CESvalid2019.fb2",108,1,159
"1053","CESvalid2019.fb2",108,1,159
"1054",NA,109,1,196
"1055","CESvalid2019.bb1",110,3,176
"1056","CESvalid2019.bb2",110,3,176
"1057","CESvalid2019.bb1",110,3,176
"1058","CESvalid2019.bb1",110,3,176
"1059","CESvalid2019.bb1",110,3,176
"1060","CESvalid2019.bb2",110,3,176
"1061","CESvalid2019.bb1",110,3,176
"1062","CESvalid2019.bb1",110,3,176
"1063","CESvalid2019.bb2",110,3,176
"1064","CESvalid2019.bb1",110,3,176
"1065","CESvalid2019.bb2",110,3,176
"1066","CESvalid2019.bb1",110,3,176
"1067","CESvalid2019.bb2",110,3,176
"1068","CESvalid2019.bb1",110,3,176
"1069","CESvalid2019.bb2",110,3,176
"1070","CESvalid2019.bb1",110,3,176
"1071","CESvalid2019.bb2",110,3,176
"1072","CESvalid2019.bb1",110,3,176
"1073","CESvalid2019.bb1",110,3,176
"1074","CESvalid2019.bb2",110,3,176
"1075","CESvalid2019.bb2",110,3,176
"1076","CESvalid2019.bb2",110,3,176
"1077","CESvalid2019.bb1",110,3,176
"1078","CESvalid2019.bb2",110,3,176
"1079","CESvalid2019.fb2",111,3,143
"1080","CESvalid2019.fb2",111,3,143
"1081","CESvalid2019.fb2",111,3,143
"1082","CESvalid2019.fb2",111,3,143
"1083","CESvalid2019.fb2",111,3,143
"1084","CESvalid2019.fb2",111,3,143
"1085","CESvalid2019.fb2",111,3,143
"1086","CESvalid2019.fb2",111,3,143
"1087","CESvalid2019.fb2",111,3,143
"1088","CESvalid2019.fb2",111,3,143
"1089","CESvalid2019.fb2",111,3,143
"1090","CESvalid2019.fb2",111,3,143
"1091","CESvalid2019.fb2",111,3,143
"1092","CESvalid2019.bf1",112,5,136
"1093","CESvalid2019.bf1",112,5,136
"1094","CESvalid2019.bf1",112,5,136
"1095","CESvalid2019.bf1",112,5,136
"1096","CESvalid2019.bf1",112,5,136
"1097","CESvalid2019.bf1",112,5,136
"1098","CESvalid2019.bf1",112,5,136
"1099",NA,113,2,171
"1100","CESvalid2019.bb1",114,4,135
"1101","CESvalid2019.bb2",114,4,135
"1102","CESvalid2019.bb2",114,4,135
"1103","CESvalid2019.bb1",114,4,135
"1104","CESvalid2019.bb2",114,4,135
"1105","CESvalid2019.bb2",114,4,135
"1106","CESvalid2019.bb1",114,4,135
"1107","CESvalid2019.bb1",114,4,135
"1108","CESvalid2019.bb2",114,4,135
"1109","CESvalid2019.bb2",114,4,135
"1110","CESvalid2019.fb2",115,3,166
"1111","CESvalid2019.fb2",115,3,166
"1112","CESvalid2019.fb2",115,3,166
"1113","CESvalid2019.fb2",115,3,166
"1114","CESvalid2019.fb2",115,3,166
"1115","CESvalid2019.bf1",116,1,150
"1116","CESvalid2019.bf1",116,1,150
"1117","CESvalid2019.bf1",116,1,150
"1118","CESvalid2019.bf1",116,1,150
"1119","CESvalid2019.bf1",116,1,150
"1120","CESvalid2019.bf1",116,1,150
"1121","CESvalid2019.bf1",116,1,150
"1122","CESvalid2019.bf1",116,1,150
"1123","CESvalid2019.bf1",116,1,150
"1124","CESvalid2019.bf1",116,1,150
"1125",NA,117,3,151
"1126","CESvalid2019.fb2",118,0,157
"1127","CESvalid2019.fb2",118,0,157
"1128","CESvalid2019.fb2",118,0,157
"1129","CESvalid2019.fb2",118,0,157
"1130","CESvalid2019.fb2",118,0,157
"1131","CESvalid2019.fb2",118,0,157
"1132","CESvalid2019.fb2",118,0,157
"1133","CESvalid2019.fb2",118,0,157
"1134","CESvalid2019.fb2",118,0,157
"1135","CESvalid2019.fb2",118,0,157
"1136","CESvalid2019.fb2",118,0,157
"1137","CESvalid2019.fb2",118,0,157
"1138","CESvalid2019.bf1",119,2,130
"1139","CESvalid2019.bf1",119,2,130
"1140","CESvalid2019.bf1",119,2,130
"1141","CESvalid2019.bf1",119,2,130
"1142","CESvalid2019.bf1",119,2,130
"1143","CESvalid2019.bf1",119,2,130
"1144","CESvalid2019.bf1",119,2,130
"1145","CESvalid2019.bf1",119,2,130
"1146","CESvalid2019.bf1",119,2,130
"1147","CESvalid2019.bf1",119,2,130
"1148","CESvalid2019.bf1",119,2,130
"1149","CESvalid2019.bf1",119,2,130
"1150","CESvalid2019.bf1",119,2,130
"1151","CESvalid2019.bf1",119,2,130
"1152","CESvalid2019.bf1",119,2,130
"1153","CESvalid2019.bb2",120,3,135
"1154","CESvalid2019.bb2",120,3,135
"1155","CESvalid2019.bb1",120,3,135
"1156","CESvalid2019.bb2",120,3,135
"1157","CESvalid2019.bb2",120,3,135
"1158","CESvalid2019.bb2",120,3,135
"1159","CESvalid2019.bb2",120,3,135
"1160","CESvalid2019.bb1",120,3,135
"1161","CESvalid2019.bb1",120,3,135
"1162","CESvalid2019.bb2",120,3,135
"1163","CESvalid2019.fb2",121,1,111
"1164","CESvalid2019.fb2",121,1,111
"1165","CESvalid2019.fb2",121,1,111
"1166","CESvalid2019.fb2",121,1,111
"1167","CESvalid2019.fb2",121,1,111
"1168","CESvalid2019.fb2",121,1,111
"1169","CESvalid2019.fb2",121,1,111
"1170","CESvalid2019.bf1",122,4,171
"1171","CESvalid2019.bf1",122,4,171
"1172","CESvalid2019.bf1",122,4,171
"1173","CESvalid2019.bf1",122,4,171
"1174","CESvalid2019.bf1",122,4,171
"1175","CESvalid2019.bf1",122,4,171
"1176","CESvalid2019.bf1",122,4,171
"1177","CESvalid2019.bf1",122,4,171
"1178","CESvalid2019.bf1",122,4,171
"1179","CESvalid2019.bf1",123,1,176
"1180","CESvalid2019.bf1",123,1,176
"1181","CESvalid2019.bf1",123,1,176
"1182","CESvalid2019.bf1",123,1,176
"1183","CESvalid2019.bf1",123,1,176
"1184","CESvalid2019.bf1",123,1,176
"1185","CESvalid2019.bf1",123,1,176
"1186","CESvalid2019.bf1",123,1,176
"1187","CESvalid2019.bf1",123,1,176
"1188","CESvalid2019.bf1",123,1,176
"1189","CESvalid2019.bf1",123,1,176
"1190","CESvalid2019.fb2",124,5,139
"1191","CESvalid2019.fb2",124,5,139
"1192","CESvalid2019.fb2",124,5,139
"1193","CESvalid2019.fb2",124,5,139
"1194","CESvalid2019.fb2",124,5,139
"1195","CESvalid2019.fb2",124,5,139
"1196","CESvalid2019.fb2",124,5,139
"1197","CESvalid2019.fb2",124,5,139
"1198","CESvalid2019.fb2",125,0,169
"1199","CESvalid2019.fb2",125,0,169
"1200",NA,126,1,151
"1201",NA,127,1,154
"1202","CESvalid2019.bb2",128,4,130
"1203","CESvalid2019.bb2",128,4,130
"1204","CESvalid2019.bb1",128,4,130
"1205","CESvalid2019.bb2",128,4,130
"1206","CESvalid2019.bb1",128,4,130
"1207","CESvalid2019.bb2",128,4,130
"1208","CESvalid2019.bb1",128,4,130
"1209","CESvalid2019.bb1",128,4,130
"1210","CESvalid2019.bb2",128,4,130
"1211","CESvalid2019.bb2",128,4,130
"1212","CESvalid2019.bb2",128,4,130
"1213","CESvalid2019.bb2",128,4,130
"1214","CESvalid2019.bb1",129,1,106
"1215","CESvalid2019.bb2",129,1,106
"1216","CESvalid2019.bb1",129,1,106
"1217","CESvalid2019.bb2",129,1,106
"1218","CESvalid2019.bb2",129,1,106
"1219","CESvalid2019.bb1",129,1,106
"1220","CESvalid2019.bb2",129,1,106
"1221","CESvalid2019.bb1",129,1,106
"1222","CESvalid2019.bb2",129,1,106
"1223","CESvalid2019.bb1",129,1,106
"1224","CESvalid2019.bb1",129,1,106
"1225",NA,130,2,153
"1226","CESvalid2019.bf1",131,3,122
"1227","CESvalid2019.bf1",131,3,122
"1228","CESvalid2019.bf1",131,3,122
"1229","CESvalid2019.bf1",131,3,122
"1230","CESvalid2019.fb2",132,3,164
"1231","CESvalid2019.fb2",132,3,164
"1232","CESvalid2019.fb2",132,3,164
"1233","CESvalid2019.fb2",132,3,164
"1234","CESvalid2019.fb2",132,3,164
"1235","CESvalid2019.fb2",132,3,164
"1236","CESvalid2019.fb2",132,3,164
"1237","CESvalid2019.fb2",132,3,164
"1238","CESvalid2019.fb2",132,3,164
"1239","CESvalid2019.fb2",132,3,164
"1240","CESvalid2019.fb2",132,3,164
